﻿﻿編號,﻿﻿後台景點編號,機關代碼,名稱,介紹內容,開放時間,郵遞區號,縣市,縣市別代碼,鄉鎮,地址,管理單位,電話,地理座標（緯度）,地理座標（經度）,停留時間,門票/收費,旅遊叮嚀,行車資訊,大眾運輸,停車資訊,官方網站,粉絲專頁,谷歌地點ID,服務設施,主題分類,認證分類,觀光局資訊標準格式分類
"1","1572","387300000H","第四市場","位於臺中市東區南京路上的歷史建築「第四市場」，市府引進民間資源及創意活化，於110年12月4日正式開幕營運，打造為兼具青年創業與文化蘊涵的景點，歷史建築第四市場外觀保有太子樓的屋頂，室內以白鐵桌椅、舊市場斑駁招牌、文青閱讀專區打造出兼容並蓄的空間，獨特的風格成為台中熱門打卡景點。該場所不定期舉辦歷史文化策展、漫畫及插畫主題性活動或在地青創市集，並結合漫插畫主題及在地農特產品進行商品販售與輕食餐飲服務，創造東區在地文化體驗及休閒娛樂兼具之場域，同時具備歷史建築保存活化與扶植青年創業之功能。其他服務（不定期辦理，活動公告於第四市場Facebook粉絲專頁）：市場小旅行、在地食材體驗、親子故事、主題圖書展等。","週一至週日 10:00～18:00週三休市國定假日開放時間另行公告","401","臺中市","66000","東區","南京路36號","","04-22151977","24.14067","120.69358","","","","","","","https://four-market.blogspot.com/","https://www.facebook.com/TaichungFourthMarket/","","停車場、公車站","休閒娛樂、主題街道、特色文化","","文化類"
"2","72","387300000H","臺中酒廠","台中酒廠的設置起源，可回溯至日治時期民營的「大正清酒株式會社台中工場」，大正５年(1916年)設於台中市南區，以生產清酒、米酒為主，是中部地區最大的酒廠。這座民營工場在大正11年酒類專賣制度實施後，由台灣總督府徵收改制為「台灣總督府專賣局台中酒工場」，而後因應產量增加需求，擴建其場區規模。二次世界大戰後，台中酒工場由國民政府接收，幾經交替，於民國46年(1957年)正式更名為「台灣省菸酒公賣局台中酒廠」。台中酒廠以研發黃酒及高濃度發酵米酒著名，因應民國５０年代市場對釀造酒的喜愛，除了原有的黃酒產線，亦積極研發新產品「花雕酒」，上市後引起風潮，並於民國７７年獲得「世界菸酒評鑑會金質獎」。 因應設備更新、環保要求與都市發展規劃，台中酒廠於民國87年遷至台中工業區。新廠區以整體規劃方式興建，融合傳統釀酒工藝與現代自動化控制技術，並導入標準作業程序，是全臺首家通過GMP認證的現代化酒廠，展現產業升級的典範。擁有清水磚牆、和式禮堂及木造大跨距廠房的「舊台中酒廠廠區」，則在民國91年由台中市政府指定為歷史建築，同年並納編為文化部文化資產園區預定地。 歷經遷廠與重新規劃，除了原本主打的蒸餾米酒與釀造黃酒外，台中酒廠也在民國88年，首度推出陳立夫先生提供由22種中藥材配方與高品質米糧合釀精製而成的「永康酒」，這款道地的中式養身酒，風味清香高雅，不僅適飲，更滋補有益健康，深獲消費者青睞。因我國加入WTO之後，菸酒專賣制度廢除，台灣省菸酒公賣局改制台灣菸酒公司，台中酒廠亦開始以消費者為導向，研發多元化產品。近年來，除了穩健生產最大宗的米酒，也致力於多樣化酒類新產品的開發，進行寡醣、果醋、紅麴等產品製作，不僅充分利用廠區、增加產能、提高設備利用率。文字資料來源：台中酒廠官網","9:00~17:00","407","臺中市","66000","西屯區","工業28路2號","","04-23501318","24.16484436","120.5990696","1-2小時","","","由五權西路交流道下高速公路，往台中工業區方向直行，見工業二十八路右轉，即可看到台中酒廠的指標。","","","https://event.ttl.com.tw/tc/","https://www.facebook.com/TaichungDistillerySalesCenter/?locale=zh_TW","ChIJf0GmxBU-aTQRvgiAHpgjyC0","展示館、販賣部","觀光工廠","","觀光工廠類"
"3","539","387300000H","阿聰師芋頭文化館","「阿聰師芋頭文化館」，提供芋頭酥DIY體驗活動，讓民眾親手體驗製作芋頭酥的樂趣，更設有糕餅文化館，讓民眾能夠了解芋頭、粉蔥與糕餅等文化，以及阿聰師品牌故事，打造出一個讓民眾寓教於樂的好地方。 園區設有阿聰師糕餅文化館、芋頭生態園區、3D立體彩繪牆(拍照區) 、DIY教室、阿聰師伴手禮專區與兒童閱讀區等六大主題區。遊客可自由參觀與預約手作體驗。經由導覽參觀可使遊客們了解阿聰師從業餘半世紀來所經歷的艱辛創業過程，以及如何推動大甲芋頭相關產業發展與大台中旅遊產業鏈結合的在地文化特色，是個非常適合家族同樂、員工旅遊、校外教學、情侶曬恩愛的最佳寓教於樂生活園區。園區備有大型停車場，讓你的愛車可以有寬敞的停放空間，讓遊客可安心自在地遊玩。糕餅文化館內有全世界最大顆的芋頭，有最完整的芋頭相關資訊:告訴你芋頭從哪裡來的、告訴你如何為芋頭防颱、告訴你如何削芋頭不手癢、告訴你如何吃芋頭防癌。還會告訴你中秋節除了烤肉外，你還可以有其他新選擇，玩博餅測運勢；聽聽不會做餅的糕餅祖師爺由來，看看年過半百的元老級擠花機，阿聰師的第一台電烤爐。芋頭知多少?生態園區可以讓你親手摸摸芋頭葉、如何辦識大甲芋頭—檳榔心芋、教你用一滴水分辨毒性堅強的姑婆芋、還會介紹豆豆龍專用最環保的雨傘給你認識、看看園區被粗心的油漆工染指的芋頭葉、沒事多喝水就會流淚的芋頭、好多有趣又好玩的芋頭，你意想不到的芋頭新知等你來發掘喔!戶外有全台最大的擀麵棍與彩色打蛋器，適合遊客拍照打卡。    DIY教室有寬敞明亮的無障礙空間，體驗手作芋頭酥的樂趣，從擀皮到捲皮；從壓製到包覆；從手忙腳亂到熟能生巧；四顆芋頭酥讓你從生手到熟手，只要30分鐘，絕對讓你回味無窮。    伴手禮區內有阿聰師自家研發生產的明星商品—小芋仔，阿聰師堅持來自自然，模仿自然。榮獲電視小零嘴封號—香貢貢芋頭條絕對讓你吃了會上癮，一口接一口，嘴巴停不了，還有奶油酥餅、芋頭酥餅、鳳梨酥、杏仁味十足的媽祖餅、甜酒釀芋頭豆腐乳、遊客必吃奶香芋香百分百—芋仔冰、芋香四溢的芋泥捲。30年穿越時空的清香，散播著幸福的回憶。90年代大型賣場出現，合味香進入關鍵轉型期，阿聰師以西式喜餅再出發，堅持創新製餅精神的阿聰師， 突破傳統禮餅觀念，創造了歐式風格【愛的宣言】塔式喜餅。阿聰師用各種瓜子作餡，象徵【多子多孫多福氣】，也用卡厚的餅做塔，表示感情堆積愈來愈高。民國87年，大甲芋頭生產過剩，愁眉苦臉的親友，經常送來許多檳榔心芋。阿聰師天天閉關精心研究， 如玫瑰花瓣般浪漫的芋頭酥，悄悄在大甲綻放著紫色芳香。不久經過傳媒大量報導後，『芋頭酥』開始聞名全台，阿聰師也締造了大甲芋頭產業的另一個春天。 阿聰師開心的說：「阮做夢也沒料想到，芋頭酥不僅救了大甲芋農，也幫助了自己的事業再創高峰。」阿聰師生長於大安，發跡於大甲，在大甲忙忙碌碌好幾十載，50餘年來不斷的持續研發大甲在地芋頭相關產品，近期時常懷念著媽媽的家鄉味，想起小時候媽媽在廚房裡，煮著菜脯蛋、蕃薯簽、芋頭米粉，炒菜、炒飯、炒麵、炒米粉時，就會趕緊跑去爸爸種的小菜園，摘幾根蔥、拔幾根蒜後，趕緊再跑回家，給媽媽｢欠香｣用，有媽媽的飯菜，好香、好好吃、好快樂！原來，少了一根蔥，就少了媽媽味！為了解相思，阿聰師精心鑽研出新的農特產品，把大甲在地的芋頭與大安在地的青蔥，結合在一起，讓它們迸出新的火花來，大甲芋、大安蔥，ㄆㄤ、ㄆㄤ、ㄆㄤ，香貢貢、貢貢香，創造出屬於家鄉味，也屬於媽媽味的全新農特產品-阿聰師貢貢香。嚴選大甲在地最上等的檳榔心芋，把新鮮的芋頭切成條狀，在不添加任何添加物下，進行高溫烘培，讓高溫把水分蒸發後，再使用進口健康的糯米麥芽黏上大安在地質地細嫩、 蔥白勻淨修長的青蔥，最後再灑上新鮮的白芝麻與胡椒調味而成，使產品吃起來非常順口涮嘴。玩累了館內有一隅兒童閱讀區，可以讓喜歡閱讀的小朋友靜靜看書，大人也可以安心休息片刻。阿聰師芋頭文化館秉持著一貫的初衷:自然與單純，沒有花俏的現代科技，只有一份最真的心，最誠的意，用實際行動灌溉著這片芋頭園區。開放時間：週一至週日，09:00-17:00館舍地址：臺中市大安區興安路168號聯絡電話：04-26713077 導覽解說：■有 □無 ■預約制(預約芋頭酥DIY，有附贈導覽解說)其他服務：■ DIY體驗：芋頭酥■ 文創小舖","週一至週日，09:00-17:00","439","臺中市","66000","大安區","福興里興安路168號","","04-26713077","24.34645","120.6022","1-2.5小時","","","","","","https://www.o-nongs.com.tw/","https://www.facebook.com/taromuseum/","","販賣部、停車場、公車站","觀光工廠","GTS國際標章","觀光工廠類"
"4","1636","387300000H","葵海休閒農場"," #親子旅遊  #焢窯  #休閒農場  #台中一日遊於農場內遊客可以自己動手完成鄉土焢窯，達成鄉村美食的體驗。另外焢窯完成等待時可以自己製作大甲芋頭酥、葵花粿，自己做自己吃；也可以進行農場自己設計的彩繪DIY活動:葵海冰箱貼、葵海鑰匙圈，可將活動的記憶帶回去，都是受歡迎的彩繪紀念品活動；另外還有小朋友最喜愛的踩泥巴活動，解放雙腳的束縛，踩在軟Q的泥巴裡，未曾體驗過的感受，並搭配農夫體驗課程，了解農夫耕耘的辛苦。以上圖文由臺中市政府農業局及農場協助提供。","9:00~16:00 (11:00 前需到達農場)","437","臺中市","66000","大甲區","西岐里如意路33巷50號","","918334967","24.4212058","120.6172919","4-5小時","","","北上：台61線135K下交流道(大甲/建興),直行走慢車道往前第三個路口,即可左轉進入葵海休閒農場南下：台61線130K下交流道(苑裡),直行走慢車道往前第五個路口,即可右轉進入葵海休閒農場","","","http://www.artisans.com.tw","https://www.facebook.com/artisans8888","","","花園農場","","休閒農業類"
"5","60","387300000H","臺中市港區藝術中心","臺中市港區藝術中心位於清水區，背山、面海，建於高低起伏的人工矮丘與平地之間，建築仿閩南風格設計，古樸典雅。是一處多功能複合式的藝術展演場所，總面積約3公頃，主要區分為展覽廳、演藝廳、美術家資料館、演講會議廳、戶外劇場休閒區、研習教室區和行政區等，設施功能完善。除提供人文藝術演出的舞台及民眾文化休閒的集散地，亦積極化邊陲地緣位置的先天不足，已成為全國藝術展演的核心與場所。臺中市地形東西狹長，地方文化資源分配不易，為使藝文推廣能達全面之效，自民國82年起興建臺中市港區藝術中心，並於89年3月正式營運。中心座落於文風鼎盛的清水區，東靠鰲峰山、西臨台中港、北傍大甲溪，建於高低起伏的人工矮丘與平地之間，以「院落空間」作為整體空間之詮釋，建築仿閩南合院風格設計，並帶有傳統書院格調，古樸典雅。展覽廳總面積約3,000平方公尺，以「尋藝」為展示空間之意涵。如家門大小一般的入口，營造出尋覓的氛圍，讓大眾在善用公共資源時，有如回家的感覺。主要有展覽室A（約1,800平方公尺）、展覽室B（約750平方公尺）、展覽室C（約280平方公尺）、中央畫廊、清水廳、掬月廳、二樓展示場及天井廣場展覽區，經常辦理繪畫、書法、攝影、雕塑、陶藝和文物等展覽活動。美術工坊包含四間研習教室，分別命名為「春雨工坊」、「夏荷工坊」、「秋月工坊」、「冬陽工坊」，搭配良好的視聽設備與機動式座椅，提供完善的學習環境，提供藝文研習班與假日親子研習活動使用。演藝廳佔地約1,800平方公尺，大廳上方狀如斗笠的白色薄膜式屋頂，是中心最具特色的指標建築。舞台為鏡框式設計，觀眾席共546席。附設有樂團排練室及舞蹈排練室各一間，是一個以音樂為主，戲劇舞蹈為輔的多功能中小型演藝場所。戶外劇場休閒區戶外劇場休閒區為一開放式表演空間，包括藝術廣場、清水廣場、迴旋廣場、圖騰廣場、瓜棚廣場和雅書廊等六個戶外廣場，適合地方戲曲、露天音樂會、假日文化廣場等戶外活動之表演。清風樓清風樓為一棟閩南式2層樓建築，為支持藝術創作者實現藝術夢想，擁有發展創作、推廣生活美學空間，自2013年起，將清風樓開放藝術工作者申請進駐。進駐期間，來訪民眾可近距離接觸藝術創作的過程。導覽解說：■有 □無 ■預約制 線上預約：https://tcsac.taichung.gov.tw/Service/Tour_Apply","展覽廳：週二至週日9：00～17：30（週一休館） 演藝廳：依節目時程開放 戶外廣場：每日5：00～22：00","436","臺中市","66000","清水區","忠貞路21號","","04-26274568","24.26945959","120.5576643","2-2.5小時","","1.請勿攜帶各種食物飲品、傘具、動物、危險易燃物品等進入。2.請衣著整潔，勿穿拖鞋、赤腳進入。3.入館後請輕聲細語，請勿高聲談笑、追逐嬉戲、飲食、吸菸、躺臥、使用行動電話、嚼食檳榔等不當行為。4.可拍攝展陳空間及館內合影留念，但為維護畫作與觀賞品質，拍照時請關閉閃光燈，若因教學、研究或報導有逐幅拍攝作品之需要，請事先申請攝影證。","1.請由國道三號沙鹿交流道下，往沙鹿清水方向，直行中清路循省道臺10線往清水行駛至下高架道路，遇忠貞路左轉，即可到達。2.請由省道臺61線(西濱快速道路)清水出口下，遇中清路或五權路轉往清水方向，至忠貞路右轉即可到達。","1.公車-搭乘111、123、128、303、304、306、306區公車，於清水國中站或港區藝術中心站下車。2.火車-搭乘經由海線火車至清水站下車，轉乘計程車約6分鐘可抵達。3.高鐵-請至臺中站下車，搭乘計程車約40分鐘可抵達。或於臺鐵新烏日站搭乘經由海線之火車至清水站下車，轉搭計程車約6分鐘可抵達。4.飛機-於臺中航空站搭乘計程車約15分鐘可抵達","車輛可免費停放於港區藝術中心停車場及園區周邊停車格。","https://tcsac.taichung.gov.tw/","https://www.facebook.com/tcsac.taichung/","ChIJl3YDipsUaTQRkAUn1vk8XfA","展示館、公共電話、停車場、公廁、公車站、無障礙廁所、無障礙坡道、無障礙電梯、無障礙停車位","藝術空間、教育資源、無障礙景點","","藝術類"
"6","928","387300000H","亞洲大學現代美術館","亞洲大學現代美術館建築主體由清水混凝土與帷幕牆構成，室內面積1,244坪，戶外場域6,000坪。依建築師安藤忠雄的設計，以正三角形為設計基本元素，將正三角形的平面分割成3個樓層，再錯落堆疊成不規則的無數個三角形。藉由錯落平移而產生的天井空間和戶外平台，將變身為雕刻台、露天咖啡座等不同機能的區域。因應地震帶的地理條件，顛覆一般直立式的柱子，美術館內的柱子全是「歪」的，由Ｖ形鋼架構造而成的空間及帷幕窗景因而也都呈現三角形。Ｖ形鋼架支撐突出的懸臂下部空間，則形成如騎樓般可庇蔭的空間，此處同時也是入口通道及面臨廣場前的休憩園地。在這個前衛具挑戰性的大膽建築中，外在低調靜謐而純粹，內在精準而沉靜，安藤忠雄致力讓人、藝術與大自然在此相遇、對話。導覽解說：■有 □無 ■預約制其他服務：■ 文創小舖 ■ 餐飲品牌","週二至週日 9:30 - 17:00，週一休館。( 如遇國定假日照常開放，除夕、年初一休館)","413","臺中市","66000","霧峰區","柳豐路500號","","04-23399981","24.0461479","120.6874019","1-3小時","全票：250 元，優待票：220 元，團體票：200 元；票價依各檔期特展為準，詳細資訊請參照官網。","","經國道一號中山高速公路從「南屯/中港/中清交流道」下，往台中市區方向，行經五權西路/中港路/大雅路，至五權路右轉，接五權南路後上中投公路，於9.5公里處下「丁台匝道」，第一個紅綠燈左轉，由丁台路右轉福新路往霧峰市區方向直行，遇柳豐路後右轉即可到達　	　經國道三號從「國道三號」「霧峰交流道」下，經「國道三號」引道接台三線省道後左轉林森路，至福新路左轉，遇柳豐路左轉即可到達；或接台三線省道後右轉往草屯方向，直行過四個紅綠燈口，遇柳豐路右轉即可到達經國道六號從「國道六號」往台中方向，接「國道三號」往北，從「霧峰交流道」下，經「國道三號」引道接台三線省道後左轉林森路，至福新路左轉，遇柳豐路左轉即可到達；或接台三線省道後右轉往草屯方向，直行過四個紅綠燈口，遇柳豐路右轉即可到達經中投公路從「丁台匝道」下，接丁台路連福新路往霧峰市區方向直行，遇柳豐路後右轉即可到達","公車從台灣桃園國際機場可搭乘1860路國光巴士、5503路飛狗巴士、1623路統聯巴士抵達台中火車站。若您從台中航空站（清泉崗機場）前往，則可搭乘9路及115路公車抵達台中火車站。從台中火車站搭乘台中客運100號公車，到終點站亞洲Modern下車。搭乘高鐵可於抵達高鐵台中站後，至14號月台轉搭統聯151副公車，到終點站霧峰亞洲大學門口下車。高鐵、轉公車從台灣桃園國際機場搭乘高鐵接駁巴士到達高鐵桃園站，可搭乘高鐵抵達高鐵台中站下車，轉搭統聯151副公車，到終點站霧峰亞洲大學門口下車。","本館收費停車場位於美術館左側和後方，提供來館參觀民眾使用。","https://asiamodern.asia.edu.tw/","https://www.facebook.com/ASIAMOMA/","ChIJc0ed-Bc7aTQRf8OBIqtfGXU","展示館、販賣部、停車場、公廁","藝術空間","","藝術類"
"7","820","387300000H","趙家窯","趙家窯，創立於 1988年3月，地址設於臺中市大雅區，主要產品為生活陶器。手繪荷花茶具是主要產品特色，並刻意用手繪陶與一般市場做特色區隔，其經營目標就是地方文化的深耕與傳承，並希望將所學推廣並落實於生活層面。從小生長在工藝世家的趙勝傑、趙勝湧和趙崇源三兄弟，由於祖父 (趙阿井)和父親(趙義雄)都是木器工匠，專職製作外銷日本的精緻木器，一身工夫了得，以致三兄弟求學時也選擇就讀美工科。他們在學校接觸到雕塑、攝影、陶瓷、繪畫、設計……等藝術及工藝領域，加上家族耳濡目染薰陶之下，為工藝創作打下相當扎實的基礎，也造就現今在創作上 「陶藝生活化」的特殊美感經驗。 老大趙勝傑畢業後，在老師推薦下進入集集添興窯當學徒。十五年前的添興窯正處新舊交替，開始轉作生活陶的時段，趙勝傑在窯廠的兩年間，學習柴燒、上釉等工廠實務經驗，最後回到故鄉-臺中市大雅區成 立「御陶坊」專業作陶，並以新世代行銷的觀念在百貨公司設立陶藝專賣店。由於是自己創作陶瓷，並且與消費者直接溝通的家族式陶藝公司 ，加上二弟趙勝湧與三弟趙崇源都相繼加入，所以改稱「趙家窯」。近年來設計一系列的新式茶具，透過百貨公司與陶器茶具分店的通路，頗受肯定。 趙家兄弟在臺中市立文化中心及嘉義梅林美術館舉辦過個展，創作主旨皆致力於將創作融入生活之中。這幾年經常從事茶具與餐具的創作，曾與「耕讀園」配合製作「賞荷華會」等活動 。趙勝傑近年來在陶瓷創意新商品的開發設計上多所著力，曾入選 2003、2004陶瓷產品年度評鑑的「日用陶瓷類」，於2003年的社造全國年會的「創意陶瓷館」也受邀展出。","","428","臺中市","66000","大雅區","員林村大林路66巷12號","","04-25662056","24.2324463","120.6441596","1-3小時","採預約制","","","","","https://www.facebook.com/DaYaZhaoJiaYao/","","ChIJicsq1uoWaTQR9QAZl-gze50","展示館、公廁、解說簡報","特色文化","","文化類、藝術類、遊憩類"
"8","32","387300000H","臺中市中山堂","臺中中山堂位於歷史悠久的中正公園旁，於1989（民國78）年4月1日正式啟用，佔地面積33,564.94平方公尺，建坪16,607.5平方公尺，有著呈現四分之一圓的優美弧型的建築外觀，為一座地下二層、地上三層的建築體。臺中中山堂內設有挑高寬闊的大廳，以及足夠容納1,581人進場觀賞演出的雙層觀眾席。中山堂的舞台、燈光及懸吊系統等設備，深具國際水準，為中部地區功能最完善的劇場之一，一向為國內外知名演藝團體在中部演出的首選之地。中山堂場地資訊容納人數： 一般席1557席（ 無障礙觀眾席12席、陪同席12席)聯絡電話：技術業務：04-22303100、場地外借：04-23727311分機311舞台規格：舞台總寬2290公分，舞台縱深1590公分，舞台鏡框寬1679公分、高999公分。圖文由本府文化局協助提供。 ","視演出活動而定，建議先至中山堂網站查閱節目資訊","404","臺中市","66000","北區","學士路98號","","04-22303100","24.1553","120.68276","1.5-2小時","","","由1號中山高速公路→中港交流道下→經台灣大道(往市區方向)→英才路左轉直走→到底至學士路口(中正公園)→右轉10公尺在左邊","(一)公車：臺中客運35； 仁友客運 25；統聯客運61；高鐵快捷公車 中山堂站(二)從臺中高鐵轉乘：可於高鐵臺中站搭乘往車站(經中國醫藥大學)方向之高鐵快捷公車，於「中山堂站」下車即到達。(三)各家公車網站：（1）全航客運股份有限公司www.chbus.com.tw/（2）仁友汽車客運公司www.rybus.com.tw/（3）臺中汽車客運公司www.tcbus.com.tw/（4）統聯汽車客運公司www.ubus.com.tw/","中山堂周邊停車場有中正公園地下停車場、中山堂南側平面停車場、五義平面停車場、中賓平面停車場、五順平面停車場、五權立體停車場。","https://hall.culture.taichung.gov.tw/","","","展示館、公共電話、停車場、公廁、公車站","藝術空間","","文化類、藝術類"
"9","940","387300000H","紙箱王 Carton King","A.主題園區用紙打造可以風吹雨淋的超大全球著名建築物，出國不一定要搭飛機，來到紙箱王就可以環遊世界，紙箱王夜晚打亮的世界建築讓你驚嘆世界之美。B.呆呆鐵路-紙箱環遊列車紙箱王熱門親子設施-紙箱小火車，搭乘仿真紙火車帶著你環遊世界，探索新奇的紙的王國，飽覽所有秘密景點，穿越箱菇小鎮、彷彿漫步雲端的么么步道，還有經過祈福站看天燈高掛空中，最後來到夢幻森林國度，經歷一場奇幻的火車之旅 。C. 鋼筋藝術打造童話世界紙箱王結合國內金屬工藝大師劉丁讚先生共同設計打造紙箱王裡鋼筋藝術的童話世界。 a.箱菇小鎮園區裡的可愛超級大香菇，站在旁邊就像化身成小小超級瑪莉，香菇變身魔法部屋，體驗一場冒險之旅，在這裡不只可以拍出網美照旁邊還有當地香菇小吃可以品嘗。b.么么步道用鋼筋藝術製作的么么天空步道，讓你一覽紙箱王風景之外，白色系列的造景還可以拍出漂亮又夢幻的照片，在這裡挑戰你的膽量，體驗漫步在空中的美好感受。c.特色溜滑梯用鋼筋藝術打造大小朋友最愛的溜滑梯，有兩層樓高的松鼠陪你溜滑梯挑戰你的膽量，還有可愛箱菇小鎮溜滑梯，讓你盡情玩耍。D.紙箱故事館逛完一圈紙箱故事館，你會發現這裡沒有紙辦不到的生活創意，你能發揮你的創意，這裡有多項特色DIY可以自己動手做，從動物、IQ Ball到紙做的文具、包包等，讓你發現紙藝文創的天馬行空E.呆呆機場-地標博物館在紙箱王體驗出國的樂趣，有行李輸送帶到飛機登機口，還有特色伴手禮讓你回味，觀看飛機準備起飛，體驗翱翔天際後還有世界地標博物館可以觀賞，讓旅人們可以輕鬆俯瞰全世界，帶給你滿滿的偽出國之旅。F.光陰故事館這裡有販售園區自製的精美相框，還有提供現場沖洗照片的服務，讓你重回沖洗照片時代的溫度，照片跟回憶不該只留在手機裡，在紙箱王留下美好的回憶後，沖洗照片後帶回家留給你簡單又美好感動。G .祈福站紙箱王充滿祝福的祈福站，這裡有許多天燈高掛在空中，搭上小火車從幸福搭到平安，祈求大家幸福又平安，這裡還有座快樂兒童區，有免費好玩的遊戲互動設施，任您暢玩一整天。H.紙箱王創意主題餐廳曾被舉為世界十大奇特餐廳之一，由紙打造的紙椅紙桌，以及現在用特殊紙材做成的紙火鍋，紙箱王主題餐廳將紙的屬性發揮到淋漓盡致。I .森林果汁吧熱帶風情為設計主題的酒吧，在秋天夜裡微風吹彿下成了許多人欣賞紙箱王之美的最佳場所，大自然的天籟也此起彼落譜出最美的樂章。J .無糖部落Miss Coffee 糸氏咖啡 糸+氏=紙，Miss有錯失。遺漏。想念的涵義紙箱王獨創結合紙藝的咖啡廳，運用光影、樹影與紙雕花影，築起這一片純白色系樹屋室內運用白色紙花磚佈置連桌椅也是紙做的，提供輕食、蛋糕及飲品等K.蜜蜂故事館這裡有健康的蜂蜜產品，在紙箱王的設計包裝下，蜜蜂故事館裡充滿各種以瓦楞紙建構而成的蜂巢型展架，在紙藝文化與傳統農產業的結合下，也別有一種味道。以上圖文由紙箱王協助提供。","全年無休| 園區營業時間: 平日09:00 ~ 19:00 | 假日(例假日) 09:00 ~ 21:00 (7點過後僅餐廳/糸氏咖啡/紙箱小火車 營業) *六點過後免費入園","406","臺中市","66000","北屯區","東山路二段二巷二號","","04-22398868#26","24.17784","120.73908","1-3小時","全票: NT.$200/人愛心票: NT.$100/人 65歲以上長者、持有身心障礙手冊者適用兒童票: 100公分以下兒童免費入園*身高100公分以上兒童需購買全票入園*門票含園區折抵券$50(餐廳、門市、DIY商品皆可使用)*紙箱小火車需現金支付不可折抵正確資訊請依紙箱王官方網站公告為主。","","※自行開車國道一號/由大雅交流道(往台中市的方向)走中清路►左轉文心路►東山路►約20分鐘抵達紙箱王在右邊國道一號 /由大雅交流道(往台中市的方向)左轉環中路►松竹路右轉►東山路左轉►約10分鐘抵達紙箱王在右邊國道三號 /下霧峰交流道(74快速道路)►往大里.太平方向►下東山路(22K松竹交流道)►右轉東山路►約15分鐘抵達紙箱王在右邊衛星定位導航座標：經度〈X〉120.73935371523596，緯度〈Y〉24.17864153726837 (本座標僅供參考, 實際出發前請再次確認)","※大眾交通台中客運15號、16號，大坑圓環站下車約一分鐘路程。仁友客運1號、20號、21號、31號，大坑圓環站下車約一分鐘路程。烏日高鐵站:可搭85號公車直達，大坑圓環站下車約一分鐘路程。請參照http://citybus.taichung.gov.tw/iTravel/","","https://www.cartonking.com.tw/","","","展示館、販賣部、停車場、公廁、網路","休閒娛樂、藝術空間、特色文化","","遊憩類"
"10","212","387300000H","沐心泉休閒農場","沐心泉腹地遼闊，總面積超過八公頃，置身在餐廳平台，放眼望去盡是滿山翠綠的原始林木，農場位於600至900公尺的高海拔山上，至高點上向南可望酒桶山，西可遠眺台中港，東看大雪山，而農場東側與大甲溪河床約有300多公尺的落差，其遼闊的景緻不亞於站在台北101俯看台北市，傍晚的景緻更是令人驚嘆，可俯瞰整片霓紅燈海的台中盆地；抬頭仰望滿天的星斗與明亮星鑽。農場位於層層山巒之上，清晨觀日出，看那第一道曙光的活力；黃昏看夕陽，看那滿天彩霞的柔媚，佇足在峰頂，時見山間雲海起伏，除了視覺的享受外，聽覺的激盪又是一番幸福，聽那溫婉的鳥鳴，尤其是那竹雞的叫聲更是可愛，還有大甲溪的潺潺流水聲，聽那大自然美妙的天籟之音，能洗滌心靈，讓人無限舒暢。為了不破壞山林的原有景緻，這裡不論是涼亭、步道甚或屋頂皆以原始樸素的基調去造做，以融入這片大自然的好環境。農場備有停車場，除了寬闊的平台外，更將原有2公里的農路修築成4米寬的平坦道路，道路兩側除了原有的嫩草鮮花與長年老木外，更植有櫻花、杜鵑、野百合、薰衣草、楓樹、金針花、油桐花......等，農場中有十幾座涼亭以及數座公廁，可提供旅客最舒適的遊園環境，農場中有長約1公里的步道，更可引領遊客進入另一段高潮，依著山勢的層疊起伏，不同的角度向下俯瞰餐廳皆呈現不同的舖陳和線條，總令人感到驚喜。農場設立的宗旨，除了分享美好的景色事物外，更希望能成為繁忙都市人心中的一片淨土，讓生活在鋼筋叢林中的都市人能遠離塵囂，放鬆心情、洗淨心靈的疲憊，特命名為”沐心泉”。文字出處：沐心泉休閒農場","開放時間：平日09：30-18：00、假日09：30-18：30(最後入園時間16：30)供餐時間：10：30-16：30(特別休假、及螢火蟲季相關營業時間會另行公告。)","426","臺中市","66000","新社區","中興街60號","","04-25931201","24.1495654","120.8475433","1-3小時","入園門票的售價200元(1人)。非花季或國定假日期間，門票可以全額折抵200元消費。花季以及國定假日期間，門票只折抵100元消費。","","國道一號由中清交流道下走松竹路，往大坑方向經東山樂園，過中興嶺再往新五村方向直走，見往中和村指標右轉，經一段山路，遇大三叉路口，右轉往中和村，直行經中和國小（在此之前可依薰衣草森林路標走）再往前行約5~7分鐘左右，看見沐心泉招牌依山路向上即可到達。國道一號（或國道三號）接國道四號走到底下豐原交流道，走台3號省道經石岡，往東勢方向，過東勢大橋後往右轉接台8號省道中橫公路往谷關路上，過龍安橋往新社方向一直直行，經過安妮公主花園再直行，到三叉路口左轉往中和村方向，行經中和國小（在此之前可依薰衣草森林路標走）再往前行約5~7分鐘左右，看見沐心泉招牌依山路向上即可到達。","","","http://0425931201.mmmtravel.com.tw/","https://www.facebook.com/springmountain0425931201","ChIJB9_h5AofaTQRMI3mxjiusEM","公廁、步道","花園農場","","休閒農業類、遊憩類"
"11","537","387300000H","臺中市大甲區中正紀念館","大甲中正紀念館是由企業家何永先生捐贈，於1981年10月31日落成，使大甲有了第一座表演場所，館內時常舉行各式活動及展覽，有戲劇、講座、音樂等多元文化活動，陪伴著許多大甲人一起成長，更是甲安埔地區唯一的藝文活動中心，是一座小而美且設備齊全的演藝場館，吸納大甲、大安、外埔的演藝人口，為本地區的藝術交流平台，並肩負區域文化推廣，藝術發展及地方文化推廣的使命。多年來在此舉辦的表演、展覽，陪伴著許多大甲人一起成長，也使大甲保持文風不墜。 要試探大甲的文化活動熱度，到中正紀念館瞧瞧就對了！導覽解說：□有 ■無 □預約制其他服務：■DIY體驗(依特展而定) ■場地租借圖片由臺中市大甲區公所協助提供。","週二、三、四、五、六，08:00-12:00，13:00-17:00(週一及國定假日休館)","437","臺中市","66000","大甲區","水源路190號","","04-26863294","24.3399107","120.6261981","0.5-1小時","","","由大甲火車站往左50公尺，順著鐵路旁道路直走遇到丁字路左轉水源路，約80公尺右方就是中正紀念館。","由台中搭豐原客運可到達。(站牌為文化中心下車)","","https://dajiaart.taichung.gov.tw/?fbclid=IwY2xjawKRXlBleHRuA2FlbQIxMABicmlkETBheG5HeWlkellod0lHVFlqAR6IiKCcbWzdC3pSqg_E_2dYnYOuVmUbr3kjn4KuUXyY43JcSedqtejt5ByIBA_aem_mdRhcOcdCSQ0_snSLQY2Wg","https://www.facebook.com/Dajiatravel","","展示館、公廁","藝術空間、地方展館","","文化類、藝術類"
"12","488","387300000H","豐原漆藝館","漆藝館是臺灣首座公立的漆藝展覽館，臺灣的漆藝發展可溯源至日治時代，當時臺中市內由於有大雪山及八仙山兩座林場，提供漆器工藝所需的材料，加上日人在中部地 區有計劃的培植漆藝業，因此造就不少漆工人才，地利加上人和，促使臺中市漆器業的蓬勃發展。民國50年代左右，由美國出資日本提供設備和技術，在豐原設立「米爾帕赫羅工廠」，專事生產介於木器及漆器間的沙拉碗，之後許多漆器人才自行到外開業，到民國六、七十年代，本地漆器店已達40多家，此時也是外銷日本的黃金時期，大部分漆器均由豐原地區輸出，豐原遂成為臺灣漆藝的重鎮。時至今日，隨著產業全球化與製造重心轉移，豐原漆藝也從量產走向精緻工藝轉型之路，持續傳承創新精神，因此漆藝館的設置代表的是漆藝創新與再生的火車頭，漆藝館設於風光優美的中正公園內，一樓為展示場和操作工作室，展出內容包括漆器工藝的史料和知名藝師的作品等。二樓主要為地方文化產業展覽室和研習教室，這也是館方為了支援傳承技藝教學研習活動的地方，所以漆藝館不僅是有靜態的展覽，更兼具教育、產業、文化、休閒等功能的知性空間。我們擁有多種簡單的DIY課程。有應用變塗技法磨製的種子項鍊和鳥笛以及利用蒔繪技法將樹葉葉脈紋路拓印在漆盤上，再依個人創意進行的簡易創作。開放時間：週二至週日，09:00-17:00館舍地址：臺中市豐原區水源路1-1號聯絡電話：04-25130177 導覽解說：■有 □無 ■預約制預約電話：04-25130177其他服務：■ DIY體驗：漆藝4吋漆盤、項鍊、鳥笛、             筷子DIY課程 圖文由臺中市產業故事館發展協會協助提供。","09:00~17:00(星期一及國定假日休館)","420","臺中市","66000","豐原區","水源路1-1號","","04-25130177","24.25509","120.74579","1-2.5小時","免費","","⊙國道4號→右轉豐勢路→左轉富陽路→左轉水源路50公尺直行⊙中正路→左轉圓環西路→圓環北路→圓環東路→水源路⊙中正路→過鐵路地下道→左轉豐陽路→接水源路直行","1.	搭乘火車至豐原火車站下→至豐中路(火車站前警察局旁)上搭乘12號公車→於水源地站下車→沿水源路繼續向前步行50公尺2.	搭乘火車至豐原火車站下→至豐原客運總站搭乘[222豐原－球場]或[223豐原－坪頂]公車→於中正公園站(或水源地站)下車→沿水源路向後步行50公尺 (沿水源路繼續向前步行50公尺)","1.	漆藝館後方停車場2.	鎮清宮停車場3.	中正公園停車場","","https://www.facebook.com/profile.php?id=100057241039144#","ChIJhX_wBDgaaTQRHLcvVq6PCQo","展示館、販賣部、停車場、公廁、步道、公車站、解說簡報、網路、無障礙廁所、無障礙坡道、無障礙電梯、無障礙停車位","地方展館、無障礙景點、樂齡專區","","文化類、藝術類"
"13","86","387300000H","佛光山惠中寺","傳統寺廟多隱於山林，追求幽靜清寧，而惠中寺則展現「大隱於市」的現代風貌，莊嚴座落於台中市第七期重劃區，成為都市中的心靈淨地。星雲大師來台之初，駐錫宜蘭雷音寺。1965年在高雄創辦壽山佛學院，1967年於高雄大樹鄉購地，開山奠基，佛光山於焉始創。1992年設立東海道場，服務臺中市的信眾，於1996年再設立「光明學苑」加強文教之發展。歷經十餘年佛光人齊心努力，台中信眾人數激增，空間不敷使用。經多方尋覓，終於在2004年8月，經大師、長老法師親自勘察位在惠中路的福爾摩沙餐廳，由佛光山宗務委員會決議定案，為台中信眾設立一綜合、多元的現代化佛教文教中心，並命名為佛光山惠中寺。 惠中寺挑高五層樓，總樓地板面積約有3000餘坪，內含無數大大小小的包箱，惠中寺秉持尊重既有建築精神，在大師的睿智引導下，選擇保留原建物格局，因此，惠中寺不同於傳統廟宇雕樑畫棟的肅穆，維持原餐廳外貌與格局，外觀是歐洲巴洛克式風格。住持覺居法師說：「餐廳竟然以象為裝飾，也真巧，在佛教裡，大象象徵大行，或許這地方原本就與佛有緣。」佛寺與餐廳原本也是不相涉的兩造，但令人訝異的是，餐廳空間只略作修整就成為悠然典雅的修行場所，有一位來寺參訪的南華大學建築系教授曾說：「這真是建築上令人驚訝的成功的轉換。」2007年，泰國朱拉隆功佛教大學比丘來寺參訪，步下遊覽車，與惠中寺劈頭一照面，大家立即睜大贊嘆的眼，眼底陡的發亮，參訪後座談，提問的第一個問題就是：「佛光山的寺院，都像這樣嗎？」 讓酒家變道場，從十丈軟紅塵開出一朵純白優雅的蓮花，不施「魔法」怎能辦得到？是謂「有佛法，就有辦法」。於是，包廂成了上課的教室和寮房，三樓的大宴會廳成了大雄寶殿，圓型的屋頂造就了極佳的迴聲效果，法會舉行期間，誦經聲音經過圓形屋頂的交會融合，更是悠揚悅耳，綿延不絕。 站在惠中寺前，你會看見中央幾扇玻璃大門總是敞開，等著與有緣大眾結緣。入門，便是兩道環繞而上的樓梯，是新人來拍婚紗照的最愛。屋頂是挑高的玻璃天井，每當太陽光撒落，閃爍的金光，猶如七寶琉璃世界。氣勢宏偉的中庭，蘊涵著人文氛圍的優雅與莊嚴。設於門口西單圓形空間的服務台，則專為來訪信眾服務。不妨現在就到惠中寺走走，惠中寺多元豐富的面相，肯定讓您有不一樣的新體驗！","","408","臺中市","66000","南屯區","惠中路三段65號","","04-22520375","24.1490886","120.6410113","1-2小時","","","一、中山高下台中沙鹿交流道中港路往台中方向行駛至惠中路右轉至大墩十一街路口，向左望邊即可見惠中寺。二、三高下五權西路交流道右轉五權西路見惠中路左轉過大墩十一街路口右邊即可見惠中寺。","台中客運27經國園道站、統聯客運81經國園道站、台中捷運公車51號搭乘免費接駁專車(往中國醫藥大學)，至科博館站下車，步行約5分鐘即達","停車優惠辦理：B1F服務台停車繳費機：B1F/5F/6F/8F/10F (4、5號電梯旁)汽車美容：5F購物結束後：請持發票及黃色停車代幣至B1F服務台辦理停車折抵。離場前務必持停車票幣至停車繳費機消磁後再取車， 消磁後僅有15分鐘的離場時間。","https://huichung.fgs.org.tw/","https://www.facebook.com/profile.php?id=100071385181751","ChIJKb6k23k9aTQRJzMbV8vIj8c","停車場、公廁","宗教寺廟","","廟宇類"
"14","206","387300000H","中社觀光花市","中市花卉之鄉的后里，一年四季都有美麗的花海風傾，沿著田野花間遊賞后里的人文風情、一覽后里花卉的浪漫情調。而位於后里知名的中社觀光花市是來后里賞花的好選擇，園區歐式庭院風格一年四季譜出豐富的色彩，更是許多婚紗業者的熱愛的場景選擇，迎著四月的到來，正是百合花盛開的時間，園區的『百合花』與『七彩花田』綻放光芒。除了常見的香水百合、黃金百合、姬百合之外，其中在姬百合系列中，有除了市面上常見的橘色與黃色的姬百合以外，中社觀光花市特別種植其他少見的姬百合:有白色、粉紅色、桃紅色、紅色等。百合花的多采多姿，加上七彩花田的繽紛色彩，春季的燦爛在中社觀光花市熱烈展現，也是不能錯過的遊程。","上午 8：00~下午 6：00週六週日烤肉區延長到下午 8:00","421","臺中市","66000","后里區","三豐路五段333號","","04-25576926","24.3342753","120.7302082","1-2小時","","","北上：	◎中山高「后里交流道」下，直行后科路三段，遇三豐路左轉約2公里即可到達。◎或中山高北上165公里處轉國道四號，往豐原方向遇三豐路出口下，左轉約7公里即可到達。 	南下：	中山高「三義交流道」下，往后里方向約7公里即可到達。","◎西部幹線「后里站」下車，再搭乘計程車至中社觀光花市。◎或「泰安站」下車，再往西步行約20分鐘即可到達。◎台北來賓可至國道聯營車站搭乘「豐原客運」『台北－豐原』路線，在中社觀光花市前下車。","","http://www.flowerjs.com.tw/","https://www.facebook.com/flowerjs333/?ref=embed_page","","步道、解說簡報、無障礙廁所、無障礙坡道、無障礙停車位","花園農場、無障礙景點、樂齡專區","","休閒農業類、遊憩類"
"15","684","387300000H","老虎城購物中心","TIGER CITY購物中心是一座位於台中市七期新市政重劃區的購物中心，由野美國際股份有限公司斥資35億元打造。館內空間設計由日本知名設計師倉持光男先生設計，規劃了近萬坪的營業空間，結合了休閒、娛樂、購物、餐飲的多元化功能，提供中部民眾有別於百貨公司的購物新體驗。","週一至週日11:00-22:00","407","臺中市","66000","西屯區","河南路三段120號","","04-36068888","24.1640826","120.6381276","1-3小時","","","路線一：國道一(中山高速公路)中港交流道往東方向下，沿臺灣大道外側遇河南路右轉直行約100公尺路線二：國道三號(龍井交流道)往東方向下，遇臺灣大道右轉直行、河南路路右轉直行約100公尺路線三：台74(中彰快速道路)往台中市方向在市政交流道/右轉市政路(文心路方向)，至河南路口左轉(往臺灣大道方向)前約200公尺至市政北六路回轉","高鐵台中站》搭乘高鐵快捷專車高鐵台中站─僑光科技大學於和欣朝馬轉運站下車高鐵台中站-東海大學-中科管理局於朝馬站下車往市區方向，沿途各站均可下車，但不可上客 往高鐵站方向，於高鐵站前之各站均可上客，但僅可於高鐵站下車高鐵下車處轉搭臺中客運69號至教師新村站下車，步行約10分鐘轉搭BRT前往》台中BRT：藍線 秋紅谷下車，步行約10分鐘即達。轉搭市公車前往》台中BRT：藍線A12秋紅谷：146、27台中客運：146、27統聯客運：73、75、77、83全航客運：5秋紅谷/教師新村站下車，步行約10分鐘即達。","","https://www.tigercity.com.tw/","","ChIJHb0ONPI9aTQRA8iSP_buIEI","販賣部、公共電話、停車場、公廁、公車站","百貨商圈","","其他"
"16","808","387300000H","台灣味噌釀造文化館","味榮食品｜台灣味噌釀造文化館｜味榮柑仔店 💟榮獲經濟部工業局 評核為 優良觀光工廠 也是唯一以味噌為主題的觀光工廠💟提供服務  ｜教育解說導覽  ｜職人手做DIY ｜節慶首選禮盒  ｜觀光旅遊 ｜戶外教學💟展康系列為輕食  無添加 子品牌系列 💟銀髮友善食品 ｜農村好物 販售店 🏭台灣專業味噌釀造工廠專營味噌 醬油 拌醬 等家庭調醬 可一次補齊家中廚房所需。推薦有機味噌、信州味噌、首選醬職人國產黑豆蔭油露、韓式味噌辣醬、有機赤味噌、黃金麥味噌、有機昆布味噌、萬用滷包、和風醬、麻辣醬、芝麻香椿拌醬、XO醬、海苔醬。👍推薦新品:即食味噌汁(葷/素)、味噌拉麵、味噌粉絲、焙煎胡麻和風醬。🎁輕鬆伴手:超過20種以上得獎伴手禮，任君選擇。 🚩簡介：關於味榮SAUCECO隱身於豐原小巷道內，味榮的醬香味美熟成超越70年，那種厚酣香醇的滋味隨著歷史細火慢燉，熬出臺灣有機味噌與有機黑豆醬油的第一品牌。創辦人許火烈先生於1945年創立中臺灣首家專業釀造生產工廠，以臺灣在地優良農作物製作味噌、紅糟與豆瓣醬產品。1976年許宗琳先生接任，導入黑豆醬油與蔬菜醃製罐頭的生產線。1999年第三代許立昇先生更將製程標準化，成功導入「食品安全」、「有機釀造」、「產業觀光」突破傳統產業框架並提升品牌價值。味榮為延續臺灣釀造文化精神，推廣在地特色文化工藝與農產品，成立全國第一座味噌釀造文化館。透過五感體驗手作活動，運用『移動博物館』概念與地方創生運作，持續讓區域振興繁榮。其建築物外觀採用環保綠建築概念建造，館內陳列百年古董級杉木桶、製麴木麴盒等，且介紹早期釀造食物源由、歷史與種類，有助於民眾認識味噌及多種釀造類食品，並為民眾提供更安全、豐富、健康的廚房醬料與文創伴手禮選擇。 📬地址：420台中市豐原區西勢路701號📞電話：0908630728（歡迎預約體驗）圖文由臺中市產業故事館發展協會協助提供。","週一至週日，09:00-17:00(最後入館時間16:00)","420","臺中市","66000","豐原區","西勢路701號","","908630728","24.23423","120.7006","1-2小時","","","中山高速公路168km處豐原/神岡交流道下，往豐原方向，直走至天橋下(右轉)，豐原大道直走，遇TOYOTA修配廠(右轉)，直走約200公尺第二個紅綠燈(左轉)，即可到達。","","","https://www.sauceco.com.tw/","","ChIJIbeg008XaTQRl7i4y4HuMhY","展示館、公廁、無障礙廁所、無障礙坡道、無障礙電梯","觀光工廠、地方展館、無障礙景點","GTS國際標章","文化類、觀光工廠類"
"17","802","387300000H","磨仔墩故事島","話說台中太平山區有座「小島」，這座島在頭汴坑溪的巧合分流之下，被切割成全台僅有的牛厄湖地形，因為形狀像石磨，當地人稱「磨仔墩」。也經地主刻意保護下，原有地形地貌才可以保存下來。幾年前島上來了位「馬哥」，這位很有理想性的馬哥，為了打造一座自然的快樂島而來，他捲起衣袖開始用他的雙手逐步建造出島的藍圖，用枯木製成露天桌椅，用溪邊的石頭砌步道，用廢棄的木料建欄杆，再舖上大遍的綠草地，雜草全不見了，景觀開闊了起來。保留原始的土角厝，增加巧思，搭建成一間二層樓的土角厝餐廳，園區放置了許多馬哥創作的桌椅，供大家休憩乘涼，更特別的是馬哥為孩子們打造了一座遊樂園，他說小島可以看見蝴蝶翩翩飛舞、鳥兒枝頭高歌，但還少了一樣最重要的東西，那就是--孩子們的笑聲，所以這座木造的兒童遊樂園裡有溜滑梯、盪鞦韆、獨木橋、沙堆、搖椅...等，讓孩子們喜歡這裡、愛上這裡，終於「磨仔墩」島在馬哥的用心建造之下，煥然一新，成了一座充滿生氣與笑聲的快樂島。 團體聚會與親子戶外樂園佔地一甲多的磨仔墩故事島有特殊的庭園造景、溪岸風光、有趣的活動、豐富的生態、熱騰騰的套餐、輕鬆的氛圍以及許多小朋友的夢想樂園-體能遊戲區、溜滑梯、盪鞦韆、沙堆、搖椅、山羊、大草皮，大人可以陪同幼兒一起玩，一個快樂的親子互動樂園，園區內安全又平坦，帶較大兒童前來玩耍，父母可以難得清閒，在一旁好好喝杯茶、聊聊天，欣賞島上風光。磨仔墩的理念『自然‧生態‧環保‧教育』馬哥一手設計，親自打造的磨仔墩，一草一木與整體建築都充滿了美感，並和諧地融入自然環境，身處其間，自然而然地釋放壓力，感受到一種與大自然貼近的美好。磨仔墩以自然工法，提供動物們最天然良好的棲息地，絕對不噴灑農藥，保持自然生態完整的生物鏈，營造動植物良好的棲地，島內的建設盡量就地取材，廢物利用，像是肉桂樹可以採鮮葉或曬乾泡茶，龍眼樹在收穫季時，入園民眾可現採龍眼新鮮品嚐，剩下來的就做龍眼乾，剪下的枯樹枝，則是遊客烤肉、焢窯的天然燃料，這一切的用心就是為了堅持自然、生態、環保的理念。因此，得到農會的認同，將『頭汴坑自然保育教育中心』設立在磨仔墩島。島上的活動傳統焢窯DIY、石板烤肉、島內導覽解說、生態影片觀賞、認識動植物、生態環境導覽解說、頭汴坑溪戲水、土角厝背景故事介紹、尋找蟻獅蹤跡、大草坪團康遊戲、遊戲區體能挑戰、台灣黑山羊餵食、素燒彩繪及石頭彩繪...等。★10人以上團體，可預約焢窯或石板烤肉。◆獨一無二磨仔墩自製的窯燒石板烤肉，下面是土窯上面放石板，以樹枝當柴火，烤肉時灰燼 少、受熱快且不易烤焦，不用等待很久就可以吃到香噴噴的烤肉，不但可以大塊朵頣一次嚐到十多種新鮮、特製的烤肉，還有親子一起烤肉的樂趣。◆體驗早期焢窯的樂趣，親子合力蓋土窯、包紅蛋、烤蕃薯、藥膳全雞、土肉桂豬腳，開窯就可以吃到香味四溢的土窯雞，一顆顆香噴噴的燙手蕃薯及紅土雞蛋，熱鬧又好玩，絕對是難得的體驗。◆親手做窯烤披薩◆春季為荔枝花季，寄生在荔枝樹上的蝴蝶蘭也在此時盛開。◆三~五月蝴蝶.蛾幼蟲就在你身邊.◆五~九月頭汴坑溪水清澈玩樂趣.◆六~七月獨角仙大軍進攻,蝴蝶蜻蜓滿天飛舞.◆六、七月份到此，可觀賞滿園紅咚咚的荔枝。◆八月份則有現採有機龍眼可品嘗。","週二至週日上午10:00~下午17:00；週一公休","411","臺中市","66000","太平區","長龍路二段242號","","04-22739387","24.1210059","120.7546599","2-4小時","大人 : 250元(150元消費折抵)小孩 : 200元(100元消費折抵)","1.收取一般入園費及2-9人套餐，配合園區流程(無專人帶團)。2.若是訂親子DIY或窯烤家庭餐，則有專人帶團(包括導覧、早上11:00帶遊戲，亦可參加下午2:00的體能遊戲)。3.團體入園請事先預約，10人以上可預訂石板烤肉，環保焢窯,窯烤披薩等套餐，10人以下可先預訂窯烤餐點或窯烤麵包。4.大自然的環境，難免會有蚊子，為了防止蚊子吸血繁殖，穿著短褲者不開放入園,敬請配合。5.禁帶外食，未遵守規定每人加收100元清潔費。6.園內的用餐區屬於開放式空間，備有電扇可供使用。7.園區球類提供時間為11:00~15:00，歡迎大家自備球具。8.需安全裝備設施及教練示範體能活動，免費開放時間:下午2:00~3:00，如自行攀爬所造成的傷害需自行負責。9.現場提供柴燒窯烤餐點：披薩、細麵大阪燒，請先至櫃檯點餐，採現點現做，製作過程約需30分鐘，請耐心等候10.下午茶提供限量窯烤吐司，牛角麵包、雞翅、酥皮熱狗捲，各式現點飲料，瓶裝飲料及冰品可供選擇。11.園區內有販賣防蚊液，如有需要可至櫃檯購買。12.小孩在遊戲區玩樂時，需有家長全程陪同，至頭汴坑溪戲水須先告知服務人員。13.為維護農場環境品質，當天訂位額滿時，將不在接受入園服務。","國道一號台中中港交流道 → 中港路(往市區) → 右轉五權路 → 左轉民權路→ 左轉復興路(不上轎)→ 連接樂業路 → 東平路(過一江橋)→ 長龍路(過龍寶橋) → 往前600公尺 → 右轉磨仔墩故事島台中中清交流道→ 中清路(往市區)→環中路左轉橋下至崇德路上74快速道路→太平中山路出口下→左轉中山路直走→左轉東平路(過一江橋)→ 長龍路(過龍寶橋) → 往前600公尺 → 右轉磨仔墩故事島國道三號霧峰交流道 → 轉台3線(經霧峰林森路、大里中興路大里橋前) → 右轉河防道路(沿著河岸直行到底) → 左轉光興路(一江橋頭) → 右轉長龍路直行(136線) → 龍寶橋　　→ 往前600公尺 →右轉 磨仔墩故事島霧峰糸統交流道 → 74快速道路 → 樂業路出口 → 樂業路右轉→ 東平路(過一江橋)→ 長龍路(過龍寶橋) → 往前600公尺 → 右轉磨仔墩故事島","","","http://mtd242.com/","","ChIJLbY0wPUiaTQRP453YA89qvA","停車場、公廁","戶外運動、生態之旅","","遊憩類"
"18","844","387300000H","寶熊漁樂碼頭","OKUMA創辦人從小熱愛釣魚並有希望總有一天讓『釣魚』成為國人主流的休閒活動，不惜斥資上億打造一座以「釣魚」為主題的樂園，同時結合故事館、商店街、美食餐廳，並提供遊客好拍的場景與遊樂區。2019年『寶熊漁樂碼頭』在台中市潭子區誕生！要帶著大家學習釣魚知識、認識釣具，將正確釣魚、海洋觀念傳遞給每位遊客，讓我們一同跟著北極熊BO守護這片美麗的海洋。異國風戶外廣場充滿濃厚海岸風情的廣場、搭上藍白色海洋風建築的廣場大門，被網友媲美為【台灣小希臘】，相當吸引遊客目光，也是打卡熱點巨無霸釣魚機世界唯一，把小時候釣魚遊戲機放大到直徑7米寬！除了好拍照、遊客還可以拿起釣竿來挑戰！釣魚機隨著音樂轉動，魚群跟著旋律浮出水面並且張嘴。以釣具起家的OKUMA，連遊樂設備也不馬虎，使用專業「海釣用鐵板竿」，可承受極大重量，鉤子使用日本「owners三叉鉤」，磨鈍後再加上保護套，貼心的防護措施讓長輩小孩都能安心玩(6歲以下兒童建議長大一點再挑戰)。1F碼頭商店街免費入場自由參觀！以美國漁村小鎮風格打造成的小店鋪，除了有OKUMA釣具直營店、釣具outlet外，還有韓國釜山烤魷魚、BO熊雞蛋糕、霜淇淋、爆米花….等點心鋪及各式療癒商品、紀念品小物可選購。丹堤咖啡中部最美丹堤咖啡，用餐空間舒適寬敞，充滿放鬆的環境，適合家庭團聚、姊妹下午茶、商務餐敘也適合，且品項豐富，有販售早午餐、輕食、套餐、咖啡、飲料、甜點…等。漁樂嘉年華-美式遊樂場美式主題遊樂場，台中也玩得到！超多台灣沒有的遊樂機台等你來挑戰，有：敲擊龍蝦霸、天才小釣手、王牌投手、Bingo Bingo、ㄎㄧㄤㄎㄧㄤ杯，有機會贏得超大娃娃!因別具特色的機台設備，也成了電視節目拍攝新熱點。禮品店提供寶熊漁樂碼頭專屬文創商品，與蒐羅來自台中的各式特色商品，圍繞著海洋為主題，並以文創、教育、送禮美食三大面向作為分支，從文具到台中名產伴手禮都能在這找到，超適合大小朋友一起參觀選購，若您來台中還在苦惱著要帶些什麼回去給親朋好友，那您就絕對不能錯過！OKUMA釣具旗艦店號稱釣魚人天堂，買的到專業的釣具、捲線器及人身裝備。2F釣魚故事館領聽展區導覽，了解釣魚活動和釣具小知識，還能乘上從美國空運來台灣的快艇，擔任海洋環境保護小尖兵！3D海洋劇場適合0到99歲共同觀賞的海底世界影片，利用3D視覺特效，所有熟悉的海洋生物都擦身而過，令人驚喜又刺激。虛擬釣場釣場的場景設計讓人有站在船隻甲板上釣魚的感覺，牆上的有投影螢幕可以看到魚在水面的情形，在室內體驗釣魚的虛擬釣場，挑戰無海水釣魚的樂趣！DIY教室置身於中世紀船艙造型教室，使用海綿輕沾墨汁做出專屬的魚拓明信片，寄給遠方的親友；另有彩繪熊撲滿、假餌與釣竿DIY，不論親子同遊、三五好友、三代同遊，都可以將美好的回憶帶回家。以上圖文由寶熊漁樂碼頭協助提供。","10:00-17:30 週二、週三休館( 國定連假、春節及寒暑假期間，週二、週三正常營業)","427","臺中市","66000","潭子區","中山路三段11號","","04-35013338","24.22024","120.70609","1.5-2小時","1F漁村商店街：免費參觀；2F釣魚故事館：購票入場，3 歲以下兒童免費；另有各種團體方案，歡迎來電洽詢。","","◎國道一號：1.豐原交流道往豐原(中正路)方向行駛，行經豐原大道口右轉直行，到中山路口(立體路口之平面道路)後再右轉，繼續直行中山路約兩公里即可抵達。2.大雅交流道往台中、潭子(環中路)方向行駛，至中山路口左轉後繼續直行約兩公里即可抵達。◎國道三號：霧峰交流道轉台74線快速道路行駛，至崇德路口下閘道後右轉崇德路直行，到雅潭路口右轉，到中山路口後再左轉，繼續直行約600公尺即可抵達。◎一般道路：本館位於台三線(中山路)，距離台中加工出口區300公尺，緊臨潭雅神綠園道起點，可由豐原(中山路)或台中(北屯路)直行即可抵達。","◎公車：台中火車站前搭乘台中客運100路公車、豐原火車站前搭豐原客運55路公車，潭秀里站下車。 ◎火車：潭子火車站下車，可步行約900公尺或轉乘55、100路公車至潭秀里站下車。","備有大型遊覽車與自小客車停車場。","http://www.okumacenter.com.tw/","","ChIJF2vqTGcXaTQRWs3nmvLdXvI","展示館、販賣部、停車場、公廁、公車站、解說簡報、網路","觀光工廠、教育資源","GTS國際標章","觀光工廠類"
"19","31","387300000H","中正公園","中正公園建於民國66年，佔地達7.4公頃，與臺中公園同為台中市兩大公園。園內栽種植物以榕樹、洋紫荊、仙丹化、黃金榕、六月雪、麒麟花、圓柏、石榴和矮性紅仙丹為主。園內設有大廣場供民眾晨昏運動，並有日夜間開放的游泳池，是民眾休閒活動、健身的好場所。","","404","臺中市","66000","北區","學士路100號","","04-22314031#325","24.15748","120.68251","1-1.5小時","","","從五權西路交流道下高速公路，直行至學士路左轉即是。","臺中客運31線、仁友客運29線可以抵達。","","","","ChIJS_FeDmQ9aTQRtAasFaeTrOw","公共電話、停車場、公廁、步道","公園綠地","","都會公園類"
"20","498","387300000H","臺中放送局","玩賞攻略◼️歷史建築◼️擁有最多扇窗戶的建築物臺灣放送會臺中支部 - 臺中放送局，於五月十一日正式啟用，位於臺中市新高町水源地公園。受日本臺灣總督府委任，期工作重點在於：增加聽眾、輔導傳播業者、製作與發行傳播節目，同時也在臺中放送局設立收音機相談所，教授收音機收訊機的維護技術。(資料來源：歷史建築台中放送局保存修復之調查研究及修復計畫)於2002年由臺中市政府文化局登錄為歷史建築的臺中放送局，擁有最多扇窗戶的建築物，共有94扇窗，因應不同機能性，設計出不一樣窗型的窗戶從日出到日落，看見不同色彩與情緒的臺中放送局，除了多扇窗的設計之外，外貌上，更是所謂『過度式樣』現代類型的建築，直接地述說它所成長的歷史背景風貌，更多放送局的故事與特色，等著您一一探掘。 BCC紋飾臺中放送局二樓的陽臺外側，有著7個白色的紋飾，這7個紋飾除了中間三個明確地寫著「ＢＣＣ」之外， 其餘4個紋飾則結合了臺中市市徽與中國廣播電臺的商標。	市徽介紹：臺中市現行使用的市徽圖案是以「中」字對稱，圓形表示團結一致，是相當簡要的設計。 這個市徽是日治時期大正十年（1921年）為配合臺中市役所辦公廳的落成使用，由當時的市役所（市政府） 公開徵求設計，並在2,099件參選圖稿中，經歷二次評選而產生，設計者是中村與松（時任職於臺北鐵道工務課）。  石燈籠聽說這座石燈籠最早被發現的地點是在臺中公園，後來因故搬遷到臺中放送局現在的位置上， 據推測應該是屬於當年臺中神社的。	石燈籠介紹：早期是有錢人建造後奉獻給神社，目前這個石燈籠的保存相當完整，刻有「大正7年6月18日創建」、 「昭和5年12月28日」……等字樣，但因為石燈籠的製造與設置的時間相距12年，且廢置的時間也已經不可考， 所以可說是一盞「謎樣」的石燈籠。 窗戶光是在臺中放送局一樓小小的150坪空間裡，就設置了68扇窗戶，而且臺中放送局不只是窗戶多，就連窗戶的樣式也很多，隨著太陽的東昇西落，臺中放送局的窗戶也映照出許多不同的風貌。推薦大家跟著陽光的足跡，和臺中放送局的窗戶合照，感受光與影的變化，這些窗戶與窗台也跟著放送局走了80年，希望大家也一同維護這重要的文化資產。開放時間：週二至週日，10:00-18:00館舍地址：臺中市北區電台街1號聯絡電話：04-22203108 導覽解說：■有 □無 ■預約制預約電話：04-22203108■ 餐飲品牌：青蛙墨西哥餐廳■ 其他：1935 Radio、《放送誌》","週二至週日10:00-18:00，每週一固定休館日","404","臺中市","66000","北區","電台街1 號","","04-22203108","24.14994","120.69066","0.5-1小時","","本園區採免費參觀，不需購票，園區內各展覽與系列活動，將酌收費用，依實際票價與活動公告為準。全園區內禁止吸菸、嚼食檳榔、隨地吐痰、施放鞭炮、煙火、聚賭、酗酒、亂丟垃圾及竊取水電之行為。未經申請許可，不得於全園區進行宣傳牌、廣告、傳單、宣傳品之發送及問卷調查，亦不得進行其他營利與私自募款行為。本園區禁止騎乘腳踏車、機車、電動機車或進行滑板、蛇板、滑板車等活動。本園區戶外空間可攜帶寵物，惟須繫牽繩，並請共同維護環境之清潔，隨手清理寵物排泄物，另，室內空間禁止攜入寵物(除導盲犬外)。放送局之窗戶及其窗台皆為歷史保存之文物，請勿乘坐，非工作人員操作，請勿自行拉動門窗。全園區(除放送局本棟建築外，另包含衛哨亭、防空洞)嚴禁攀爬、搖晃園區內植栽。請勿於館內進行奔跑、嬉鬧、大聲喧嘩。請勿放養生物、餵食、洗滌等影響生態池之行為，並敬請共同維護園區內草皮。未經申請，禁止於園區內使用閃光燈攝影、空拍攝影，商業攝影之相關申請，請參閱攝影申請須知。","中投快速公路（臺63線）：快速公路終點交流道，沿五權南路、五權路前進（約6公里）→ 育才北路右轉（約600公尺）→雙十路右轉（約50公尺）→ 電臺街左轉（約450公尺），臺中放送局就在右手邊。中山高速公路（國道1號）：中港交流道：沿臺中港路前進（約5公里）→五權路左轉（約1.2公里）→ 育才北路右轉（約600公尺）→雙十路右轉（約50公尺）→電臺街左轉， 臺中放送局就在右手邊。 大雅交流道：沿中清路、大雅路前進（約6公里）→ 五權路左轉→育才北路右轉（約600公尺）→雙十路右轉（約50公尺）→ 電臺街左轉（約450公尺），臺中放送局就在右手邊。","【搭乘高鐵】於「體育學院／臺中一中」站下車，步行距離約500公尺至臺中站，由6號出口，搭乘「高鐵臺中站—中國醫藥大學—臺中公園」線接駁車， 於「臺中一中站」下車，步行距離約500公尺。【搭乘公車】於「體育學院／臺中一中」站下車，步行距離約500公尺臺中客運〔臺中一中站〕：41路、163路。全航客運〔臺中一中站〕：65路。統聯客運〔臺中一中站〕：50路、56路、59路。阿羅哈客運〔臺中一中站〕：18路。","電台街因巷道狹小、停車空位較少，建議多多搭乘大眾運輸工具，請參閱交通資訊選單。","https://www.tchac.taichung.gov.tw/historybuilding?uid=34&pid=25","https://www.facebook.com/fangsungstudio/","","停車場、無障礙廁所、無障礙坡道","藝術空間、歷史古蹟、教育資源、地方展館、無障礙景點","","古蹟類"
"21","821","387300000H","木匠兄妹木工房","在木匠兄妹木工房，可以感受到一份夢想、一份使命，將傳統的夕陽產業注入新設計、新思維，為推展台灣在地工藝近盡份心力，更讓讓沒有年輕人願意投入的產業，開啟新的一頁。而來到這，除可參觀木作工廠外，也可以DIY手作木頭工藝品，安全開放的空間，適合親子在這敲敲打打，創造屬於自己的紀念品，而這裡還有片菜園、兒童遊樂設施，讓都市小孩能回到純樸農村玩耍，也讓孩子在玩樂中，了解家具製作和自然環境。 ","","421","臺中市","66000","后里區","舊圳路4-12號","","04-25590689","24.29106687","120.7211557","1-3小時","入園費：$150/位，園區內消費可折抵$100。【以下身分者，免費入園：設籍后里區居民、未滿7歲(含)以下兒童、年滿65歲(含)以上長者、已購買預約課程體驗者、當月壽星本人、身心障礙者及必要陪伴者1位，以上皆須出示相關證明佐證喔！】","","國道4號下豐原交流道→左轉三豐路(台13)→過后豐大橋約500公尺處左方左轉→沿指標前進即可","搭乘豐原客運(豐原火車站對面)往大甲方向>枋寮站下車>過馬路至對面舊圳路>步行約五分鐘到達","","http://www.carpenter.com.tw/","","ChIJsSIRwIQaaTQRJYGN4uy7ZwE","展示館、販賣部、停車場、公廁","教育資源","","文化類、藝術類、遊憩類、觀光工廠類"
"22","1650","387300000H","梧樂新創園區","園區店家資訊介紹91°N CAFÉ NATION走進被綠意點綴的大門，就好像是通往愜意的入口，飄來瞬間勾起味覺的咖啡香，融入植栽與自然光，打造出咖啡/輕食與閱讀的舒適空間！Blocks & Gacha 蛋幾勒親子玩具概念館蘊藏著無限的幻想和孩子的渴望品牌以「互動」、「創造」及「學習」為核心！希望藉由沉浸式的親子分享空間，發揮孩子無限創造力。讓孩子們從玩具中探索樂趣，培養勇於嘗試新鮮事物的好奇心 ，給孩子最棒的學習探索體驗！梧樂食光 · 創作料理滿足您對味蕾的挑剔發掘食材獨特韻味，感受「梧樂食光」帶來的創作料理，結合泰式與創意料理，賦予各式菜餚新的定義融入了西餐擺盤與烹調技法，口味道地卻又新穎在梧樂食光讓您品嘗最純粹的美味！棠棠種子盆栽手作教室典藏盆栽藝術の美種子盆栽創作  變化萬千一顆顆種子 從發芽到枝葉開展傳遞生命生生不息的希望運用您的巧手創作  一同與我們典藏手作盆栽藝術の美！消費金額依店家不同 / 親子戶外遊戲區FREE以上圖文資訊由梧樂新創園區協助提供。","08:30AM-20:30PM","435","臺中市","66000","梧棲區","梧棲區大仁路一段7號","法蘭德生技集團","04-26568361","24.2571305","120.5518607","","消費金額依店家不同 / 親子戶外遊戲區FREE","","","","","https://www.hiperland.com.tw/","https://www.facebook.com/profile.php?id=100088180425998","","販賣部、停車場、無障礙停車位","休閒娛樂","","遊憩類"
"23","54","387300000H","高美濕地_高美野生動物保護區","木棧道開放時間高美濕地潮汐預報高美濕地雖然面積不大，但是由於泥質及沙質灘地兼具，加上與河口沼澤地帶鑲嵌在一起，所以孕育了豐富又複雜的濕地生態，以及目前所知全臺灣最大族群的雲林莞草區，形成乾濕相間伴有植物生長的複雜地形，因為地形多變，生態種類亦相當複雜，主要種類為鳥類、魚類、蟹類及其他無脊椎類等生物；每年秋冬之際，都會有大批的候鳥前往作客，不管是短暫的休息，或是駐足過冬，都為高美濕地增添了不同的生態風貌，更成為賞鳥人士的新據點。高美自行車道是沿著清水大排、海堤至高美溼地，南起濱海橋、北至高美海堤防汛道路，全長3.3公里，車道旁緊鄰清水大排和高美溼地，除了可以鳥瞰整片高美溼地外，同時也是賞鳥、看夕陽的好地方，未來還可眺望西側海岸正在興建的風力發電機組，是個可以讓遊客旅遊休憩的好地方。高美濕地旅客服務中心：https://hocom.tw/web/Home/index?key=69442570高美濕地及周邊順遊景點推薦：  ","","436","臺中市","66000","清水區","大甲溪出海口高美濕地","","04-26111566","24.31195","120.54981","2-3小時","","","1.由台灣大道(中棲路)往梧棲方向 → 經過沙鹿(台灣大道7段) → 經過梧棲(台灣大道8段) → 西濱快速道路右轉 → 直行西濱快速道路 → 經過臨海路 → 經過鐵路平交道 → 第一個紅綠燈左轉 → 直行海口南路 → 在濱海橋前右轉 → 沿著高美路直行到底 → 抵達高美濕地入口2.由國道3號北上 → 在中港系統交流道接國道4號往清水方向 → 直行下匝道 → 直行臨海路 → 西濱快速道路右轉 → 經過鐵路平交道 → 第一個紅綠燈左轉 → 直行海口南路 → 在濱海橋前右轉 → 沿著高美路直行到底 → 抵達高美濕地入口","1.從台中火車站出發在巨業客運台中站(台中市中區建國路212號)搭乘 → 在清水站換車 → 轉搭往高美路(178班次) / 三美路(179班次)的公車 → 公車會在高西示範托兒所前面下車 → 繼續往前走50公尺，即抵達高美濕地入口2.從台中市區出發在台灣大道各公車站牌搭乘巨業客運 → 在清水站換車 → 轉搭往高美路(178班次) / 三美路(179班次)的公車 → 公車會在高西示範托兒所前面下車 → 繼續往前走50公尺，即抵達高美濕地入口","","","","ChIJvT5yFSYTaTQRdlamuLSItpM","遊客中心、停車場、公廁、觀景台、步道、公車站","休閒娛樂、生態之旅、教育資源","","生態類、自然風景區類、遊憩類"
"24","830","387300000H","大庄浩天宮","大庄浩天宮佔地約八百坪，外觀莊嚴巍峨，典雅古樸，內藏許多近代名人或文人雅士的書法作品雕刻於石壁堵之上。現今的浩天宮建築，大抵保存著「下石上木」的傳統結構，建築上的裝飾藝術手法大致皆採用雕、砌、塑、繪等技巧。現存於三川殿的龍柱、石獅及龍虎豬，不僅取材優美，雕工甚佳。由於歷史悠久、建築極具特色，近年的知名電影「陣頭」、地理雜誌系列節目之一「在台灣的故事」皆在此取景拍攝。浩天宮於每年的春節、農民節、中元節、中秋節等重要節慶都會舉辨大型活動，觀迎民眾共襄盛舉。 ","","435","臺中市","66000","梧棲區","中央路一段788號","","04-26565949","24.2460753","120.5397525","0.5-1小時","","","國道1號下中港交流道往龍井方向→中港路→中棲路→中棲路一段248巷(可看見牌樓)左轉即可到達。國道3號下沙鹿交流道往梧棲方向→明德路(台10線)→中棲路→中棲路一段248巷(可看見牌樓)左轉即可到達。","可搭乘巨業客運於沙鹿至梧棲中途大庄站下車，即可到達。","","http://www.haotian.org.tw/","https://www.facebook.com/haotiengong/?locale=zh_TW","ChIJB_45m9oUaTQRYGW-QwxnknA","","宗教寺廟","","廟宇類"
"25","45","387300000H","國立自然科學博物館921地震教育園區","1999年9月21日凌晨1點47分，台灣發生規模7.3的大地震，這個台灣百年來最大的地震，造成慘重的災情。在921地震發生後，霧峰區的光復國中，因車籠埔斷層的通過，東半部操場有2公尺半的隆起，校舍多棟嚴重損毀、坍塌，震後地貌與建物現狀特性極為明顯，由地質學者專家前往震央地帶勘查後，建議將光復國中斷層隆起災區現址規劃改建為「地震紀念博物館」，以保存地震原址，紀錄地震史實，做為民眾及學校有關地震教育的活教材。 「國立自然科學博物館921地震教育園區」自2004年9月21日開始對外開放，主要展館為「車籠埔斷層保存館」和「921影像館」，另有一處由游泳池改建而成的「921親水池」。斷層保存館極富教育意義，藉由各項模型解說地震生成的原因，及整個地層錯動的模式，透由一些互動式儀器的操作，更加生動的認識「地震」，921地震斷層在光復國中地表錯動明顯，車籠埔斷層最大抬升量9.8公尺，為世界上罕見的地質奇觀。影像館內，完整保留了921當時所記錄的一切圖像及影音資料，亦提供一些珍貴史料，讓人們了解在台灣曾發生過的地震歷史，從歷史去看大自然的變動，或從災變照片中的驚恐表情，由衷去體切人們面對地震時的無助，讓人省察人類的渺小及生命的脆弱。所幸，面對災難及無情變故，也讓人看見人性可貴之處，照片上，救難人員悲憫堅定的雙眼，讓人感恩台灣有情，走一越影像館，對921地震的認知，除了外在的震憾，更能撼動到內心深處。在走出影像館前，特別集結獲得遠東建築獎「九二一校園重建特別獎」學校的模型及圖文介紹，美麗簇新的校舍，讓人感受新生的力量如此強烈，歷史正寫著新的美好一頁。離開前，過往悲痛的記憶，就留在這館裡毋需帶走，只記得浴火重生的堅強，感受生命的韌度，相信就不虛此行囉！","週二至週日09:00-17:00，每週一休館","413","臺中市","66000","霧峰區","坑口里新生路192號","","04-23390906","24.0429001","120.7002195","2-3小時","","","高速公路方向來車：	行駛國道 3號(福爾摩沙高速公路)：直接由國道 3號211霧峰交流道下，閘道靠右順行至盡頭紅綠燈，右轉後直行(中正路；省道台3線)往草屯方向，循指標至本園區。行駛國道 1號(中山高速公路)：　　南下---北部來車，最晚於192彰化系統交流道接國道 3號南下(往南投方向)下211霧峰交流道。　　北上---南部來車，建議於埔鹽系統交流道207轉台76線快速公路，東行(往員林)　　　　　經八卦山隧道至32中興系統(隧道出口靠左線)，接國道 3號北上(往草屯方向)下211霧峰交流道。 　　　　　　　　　　　　　　　　　　　　　　　　　　　　　　　　‧快速公路：	1. 行駛中投公路(台63線)，於中投交流道出口下，依循指標轉接至國道 3號南下，(往南投方向)下211霧峰交流道。2. 行駛中彰快速公路(台74線)，於快官系統交流道接國道 3號南下，(往南投方向)下211霧峰交流道。3. 行駛臺中生活圈四號-大里連絡道(台74線)，於國道 3號霧峰交流道時請依循指標接省道台3線至霧峰(無須上國道3號)。","搭鐵、公路至臺中，可利用公車直達本園區 ：1. 統聯臺中市公車 50路 (新民高中 - 921地震教育園區) 直達園區聯外停車場。2. 統聯臺中市公車 59路 (新民高中 - 舊正) 光復新村站下車。3. 臺中客運 100路 (豐原 - 亞洲大學) 、107路 (黎明新村 - 舊正)、6871、6873路 光復新村站下車。4. 豐原 / 彰化客運聯營6876、6877、6878路 光復新村站下車。5. 統聯臺中市公車151路副線 (新市政中心 - 亞洲大學) 於光復新村站下車。6. 統聯臺中市公車151路 (新市政中心 - 兒童藝術館) 於省議會下車，再轉搭50、100路等市公車。　 **搭公車於 光復新村 / 坑口(921地震園區)站下車，從新生路步行約10~15分 即可抵達本園區。","","https://www.nmns.edu.tw/park_921/","https://www.facebook.com/921emtFANS","ChIJQ8Xcu8Y6aTQRYubV_bNiLXM","遊客中心、展示館、販賣部、公共電話、停車場、公廁、公車站、解說簡報、網路、導盲磚、無障礙廁所、無障礙坡道、無障礙電梯、無障礙停車位","教育資源、無障礙景點","","遊憩類、其他"
"26","534","387300000H","張連昌薩克斯風博物館","玩賞攻略◼️薩克斯風收藏◼️參觀工廠專業製程與精密技術 館內展出張連昌先生的歷史文物，並提供文化導覽，紀錄台灣薩克斯風故事與訴說張連昌先生精神，並珍藏發明人阿道夫．薩克斯先生所打造，距今163年歷史的薩克斯風。    2010年榮獲經濟部評選「優良觀光工廠」。開放參觀工廠專業製程與精密技術，吸引眾多國內外人士、團體參觀，並定期舉辦薩克斯風大師講座、專業樂團樂手演奏會，展演宣講及學術研討發表會。 「張連昌薩克斯風」將這六十五年的事業朝百年企業的願景前進，不斷的成長與發展，成為永續經營的企業，為社會發展貢獻一己之力。家庭成長背景張連昌先生，西元1913年12月10日生，家中排行第五，出身務農的家庭，世居后里墩西村。21歲與胡屘女士結婚，婚後育有2子4女，以繪圖為業，為逃避日本軍伕之徵召，流浪外鄉以演奏為業。台灣光復後，32歲投入樂器製作，35歲製出作全台灣第一支薩克斯風，開啟台灣薩克斯風故鄉的傳奇。連昌先生卒於西元 1986年1月，享年73歲。學畫之路、美感淬煉張連昌先生從小對藝術展露極高興趣與天份，不受當時男丁需務農之禮俗束縛而熱衷繪畫。13歲遂跟隨住於大甲的中國大陸唐山師傅專研工筆畫與裱褙。爾後赴台北接受嚴謹的繪畫訓練，回鄉後並以此為業。這些歷練讓連昌先生的美學有著更 深的感官淬練與積累，亦培養出專注與堅持的毅力。悠遊音樂，沉浸音符魅力世界年輕時的張連昌先生擅長舞文弄墨，愛好音樂。他跟著人稱「黑印度」，真名已不復記憶的鄉人學習吹奏小喇叭和薩克斯風，從此醉心樂器演奏。西元1945年連昌先生與地方上一群喜好音樂的當地士紳組成Jazz Band輕音樂團。團員們都具深厚的樂理基礎和嫻熟的演奏技巧，南北演出造成轟動，名傳四方。爾後，連昌先生在製作樂器之餘也教導工廠裡的學徒吹奏樂器，部分學徒轉向張基盤先生研習專業演奏。隨著電視台開播，電視台的樂團樂師大多來自后里，「后里出樂師」口碑也不逕而傳！ ","每日09:00-17:00，採預約制，請於前天15:00前完成電話預約或線上預約。","421","臺中市","66000","后里區","公安路330-1 號","","04-25578989","24.31239","120.69458","1-3小時","請參閱官網，有各式套票內含導覽介紹及體驗可選購。導覽時段：11:00 | 13:30 | 15:00。","","國道一號：南下北上皆由后里交流道下(距本館500公尺內)，走眉山路(單向道)，公安路右轉，即可到達本館。國道四號：由往豐原出口下，左轉后豐大橋接台13線(三豐路)往后里方向，直行約3公里公安路左轉，直行約3公里，即可到達本館。國道三號：南下北上皆由外埔交流道下，往后里方向接甲后路，行駛約5~6公里，眉山路右轉直行約100公尺，公安路右轉，即可到達本館。","至豐原火車站前方搭乘豐原客運(往大甲車班)，松鶴酒莊(或后里國中)下車，步行約五分鐘即可到達本館。","","http://www.sax.org.tw/","","","展示館、停車場、公廁、無障礙廁所、無障礙坡道","觀光工廠、無障礙景點","","文化類、觀光工廠類"
"27","526","387300000H","后里薩克斯風玩家館","萬麗福樂器技術總監：張萬福先生，師承張三、張來、張坤、張阿欉、張峯雄等五位叔伯，五十五年以上製造經驗，一路求師的艱辛過程，奠定了紮實的製造基礎及對樂器的敏銳度，薩克斯風工廠開業以來，所製樂器榮獲多項大獎及國際品牌肯定，力邀合作，為台灣國寶級職人之一。2005年張萬福先生及其夫人林鎂雲女士創立台灣薩克斯風品牌：WONGFUL，並設立后里薩克斯風玩家館，成為台灣第一家薩克斯風專賣店，深耕台灣，希望全心精研的樂器能在家鄉發揚光大。后里薩克斯風玩家館現有台中后里總店及台北分店。后里店除了自有品牌WONGFUL 薩克斯風，也有進口品牌薩克斯風及薩克斯風相關配件供玩家選擇，提供更多吹奏樂趣。台北分店提供樂器及配件，每月固定維修保養日也讓北部地區的消費者能享有更快捷便利的售後服務。以上圖文資訊由后里薩克斯風玩家館提供，版權歸后里薩克斯風玩家館所有。","10:00 - 17:30","421","臺中市","66000","后里區","大圳路473-2號","","04-25571919","24.30831","120.70985","1-2小時","","","＊北上：國道一號后里收費站過後→后里交流道出口→后里市區接甲后路→大圳路時右轉至民生路口即達。＊南下：國道一號月眉收費站出口往后里市區→接甲后路→大圳路時右轉至民生路口即達。＊國道一號接國道四號往豐原方向→三豐路出口下往后里方向→過后豐大橋→三豐路（台十三縣）→甲后路左轉→大圳路左轉接民生路轉角即達","","附有停車場","http://www.saxplayhouse.com.tw/","https://www.facebook.com/saxplayhouse","ChIJ3Q1E3TMRaTQR4W50hfW1AVo","展示館、販賣部、停車場、公廁、解說簡報、網路、無障礙廁所、無障礙停車位","地方展館、無障礙景點","","文化類、藝術類、觀光工廠類"
"28","944","387300000H","第四信用合作社","繼「宮原眼科」後，以製作糕餅出名的日出集團，再次打造台中老建築新亮點——第四信用合作社。這是一棟落成於民國55年的建築，新改造的第四信用合作社沿用原有名稱，整體建築刻意保留舊有的鋼筋水泥外貌，露出建築結構與橫樑，創造出古今交錯的美感。內部裝潢上則是採復古風格，如壁上掛著過去合作社員工的照片、騎樓的磨石子地板、二樓吧檯櫃檯底下的瓦片、金庫造型的大門等，營造出當時合作社的氛圍。 第四信用合作社的騎樓販售豐仁冰與各式水果挫冰，利用手搖式的古早味剉冰機，設計成水果冰磚，再以果凍、海藻糖點綴，不僅可口又賞心悅目。一樓內部販售多種口味冰淇淋，冰淇淋以經典老歌命名，別具特色。用餐區的空間設計上，合作社將金黃色的燈飾懸吊於未經修飾的天花板下，製造出一種昏暗卻又巧妙的違和感。二樓則是販賣各式冷飲、滷味、點心等等。 ","週一至週日：10:00~21:00","400","臺中市","66000","中區","中山路72號","","04-22271966","24.1389613","120.6819864","1-2小時","","假日人潮多，建議平日前往。","台中交流道下→台灣大道二段見道自由路二段右轉→中山路。","搭乘火車或客運（統聯、國光）至台中火車站→步行至站前廣場→過馬路至對面中山路→沿中山路直走約兩百公尺即抵達。","市區停車格。","https://www.facebook.com/tc4cbank/","","ChIJaenMdRM9aTQRGt9LwGCrXk0","販賣部","休閒娛樂、特色文化","","文化類"
"29","973","387300000H","IKEA 宜家家居 台中店","關於 IKEA 台中店IKEA 台中店位於南屯區向上路與惠文路口，台中文心森林公園斜對面， 是一棟地上四層、地下兩層的的獨棟建築設計，為目前全台最大的 IKEA，賣場面積超過 11,000 坪。3 樓家飾部佔地超過 2,300 坪，展示了種類繁多的各種家飾品，可搭配不同風格的家具，提供多樣化的居家佈置解決方案，能夠營造更美好的居家空間。全台第一座斯莫蘭魔法森林(SMÅ LAND)大人小孩都盡興 台中店的兒童遊戲區引進瑞典的斯莫蘭魔法森林(SMÅ LAND)設計，有可以玩躲迷藏的大木屐， 還有代表越橘和藍莓的超大球池。讓小朋友們可以盡情的跳躍、攀爬、奔跑和玩球，玩累了， 也可以在巨大的雲杉樹下休息、觀賞電影、看書。(本文選自宜家家居 官網)","週一至週日：10:00-22:00","408","臺中市","66000","南屯區","向上路二段168號","","02-4128869","24.147041","120.6429056","1.5-2小時","","","開車前往: 請從「惠文路」進入停車場。機車前往: 請由「大觀路」進入機車停車場","公車前往:搭乘全航客運 5 號公車，以及豐榮客運 89 號公車：請在向上惠文路口站下車後即達 IKEA；搭乘統聯客運 53 號、73 號與 85 號公車: 請在文心森林公園站下車後，往向上路方向步行約 5 分鐘；搭乘台中客運 27 號、72號與 107 號公車，以及統聯客運 81 號公車：請在公益惠文路口站下車後，往惠文路方向步行 8 分鐘","店內免費汽車停車位位於 1 樓及地下 1、2 樓(近 500 個)店內免費機車停車位位於 1 樓(近 600 個)或可停在附近廣兼停 95 停車場或是文心公園停車場，或是大墩國中停車場。","https://www.ikea.com.tw/zh/store/tai-chung/index","","ChIJsdW1Y789aTQRV4PXfiiqtnI","販賣部、停車場、公廁、公車站、網路、無障礙廁所、無障礙停車位","百貨商圈","","其他"
"30","929","387300000H","新社商圈","新社擁有著令人稱羨的自然條件與舒適怡人的氣候，獨特的河階地形造就出多元的地理景觀與生態物種，純淨的流水帶來了豐沛的物產與觀光資源。有一群敢於作夢的人，在這裡默默的耕耘，憑著最初的堅持與執著，為新社「紫色故鄉」注入了靈魂與生命力，這些經營者透過他們在建築、庭園、氛圍的營造巧思，傳達出他們對生活的態度與人生哲學，將獨特的價值觀融合在經營理念並實質呈現在產品、食材上，便產生了自成一格的店家形象與成就了新社「紫色故鄉」品牌內涵與價值。  每逢假日及花海期間，遊人絡繹不絕湧入，並串連帶動東勢商圈、谷關商圈山城旅遊，帶來龐大商機。101年起透過商圈競爭力提升，積極參與國際展覽，實質提升國際知名度，朝向商圈國際化目標邁進，成為商圈輔導成功亮點。  彩虹七路線咖啡線 --- 香菇紅　線 --- 人文、歷史粉紅線 --- 春天桃花紫　線 --- 浪漫黃　線 --- 花海藍　線 --- 天空夜景綠　線 --- 生態慢活","各店家營業時間皆不同","426","臺中市","66000","新社區","中興嶺停車場","","04-25821058","24.20432","120.79618","1-2小時","","花季期間人潮眾多，建議搭乘大眾運輸前往。","1. 台中東山路→大坑→中興嶺→新社。2. 中山高速公路→國道四號→石岡→新社。3. 卓蘭→東勢→東豐大橋→土牛→新社。4. 卓蘭→東勢→和平→龍安橋→中和村→新社。","搭客運或火車到台中、豐原或東勢，轉搭【豐原客運】公車，抵新社市區。","商圈各店家皆有停車位。","http://shinshe.org.tw/index.html","https://www.facebook.com/TaichungShinshe/","","展示館、停車場、公廁、公車站、網路","百貨商圈、休閒娛樂","","小吃/特產類、自然風景區類"
"31","803","387300000H","鞋寶觀光工廠","曾經，台灣擁有數千家鞋廠，數萬名鞋業從業人員，製鞋師傅手中的一針一線，編織了台灣製鞋王國最絢麗的榮耀，因應勞動成本與國際化發展趨勢，台灣鞋業轉向全球化發展，鞋技中心成立初期的使命，在於協助台灣鞋業轉型升級，朝向科技研發與創意加值的方向，提升台灣在世界舞台的決勝實力。 多年來，鞋技中心專注於鞋業的耕耘，從鞋品的技術出發，轉而帶入「人性化」的關懷與思考，應用美學設計，使得鞋子有更多時尚的姿態導入足部醫學與科技，幫助更多人找到專屬於自己的舒適鞋品，讓人們動起來、動的好、動更快是我們追尋的目標。 現在，我們秉持著熱情、勤奮、誠懇的態度，致力於台灣鞋業的文化傳承人才培育與推廣服務，期待讓更多的人了解台灣鞋業，為產業注入觀光工廠的能量。我們成立了「鞋寶觀光工廠」，是國內唯一以台灣傳統製鞋業為主軸，並融合現代高科技創新設計與研發技術，兼具教育、觀光、遊憩創意的歡樂園地，歡迎您的蒞臨!開放時間：參觀採預約制，週二為固定休館日館舍地址：臺中市西屯區工業區8路11號聯絡電話：04-23505773圖文由臺中市產業故事館發展協會協助提供。","參觀採預約制，週二為固定休館日，參觀動線請依導覽時段，恕不開放自由參觀。共3場次：第一場次導覽時間:10:30／第二場次導覽時間:13:00／第三場次導覽時間:14:30。","407","臺中市","66000","西屯區","工業區八路11號","","04-23505773","24.17108","120.60406","1-2小時","全票100元：適用一般民眾優待票50元：滿3歲未滿7歲兒童及65歲以上長者愛心/陪伴票免費票：未滿3歲以下孩童*門票可全額折抵館內消費，每筆消費限抵用乙張，限當日使用完畢，恕不找零。","","中山高中港/沙鹿交流道下往沙鹿方向直行，至中工一路至中工一路左轉進入台中工業區，沿工業一路直行，左轉八路直走即可到達(約10分鐘)。由中山高南屯/五權交流道下，往龍井/台中工業區方向直行，工業區二十二路右轉，接著走工業區五路，工業區一路左轉，工業八路左轉直走即可到達(約10分鐘)。國道三號龍井交流道出口下交流道往台中/龍井方向直行，中興路/136縣道前進，中沙路/136縣道向左微轉，請於新庄仔巷向左微轉，左轉新興路，工業區一路右轉，工業區一路右轉即可到達(約10分鐘)","仁友公車48號到臺中工業區一路台灣油壓公司站，步行約5分鐘。","","http://shoeswonderland.bestmotion.com/","https://www.facebook.com/shoeneywonderland/?locale=zh_TW","","展示館、販賣部","觀光工廠","","觀光工廠類"
"32","972","387300000H","台灣太陽餅博物館","臺灣太陽餅博物館傳承了太陽餅發明人魏清海老師傅三代手藝的純正好滋味，結合藝文展覽、互動影音、交流座談、輕食餐飲等多元面向，帶給民眾截然不同的全新體驗。太陽餅文物展示粿印(或稱餅印)，是早期製餅、製粿、製作糕點的模型。每逢歲時節慶，家家戶戶都會自製含有吉祥、平安意象的糕點分送左鄰右舍，將喜氣與他人一同分享，粿印代表的不僅僅是製餅工具，更反映了早期人們的生活模式及飲食文化，歡迎您來到全安堂，一起由粿印一窺先人的生活痕跡。全安堂太陽餅是太陽餅的發明人-魏清海(阿明師)老先生直系傳承下來的好手藝，經過三代的沿革，全安堂不僅保留了傳統的正宗古早滋味，技術也更加純熟。臺灣太陽餅博物館位址的建築為「全安堂」，為保存良好的百年建築，從日治時代佇立至今，仍不減其風采。早期的全安堂空間作為藥鋪使用，販售進口藥品、民生用品等；而今，經過專業設計團隊的再造，讓老建築重現光彩，並巧妙地融合台中在地傳統產業特色，讓充滿歷史韻味的糕餅文化及百年古蹟激盪出令人讚嘆的火花。老空間輕食區位於2F的輕食餐廳，以秋香綠為基調，搭配原木系列的素材，營造出舒服、放鬆的用餐空間。店內主要販售輕食餐點，不管是健康新鮮的雞肉沙拉，或是道地的印度咖哩，您都能在這裡品嘗到令人讚不絕口的美味!老空間展演太陽餅博物館興建於1909年，是走過百年的珍貴歷史古蹟。在老建築空間中我們希望發展更多元的應用賦予本身新的價值，為此本館增添文化與藝術的展演活動規劃，讓藝術與生活結合也讓新創藝術家有發表展演的空間。歡迎您的展覽申請與蒞臨參觀。導覽解說：■有 □無 ■預約制預約電話：(04)2229-5559其他服務：■ DIY體驗：太陽餅DIY■ 文創小舖■ 餐飲品牌  ","","400","臺中市","66000","中區","臺灣大道一段145號","","04-22295559","24.1396804","120.6824099","0.5-1小時","","","","","","http://www.sunnycake.tw/","https://www.facebook.com/tybnline/","","展示館、販賣部、公車站","歷史古蹟、地方展館","","古蹟類"
"33","778","387300000H","臺中市政府ˍ新市政大樓","臺中新市政中心整體基地配置構想，在於藉由本案展現民主精神、民主運作不同的活力及政府決策的場所。臺中市政府為橫向長矩形造型；市議會則為直立式短矩形造型：以此基本概念加以發展延伸至週邊的開放空間與公園設計，在市政府及市議會兩棟不同形式的建築量體間取得協調與平衡。兩個獨立建築量體的拱門結構彼此對話，它們矗在中軸線上相對的位置，矗立的位置如同站在同一個主軸上的兩個門徑；其中一棟懸掛著一個透明立方體，另一棟裝置巨大的門窗構架。市政府大樓中封閉及懸吊的議事廳回應市議會大樓中透明、敞開的議事廳。拱門及門窗的作用象徵由今日踏上未來的步伐。建築物的軸線與公園結合成一體。公園不僅結合了兩棟辦公大樓，更成為臺中市民與各國訪客見面聚會的場所。 北面的廣場從臺臺灣大道通往市政大樓檯高的平臺。當訪客站在懸挑式議事廳下方時，透過建築的視覺穿透感，使市議會大樓與周圍的公園、水池自然融合，彷彿構成一幅劇場般的景觀畫面。各樓層的門廳串連人流動線，是訪客與工作人員互動的核心節點，也成為大樓的重要視覺焦點。","8:00-17:00","407","臺中市","66000","西屯區","臺灣大道三段99號","","04-22289111","24.16157","120.64688","0.5-1小時","","此點位為公家機關行政大樓。","由中山高速公路中港交流道下匝道→中港路→逢文心路2段右轉，約190公尺即可到達。 由中山高速公路南屯交流道下匝道→五權西路→逢文心路1段左轉→經文心路2段→約190公尺即可到達。 由中二高203Km處快官交流道下匝道→中彰快速道路五權西路出口→五權西路→五權西路→逢文心路1段左轉→經文心路2段→約190公尺即可到達。 由中投快速道路→大里交流道下匝道→德芳路→文心南路→文心路一段→文心路二段，約190公尺即可到達。","1. 搭乘火車：請至臺中火車站下站轉搭BRT：從臺中火車站搭乘「公車(BRT藍線)」到達『市政府(站牌名稱)』。2. 搭乘高鐵：請至高鐵臺中站下站轉搭公車：到市府：高鐵臺中高鐵站步行約477公尺到達『高鐵臺中站(16月台)(站牌名稱)』，搭乘151路公車經過4個站後到達『臺中市政府(站牌名稱)』。回高鐵站：從『臺中市政府(站牌名稱)』搭乘151路公車經過4個站後到達『高鐵臺中站(14月台)(站牌名稱)』。","1. 地下停車場：汽車493個，機車800個停車格。2. 平面停車場：汽車232個，機車154個停車格。","http://www.taichung.gov.tw/","","","停車場、公廁、公車站","教育資源、地方展館","","其他"
"34","1984","387300000H","臺中國際會展中心","臺中國際會展中心由臺中市政府出資興建，委託中華民國對外貿易發展協會營運管理，坐落於臺中市水湳經貿園區北側，緊鄰中央公園、臺中綠美圖、水湳轉運中心等重大建設，為中臺灣首座國際級會展中心。場館設計以「大樹之門（Tree Gate）」為意象，連接「展覽館」與「會議中心」，營造融合綠意與現代感的展會環境。會展中心全棟可容納12,600人，其中一期展覽館樓層設計地上5層、地下2層，配合中部產業大型機具展示需求，打造高載重、挑高空間與專用車道的特有設計，提供2,360個室內外展覽攤位。未來與經濟部合作開發之二期展覽館完工後，合計可提供4,460個攤位，臺中市將躍升全臺最大會展城市。會議中心為地上4層、地下1層，設計彈性隔間及中央廚房，滿足不同規模會議及餐宴需求，提供5,000個會議席位，為中部產業打造最具規模國際交流平台。會展中心啟用後，將打造展覽、接單、銷售及大型會議的一站式平台，充分發揮前店後廠產業優勢，並串聯中部軟體、科學與工業園區發展，滙聚全球商機，帶動研發與製造、觀光與旅宿產業，提升城市國際能見度、產業競爭力及促進中部經濟發展。展會活動資訊：「台灣國際工具機展」：2026-3-25(三) ~ 2026-3-28(六)其餘活動請詳見會展中心官網：參觀訪客-活動資訊專區聯絡資訊：館方服務台：04- 24257888 #11105辦理展覽：02- 27255200#1995邱小姐、#76200 劉先生辦理活動：02- 27255200#76202林先生辦理會議：02- 27255200#1996 陳小姐交通資訊：一、開車南下：國道一號：下174-大雅出口→右側進入中清路二段/台1乙線→右轉進入黎明路三段→會展中心會在您的左手邊台74線：下13-北屯出口→左轉進入環中路二段→左轉進入廣福路→黎明路三段→會展中心會在您的右手邊北上：國道一號：下178-台中出口→右轉進入環中路三段→往左急轉→上台74線→下13-北屯出口→右轉凱旋路→左轉黎明路三段，會展中心將在您的右手邊台74線：下13-北屯交流道→右轉進入凱旋路→左轉進入黎明路三段，會展中心將在您的右手邊停車資訊：臺中國際會展中心地下收費停車場(營業時間每日7:00至22:00)：汽車 699 個停車位，機車 712 個停車格中央公園北側收費停車場：401個汽車停車位、431個機車停車位經貿6停車場：汽車609個停車格經貿8停車場：汽車572個停車格二、高鐵抵達臺中高鐵站後，可轉乘捷運綠線至捷運「文華高中站」，再轉乘675路公車前往會展中心。三、捷運可搭乘捷運綠線至「市政府站」轉乘555路公車前往會展中心，或至「文華高中站」轉乘675路公車前往會展中心。四、公車搭乘8、23、25、82(含延)、88、157(含繞、延）、354、525、529、555、675及綠4(含延)路等多條路線皆可抵達會展中心周邊。五、展覽期間接駁車視各活動需求加開，詳情請見會展中心官網。","","407","臺中市","66000","西屯區","黎明路三段1000號","","04- 24257888 #11105","24.19367857","120.6512761","","","","","","","https://www.ticec.com.tw/","","ChIJ1ebFdTgXaTQRI8-K9yLncXU","停車場、公廁、網路、無障礙廁所、無障礙電梯","藝術空間、教育資源、地方展館","",""
"35","790","387300000H","立法院民主議政園區","民國96年立法院將中南部服務中心及議政博物館設在園區內，立法院的精神也帶進園區，讓園區在民主化上的角色又更添新的意義，參議會、臨時省議會、省議會、省議員、立法委員等都是為人民喉舌的民意代表，若將這些歷史完整串連訴說，可讓園區對於民主的議題能有更多元化的呈現。園區入口椰林大道進入後，途經圓形花圃、議員會館(議蘆會館)、民主草坪、議政博物館、朝琴紀念館以及屋頂圓弧造型的議事大樓等景觀建築，處處綠美化庭園造景，漫步其中令人心曠神怡，後山還有典雅的梅亭，假日是民眾休閒運動的好去處。園區內議員餐廳現由霧峰區農會承租，改名為「議蘆會館」，主要設施有餐廳、咖啡廳、會議室等，並供團體或個人於園區內辦理議政相關之教育訓練、研習、學術交流、會議及參訪需求之住宿。入口V型拱門108年12月民主議政園區揭牌，其拱門V型設計代表園區開放，猶如張開的雙臂迎接民意。日月池位於議事堂前左側，象徵風水學所謂左青龍遇水則靈之意，日月鵲橋橫跨兩池間，動植物生態豐富。立法院議政博物館臺灣省議會時期原名圖書資料館，96年移撥立法院更名為「立法院議政博物館」，現典藏與展示本院重要文物與檔案資料。椰林大道園區入口拱門至議事大樓間，兩旁椰樹挺立．道路平直，象徵臺灣民主政治行穩致遠。健康步道桃花心木樹下芳草翠綠，鵝卵石步道健走身心舒暢。圓形花圃圓形象徵民意代表同心合作，齊心開出璀璨的民主花朵。福桂林道福木筆直挺立，桂花幽淡飄香，倘徉漫步其間，心曠神怡。朝琴紀念館臺灣省議會時期原名朝琴圖書館，民國62年因紀念首任議長黃朝琴先生改稱朝琴紀念館。議事大樓民國47年5月落成啟用，川堂龍紋圖騰、半圓形屋頂與閉口雙獅為其著名特色。黃朝琴議長銅像立像基座前方由嚴家淦先生敬題「黃朝琴先生像」，後方由謝東閔先生敬撰「黃朝琴先生銅像記」，緬懷對省議會貢獻。霧峯亭由當年省議會首任議長黃朝琴先生親題亭名，八角造型古典雅緻。民主草坪廣植百慕達草皮，視野開闊，綠草如茵，徜徉其間，怡然自得。後山公園林木扶疏，環境清幽，漫步其間，神清氣爽。 ","民主議政園區戶外 / 民主草坪 / 後山公園：全年無休民主時刻館開館時間：週二至週五09:00-12:00、14:00-17:00，週六、週日09:00-16:00，週一、春節(小年夜至大年初三)、清明節、端午節、中秋節休館","413","臺中市","66000","霧峰區","中正路734號","","04-22172900","24.0539055","120.6998089","1-2小時","","","1.經中二高(國道3號)南下210公里、北上212公里處霧峰交流道下左轉至中正路即可抵達。2.由省道3號可抵達。","臺中客運100、107號、統聯客運50、59號、臺中往返南投經霧峰之客運在省議會站下車。","內有停車場","https://daap.ly.gov.tw/","","ChIJIWpVTj07aTQRdE0hqjZeunE","展示館、公共電話、停車場、公廁、導盲磚、無障礙廁所、無障礙坡道、無障礙電梯、無障礙停車位","歷史古蹟、教育資源、無障礙景點","","文化類、古蹟類"
"36","55","387300000H","美術園道商圈","台中美術館前擁有得天獨厚的綠園道，綠蔭下蟬兒合唱著，偶有新人至此取景拍攝婚紗照，假日時有街頭藝人獻唱，更將美術園道點綴上濃濃的人文氣息！兩旁的商家裝潢各有異國特色，讓客人在用餐之餘也能感受異國氛圍；除景觀獨具特色之外，異國道地美食更蔚為特色，印度菜、泰國菜、港式點心、法式、雲南菜、義大利、上海菜，亦或是香醇咖啡等不同風味，挑逗著饕客挑剔的味蕾。","","403","臺中市","66000","西區","五權西二街152號","","04-23755482","24.13597","120.66286","1-2.5小時","","","臺中交流道往臺中方向，接中港路，右轉美村，左轉五權西路口， 至美術館門口右轉綠園道即是。","","","http://www.artgarden.tw/","","","步道","公園綠地、休閒娛樂、藝術空間、戶外運動","",""
"37","939","387300000H","臺灣印刷探索館","成立於民國38年3月，原名稱為『台灣省政府秘書處印刷廠』，隸屬台灣省政府秘書處，88年7月1日起因『精省』改隸財政部，並更名為『財政部印刷廠』，迄今已歷經整整一甲子歲月。主要業務為統一發票之印製、發售及兌獎業務、各級機關學校暨財稅等單位之公報、書刊、表籍、密件、帳冊、票據、稅票、證券等之承印事項及接受各級機關委託之事項。在運行的軌跡上，印刷廠經營模式不斷變革：從勞力密集到資本密集再轉為知識密集，營運核心亦快速調整：從生產導向到行銷導向再轉為服務導向。如此迅速與機動的蛻變，都能扮演穩定財稅稽徵之重要角色，尤其是承攬統一發票印刷業務超過60年，伴隨各階段經濟與社會發展，富涵經濟社會文化的象徵意義，亦衍生出許多具歷史性、獨特性印件如配合國家政策執行的消費券福袋、防偽印刷的應用技術等，顯示與時俱進的創新特色，具有產業文化的獨特意義。臺灣印刷探索館為全臺灣第一個印刷產業觀光工廠，更是第一個開放發票印製製程讓大朋友、小朋友一窺究竟、寓教於樂的好去處。秉持著產業傳承與啟發教育的初衷，透過互動體驗的遊戲方式，在導覽參觀的過程中，不僅可以認識文字的起源，透過印刷如何改變世界、統一發票中獎的秘密、如同魔術般印刷效果及體驗古早圓盤機的使用方式，期望把印刷的美好呈現給大家，歡迎大家手牽手一起來「臺灣印刷探索館」和我們的印刷古騰堡先生當好朋友喔! ＊更多相關訊息，請上印刷廠官方網站查詢","星期一至星期五(星期六、日及國定假日休館)；固定導覽場次為10:00、14:00(如欲預約特殊時段，請來電洽詢)","412","臺中市","66000","大里區","中興路一段288號","","04-24951001","24.08716","120.69651","1-3小時","參觀方式:本館採團體預約制，請於參觀前10日來電(04-2495-1001)預約參觀行程。預約方式:僅提供團體電預約報名，報名完成後即保留名額。費用資訊:團體參訪，每人酌收活動費用100元，如加購其他DIY課程，另外計費。場次開放資訊:團體報名人數達20人以上才開放，未滿20人將於參觀日前通知取消。*一般民眾(如：散客、小家庭)欲參訪本館，請善用每月不定期舉辦之免費公益參訪，相關資訊將不定期公告於FB粉絲頁。","【預約規則】本館每一場次開放名額有限，以線上預約者為優先。導覽及DIY活動無論平假日，報名人數累積達10人以上才開放，未滿10人之導覽將於參觀日前一天通知取消；DIY活動則於當日現場告知。本館主展館一樓至二樓部分目前無無障礙設施，敬請見諒。","","","附設大型&自小客車停車場","https://www.ppmof.gov.tw/Twin/show_detail?id=23f1f05a99094a68b8ca638d809d0466","","","販賣部、公廁、解說簡報、無障礙廁所、無障礙坡道、無障礙停車位","觀光工廠、無障礙景點","","觀光工廠類"
"38","149","387300000H","臺中市洲際棒球場","臺中市洲際棒球場是北屯區的一座棒球場，位於崇德路與環中路口，2006年完工，由臺中市政府興建與擁有、委由午陽集團營運，是臺灣舉辦國際棒球賽事的主要場地之一。目前，臺中市洲際棒球場是臺灣社會甲組成棒球隊台中威達成棒隊之主要場地，以及中華職棒中信兄弟球隊的主場。中華棒協曾以第16屆洲際盃棒球賽這項國際級的賽事作為這座嶄新球場的處女秀，向世界宣示台灣棒球發展的進步與決心。作為台灣地區首屈一指符合國際標準的棒球場，臺中市洲際棒球場更是國內首座以美式風格為架構的棒球場。看台視野廣闊，周邊腹地廣大，球場上方以棒球縫線為造型的景觀設計，象徵洲際棒球場的地標性。","週一至週五09:00-18:00，並依賽事活動時間調整","406","臺中市","66000","北屯區","四民里崇德路三段835號","","04-24221588","24.1994288","120.6839558","1-3小時","","看比賽前請做好防曬或防雨準備，並請購買門票。","市區：自三民路接崇德路，即可到達。西屯區：自中港路左轉文心路，再左轉崇德路，即可到達。南屯區：自五權西路三段左轉環中路，順著環中路高架橋，即可到達。(國道1號)大雅(中清)交流道：往台中方向下交流道→下交流道後的第一個路口→左轉環中路往崇德路→直行約3.2公里左右→即到達台中洲際棒球場。(國道3號)北上可從快官交流道→中彰快速公路(台74線)→接環中路到台中洲際棒球場。","客運轉公車：1.於各地坐客運到台中車站→到後火車站轉乘65路公車到台中洲際棒球場。2.於各地坐客運到台中車站→至前站搭乘58路崇德幹線至台中洲際棒球場站下車。坐火車轉公車：1.於各地坐火車到台中火車站→到後火車站轉乘65路公車到台中洲際棒球場。2.於各地坐火車到台中火車站→至前站搭乘58路崇德幹線至台中洲際棒球場站下車。3.於各地坐火車到潭子火車站→搭58路崇德幹線公車至台中洲際棒球場站下車。 坐高鐵轉公共交通工具：於各地坐高鐵到台中站→轉台鐵(新烏日站—台中車站)or轉乘69公車到統聯轉運站→再轉乘73路、81路、83路或88路到台中車 站下車→到後火車站轉乘全航客運65路(南區公所—台中洲際棒球場) 。坐飛機轉公共交通工具：於各地坐飛機到台中清泉崗機場→轉乘69公車到統聯轉運站→再轉乘73路、81路、83路或88路到台中車站下車→到後火車站轉乘全航客運65路(南區公所—台中洲際棒球場)。","提供866個汽車停車位、2449個機車停車。停車費一次大車100元，小汽車50元，機車20元。","http://www.tibs.com.tw/","https://www.facebook.com/TaichungIntercontinentalBaseballStadium/?ref=embed_page","","停車場、公廁、公車站、解說簡報","休閒娛樂、戶外運動","","遊憩類"
"39","780","387300000H","豐原太平洋百貨","秉持著『顧客至上，服務至上』的理念，期望與生活緊密結合。太平洋百貨以「微笑、活潑、敏捷」的服務精神，和全系列的商品，滿足豐原、神岡、東勢等地區民眾生活購物所需，也與週邊的廟東夜市和豐原車站商圈共築成豐原最熱鬧的美食、購物、娛樂商圈，落實了「地方共榮、回饋社會」的企業責任，繼續和社區共同發展，共謀進步。(以上資料由太平洋百貨提供)","週一~週五11:00~22:00  週六~週日10:30~22:00","420","臺中市","66000","豐原區","復興路2號","","04-25291111","24.2510143","120.7205353","1-2小時","","","中山高國道1號下豐原交流道，走省道10號神岡中山路接豐原中正路，至中正路、向陽路三叉路口右轉博愛街。","搭乘火車，至豐原火車站下車，往中正路方向步行約7~10分鐘。 免費接駁車服務，於週六、日、例假日期間10:30~22:30，特別設有免費購物接駁專車。","","https://fy.pacific-mall.com.tw/indexStore.php","https://www.facebook.com/FengYuanTaiPingYangBaiHuo","ChIJRX0ugA8aaTQRBwsqNVmEB8s","販賣部、停車場、公廁","百貨商圈","","其他"
"40","1469","387300000H","梧棲文化出張所","位於梧棲區，緊鄰梧棲老街、文化路商圈的「市定古蹟原梧棲官吏派出所及宿舍群」，2021年3月28日以「梧棲文化出張所」為名，正式對外營運。這座橫跨了將近90年歲月的古蹟，見證日治時期至國民政府時期，警政官署制度及警政廳舍之完整配套，以及梧棲港街的興衰發展。近期更推出「全台第一古蹟民宿」，讓遊客更多元的角度體驗特殊的在台日式文化。梧棲文化出張所，位於梧棲老街的中心，緊鄰文化路商圈、百年老廟朝元宮，以「一幢老屋，復興一條老街」的理念為核心，運用「老屋老街說故事」的心情，串聯與港街有關的文化元素，並規劃一系列古蹟保存、文化教育推廣活動和再利用計畫，希冀藉由一幢老屋與在地居民共同復興老街，發揮梧棲老街無可取代的百年港街魅力。「市定古蹟原梧棲警察官吏派出所及宿舍群」興建於昭和六年（1931年），2010年11月8日公告指定為縣定古蹟（縣市合併後為市定古蹟），乃是目前台灣少數同時保留派出所廳舍與宿舍群之古蹟之一，園區包含派出所廳舍併宿舍、雙併磚造宿舍、單戶木造宿舍、單戶磚造宿舍、以及防空洞。現址為今梧棲路142號，興建於昭和6年（1931年），現存建築本體中，僅有「派出所廳舍併宿舍(A棟)」曾經歷日治時期昭和10年(1935年)的墩仔腳大地震，其餘建築則係於大地震後所建。園區除了古蹟導覽、港街風情特展及藝術品特展，也計劃推出和服體驗、祈福亭繪馬及開運詩籤等多種日式文化體驗。最特別的是，梧棲文化出張所也是全台第一間合法的古蹟民宿，民眾可以親身體驗，在特殊的日式古蹟裡開始一天的生活起居，細細品味古蹟的文化風韻。 導覽解說：■有 □無 ■預約制預約電話：04-26565658其他服務：■ 和服體驗 ■ 古蹟民宿■ 餐飲品牌：翌日よくじつ■ 其他： 不定期特展、日築市集 圖文出處：梧棲文化出張所","週一至週日10:00-18:00","435","臺中市","66000","梧棲區","梧棲路142號","文資處","04-26565658","24.25661","120.52969","","免費參觀","","","","園區附近有和朝元宮合作的特約停車場，供遊客停車使用。1.梧棲路學友書局旁停車場2.朝元宮後停車場(臨東健路、文化路)","https://www.wuchiculture.com/","https://www.facebook.com/wu7culture","","展示館、停車場、公廁、公車站、無障礙廁所","歷史古蹟、特色文化","",""
"41","1648","387300000H","約客厚禮","隨著大環境的改變，消費型態的轉變，也面臨傳統產業必須轉型的挑戰，懷著手工製造的初衷，設立了一個適合DIY學習和親子休閒的空間，不論是想體驗手工或者想要創作送禮，這裡提供了客製化的技術，適合所有喜歡 DIY 的愛好者，館區內還有球池、沙坑及許多拍照場景，也相當適合親子一起來互動休閒。","","421","臺中市","66000","后里區","民生路520號","","04-25568168","24.310082","120.7054884","","【全票】250元（120cm以上一般民眾）指定折抵項目DIY、商品120元 / 餐廳、伴手禮80元【半票】170元(120cm以下兒童/65歲以上民眾/身心障礙人士)指定折抵項目DIY、商品70元 / 餐廳、伴手禮50元【免費優惠】未滿3歲幼童(除購買半票兒童現場丈量身高，其它需持證明文件)【寵物友善】但須將愛寵安置於推車內※館內部分商品不可使用票卷折抵","","","","","","https://www.facebook.com/yohocraft/?locale=zh_TW","ChIJW6-ngQwQaTQRfxq9duQ-Mas","遊客中心、販賣部、停車場","休閒娛樂","","遊憩類"
"42","761","387300000H","擁葉生態農場","擁葉生態農場座落於原始山林之中，園內充滿了鳥語花香，緊鄰著東勢區農會規劃的梨文化館，農場視野遼闊，可以俯瞰大甲溪、大安溪及壯闊的雪山山脈，在此可以靜靜的享受大自然與心靈的對話，農場內的每項設施都有一個特別的名字，而每個名字背後都有其故事。圖片出處：擁葉生態農場","全年無休","423","臺中市","66000","東勢區","東崎路3段688巷168號","","04-25879586","24.2515887","120.8418892","1-2小時","","","國道東西向4號，下東西向4號道左轉接豐勢路直走，經東勢大橋斜右轉直走第二個紅綠燈(左側公賣局配銷所)左轉往中嵙里方向，左轉東崎街直走經中科國小，再經過中科橋後直走，左轉東北巷直走再3公里到擁葉生態農場。","","","https://yungyeh.mmweb.tw/","https://www.facebook.com/YungYamaLeisureFarm.TW/","ChIJpYJL1BcdaTQRcq5CwuB5KC4","步道、無障礙廁所、無障礙停車位","休閒娛樂、花園農場、無障礙景點","","生態類、休閒農業類、自然風景區類、遊憩類"
"43","826","387300000H","石岡農會碾米穀倉","日治大正年間，日人為管理臺灣稻米農作產銷，於各地設置信用組合，二戰後才改為農會組織。農業曾是早期民生、經濟的主要命脈，稻米生產更是石岡的農產主力，因此農會承擔起加工、推廣及改良的重責大任，當時的碾米穀倉工廠極具重要地位，亦是石岡區歷史發展不可或缺的一環。石岡農會的「碾米穀倉」興建於日治昭和17年（1942），具有碾米工廠功能，結構上屬精密木構造，後續因農業逐漸轉型，稻米產量遽減的趨勢下，無可避免的走入歷史。民國88年（1999）921大地震後毀損，經前行政院文化建設委員會補助700萬元，及原石岡鄉公所自籌755萬元，經公所辦理修復迄今。","僅開放外部參觀，不得進入。（全天，無需申請。後續開放資訊將於官網公告。）","422","臺中市","66000","石岡區","忠孝街160號旁","台中文化資產處古蹟歷建課","04-22290280#614","24.27553","120.77651","1-2小時","","","國道4號至末端交流道→左轉台3線豐勢路二段→沿豐勢路前進→石岡區公所旁","","","https://www.tchac.taichung.gov.tw/historybuilding?uid=34&pid=68","","","展示館","歷史古蹟","","文化類、古蹟類"
"44","1635","387300000H","水寨一方休閒農場","水寨一方休閒農場位於台中市東勢區[梨之鄉休閒農業區]內，交通便利，依山傍水，環境無汙染，適合果樹種植，為友善利用土地，永續經營，兼顧生產、生活、生態，採用草生栽培，不使用除草劑；主要農產有甜柿、桶柑、臍橙、紅龍果…等。㊣111年11月取得產銷履歷驗證證書活動項目包含：1.採果體驗：秋天採甜柿、冬季多達10種以上的柑橘任君品味。2.客家美食ＤＩＹ：重現古早時期客家風情，手作創意獨特的豬籠粄。3.洛神花蜜餞ＤＩＹ：從種子培育到滿枝花開，讓人用眼欣賞、用手採花、用嘴品嚐，享用酸甜好滋味。4.山豬果醬ＤＩＹ：把山豬年年來搶食的柑橘，以手工慢火熬煮成獨特的果醬。​​​官方LINE： https://line.me/ti/p/@800mlxpu官方IG： https://instagram.com/shuizhaiyifang?utm_medium=copy_link","","423","臺中市","66000","東勢區","東崎路三段398-1號","","920210383","24.2590145","120.8666379","","","","","","","https://shuizai.ribo.com.tw/","https://www.facebook.com/shuizai2015/","ChIJ0e8SdA4daTQRItwEF1qGsXg","販賣部、公車站","休閒娛樂、花園農場、生態之旅","","休閒農業類"
"45","1634","387300000H","大雪山休閒農業區","大雪山休閒農業區橫跨臺中市和平區中坑里與東勢區隆興里、福隆里，主要農業作物為高接梨、甜柿、冬筍、桃、桶柑、椪柑、番茄、火龍果、百香果、咖啡及香菇等，素有「水果之鄉」的美譽，沿途可欣賞多層次的林相，到呈現立體分布的景點遊歷，見識到不同海拔的景色。在一次遊程內可體驗到低、中、高海拔的氣候及多元產業景觀。本區亦為通往大雪山森林遊樂區的必經之地，大雪山森林遊樂區每年吸引大量遊客來此爬山健行、賞鳥、賞楓等休閒體驗活動，是大啖鮮果、坐看日昇雲最佳去處。主題遊程：農遊客庄糯米橋 欒花季、大雪山甜柿.竹園.生態活動、大雪山賞螢趣暨營火蟲保育活動、竹藝DIY。生產作物：冬筍、甜柿、高接梨、桃、梅子、咖啡、桶柑、枇杷、番茄、火龍果、百香果。休區景點：媲美臥虎藏龍的孟宗竹林、糯米橋、飛利浦LED燈螢火蟲保護園區(牛樟樹保護林區)、苗圃、冬季的雲海、俯覽大臺中的開拓視野、無敵夜景、無光害的觀星條件、香蕉步道。【交通指南】【開　　 車】國道3號或國道1號轉國道4號(往東勢方向)→下豐原端終點左轉接台三線(豐勢路往東勢方向)→過東勢大橋後右轉接台八線(中正路往谷關方向)→中正路直走約2公里紅綠燈處左轉(左前方為林務局雙崎工作站)→往東坑路(大雪山林道)【大眾運輸】．搭臺鐵至臺中站下轉搭豐原客運(往東勢)至東勢站下-轉搭豐原客運(往大雪山森林遊樂區)至大雪山站下。．搭臺鐵至豐原站→搭乘豐原客運至東勢車站-短途可搭250至中坑坪，中程可搭251至橫流溪，長途旅程假日可搭252至大雪山森林遊樂區，此3線公車均行駛中專1號道（大雪山林道），此條道路貫穿本休區沿途均配合聚落、步道設站牌方便遊客下車，遠途業者已有共乘接駁車服務機制。","","424","臺中市","66000","和平區","雪山路18號","農業局","0952-038068","24.2553261","121.0081845","","","","","","","https://www.agriculture.taichung.gov.tw/1076134/post","","","","生態之旅","","休閒農業類"
"46","1080","387300000H","臺中市眷村文物館","臺中市眷村文物館，建於1960年，位在臺中北屯區進化北路與北屯路口附近，原為「北屯新村」後更名為「凌雲社區」，為臺中134處眷村之一，主要是軍方安置來自貴州飛機製造廠空軍校級以上的技術員及其眷屬的宿舍，目前保存3棟具代表性的眷村建物。2017年8月起由兩果文化創意有限公司營運管理，除了文物館展示推廣、眷村風味菜色與復古冰品小吃體驗及台式理髮外，更有老台灣的老物商行、文化創意市集導入時代感眷舍，讓民眾可以感受到眷村新舊融合的新風貌！10多年前在此居住的榮民陸續搬遷，歷經整頓、修建眷舍活化空間，保存3棟具代表性的眷村建築及其附屬建物，2014年11月中旬落成，佔地約2百多坪，連結現在市民生活與往昔眷村文化，為臺中首座以眷村文化資產保存為主的地方館舍。 北屯新村眷舍，採用空心磚興建，室內坪數24-28坪，配置2房1廳及衛浴設備，對於當時來說，可說是相當寬敞舒適，後來民國55年在「北屯新村」前村北側，空軍總司令部另外興建一批房舍，供飛行員及眷屬居住，命名為「凌雲社區」。空間更加廣闊，還有前後院設計，也歸屬於「北屯新村」的一部分，曾經有不少臺灣重要人物居住過此，如小說家孟瑤、美麗島事件的軍法官劉龍飛、中興大學數學權威林致平、台灣婦女運動先驅何春蕤、中華民國空軍飛官歐陽漪棻等，具有特殊的紀念價值。  從館區入口，便可見古早「北屯新村柑仔店」，店內的古早味酸鹹甜及彈珠台等童玩，勾起許多兒時回憶。 「小梅花商行」店內的各種老台灣生活器皿及懷舊文獻，都讓人感受到早年人們的生活美學。沿著路線走到眷舍與眷舍之間的狹小巷弄，還能看到一間專為男士服務的老台式理髮廳「大方男士理髮」，再繼續到下一棟房子，可看到介紹眷村歷史發展的常設展及固定每年更換的特展，勾起民眾對眷村生活的無限想像。  最後還能到「方正谷眷村味」體驗「芋頭蕃薯」的眷村味，可以品嚐到「老臺菜」及「眷村菜」，甚至還有一些東南亞的文化衝擊喔！最後在「飛冰菓室」點碗傳統刨冰，逛逛每月固定舉辦一次的「搶救大兵市集」，透過各種感官來做一個懷舊眷村生活滋味的體驗，超滿足！開放時間：故事館：週二至週日，10:00-17:00(週一休館)方正谷眷村味：週二至週日，中餐11:00-14:00晚餐16:30-20:30館舍地址：臺中市北屯區天祥街19號預約聯絡電話：故事館：04-22334073方正谷眷村味：04-22339753導覽解說：■有 □無 ■預約制其他服務：■ DIY體驗：彈珠臺、蔥油餅■ 文創小舖：北屯新村柑仔店、小梅花商行■ 餐飲品牌：飛冰菓室，方正谷眷村味餐廳■ 理髮品牌：大方男士理髮","10:00-17:00(週一休館)","406","臺中市","66000","北屯區","天祥街19號","文化局 文化資源科","04-22334073","24.16124","120.69518","1-1.5小時","免收費","","","","有停車位","https://www.facebook.com/go.tmkvm/","","","展示館、停車場","教育資源、地方展館、特色文化","","文化類"
"47","420","387300000H","臺灣民俗文物館","座落於本市民俗公園內的臺灣民俗文物館，自民國79年開館至今，乘載著許多臺中市民共同的生活記憶，館舍為傳統閩南式建築，館內分為「民俗館」及「民藝街」，辦理各式主題展覽、特色抓周、DIY體驗及餐飲休閒等，結合文化推廣、創意經營及公眾服務，發揮本館多元潛力、寓教於樂之功效。","每週二至週日10:00-17:00(每週一休館)，國定假日開放請洽臉書公告。","406","臺中市","66000","北屯區","旅順路二段73號","文化局 文化資源科","04-22451310","24.17528","120.68704","1-3小時","免費參觀","*團體預約的朋友請注意！  請於來訪＂一週以前＂上網預約，若是來訪前已不足一週，  煩請來電04-22451310 由【活動專員】為您安排，以免錯失您的權益!!  (為使館區能夠提供民眾優質的環境參訪，現場臨時到訪的團體清潔費將加收2成)","1.國道1號於大雅交流道(靠左台中)下。直行於大連路一段向左轉，崇德路二段向右轉，第一個路口旅順路二段左轉即至本館。2.國道3號於霧峰交流道(霧峰)下。接台74於松竹交流道出口下，直走軍福路於東山路一段左轉，接文心路於熱河路右轉即至本館。","火車：「台中」火車站：從前站出。轉公車或TAXI；至崇德國中站/民俗公園站皆可。 公車：1.臺中客運131、132路。下車地點：崇德路二段崇德國中站2.臺中客運14路。 下車地點：昌平路一段民俗公園站3.全航客運58路、65路。下車地點：崇德路二段民俗公園站","","","https://www.facebook.com/ttfm1990/?locale=zh_TW","ChIJ7X178cIXaTQRIJASJv8ewMg","展示館","休閒娛樂、教育資源、地方展館、樂齡專區","","文化類、藝術類"
"48","1633","387300000H","德芙蘭休閒農業區","德芙蘭休閒農業區是泰雅族原住民聚落，主要農產水果為甜柿、柑橘等，並保有原始的自然生態，林相、動植物種類極為豐富，隨處可見二葉松、五葉松、香楠、雅楠、山麻黃等多種原生植物，蟲、鳥、蛙、蝶等更是不勝枚舉，是許多生態觀察、攝影者的天堂，常吸引不少遊客前往遊玩。鄰近有八仙山森林遊樂區、谷關遊樂區、參山國家風景區等觀光景點，這些地區皆可以以中橫公路為主線相互串聯，共遊各風景名勝，還有泰雅族文物館，對原住民文化的導覽介紹是相當的精闢，區內亦提供原住民文化的介紹與導覽與原住民文化體驗DIY。在不同季節、時間展現松鶴彩虹、雨後松鶴、晨曦松鶴、松鶴楓紅自然風情，也是德芙蘭休閒農業區最引以為傲的景緻，區內種植非常多楓樹，每至秋天可看到家家戶戶滿是楓紅的景象，形成德芙蘭休閒農業區獨有的美麗景致。另蝴蝶谷瀑布為德芙蘭休閒農業區重要觀光資源，假日為登山客的最愛，以慢活的腳步，體驗松鶴，享受大自然的療癒。林道穿越裡冷部落，沿著裡冷溪左側，蜿蜒進入上游地區，是進入裡冷溪流域的唯一通道，林道亦為欣賞日出、雲海極佳之處，具豐富林相、動植物種類，並徜徉在陽光與山林的懷抱中。主題遊程：德芙蘭好山好水泰好玩活動、農遊客庄糯米橋 欒花季原住民文化導覽解說、五葉松盆栽.原住民文化體驗DIY。生產作物：柑橘、甜柿、五葉松、菇類、咖啡。休區景點：蝴蝶谷瀑布、唐麻丹山步道、阿冷山步道、八仙山檜木屋群、舊鐵道(林場巷)、德芙蘭生態步道。【交通指南】【開 車】．中山高南下、北上 → 166公里處轉接國道4號往東勢方向到底 →左轉接3號省道往石岡-東勢方向 → 過東勢大橋右轉中橫公路 (台8線)往谷關方向→ 台八線26公里處右轉裡冷橋進入裡冷部落活動中心停車場,或台八線29公里處右轉松鶴橋進入松鶴活動中心停車場。．台中市路線指引：往大坑風景區方向→新社→龍安橋→台八線(往谷關方向) → 台八線26公里處裡冷橋右轉進入裡冷部落活動中心停車場,或台八線29公里處右轉松鶴橋進入松鶴活動中心停車場。","","424","臺中市","66000","和平區","博愛里東關路一段松鶴三巷56號","農業局","938417625","24.1757421","120.9782234","","","","","","","https://www.agriculture.taichung.gov.tw/1076123/post","https://www.facebook.com/atayalecotravel/","","","登山步道、生態之旅","","休閒農業類"
"49","574","387300000H","彩虹村","彩虹村位於臺中市南屯區春安路56巷，經知名旅遊雜誌孤獨星球選為「世界的祕密奇跡」景點，村內可免費彩繪自創祈福卡，成為彩虹村共創藝術家，嶄現彩虹村素樸藝術的新生命!彩虹村參觀範圍及開放時間：園區巷內空間：每週二至週日上午9時至下午5時。(每周一休館進行場地清潔維護作業及農曆春節期間除夕至初三暫停開放)園區為免費參觀，單一出入口，參觀民眾請由彩虹藝術公園廣場入園（嶺東南路旁）","週二至週日，9:00-17:00","408","臺中市","66000","南屯區","春安路56巷25號(入口位於嶺東南路)","文化局 文化資源科","04-22289111分機25116","24.13368","120.60983","1小時","","","行駛中山高速公路下→台中南屯交流道→往龍井方向→右轉五權西路三段→左轉接忠勇路→至永春南路右轉→左轉嶺東路→右轉建功路→春安國小→國小大門對面的小路直走到底→右轉會看到一個小公園→彩虹村","公車：台中客運27號公車：干城六村下車→往干城六村的牌樓→春安國小大門對面的小路直走到底→右轉會看到一個小公園→彩虹眷村","路邊停車。","","https://www.facebook.com/nantunRainbow","","公車站","休閒娛樂、藝術空間、主題街道","","藝術類"
"50","13","387300000H","八二三紀念公園","臺中「八二三紀念公園」為紀念1958年8月23日共軍砲擊金門所爆發的「八二三砲戰」而設，緬懷當年英勇抵抗、保衛台灣的國軍官兵與民眾。園區陳列陸海空三軍各式裝備，並附有詳細解說牌，展現市府對歷史記憶的重視。雖然部分展示武器並非當年砲戰時所用，而是後續台海防衛所採用的裝備，仍具代表性與教育意義。","","406","臺中市","66000","北屯區","昌平東五路","","","24.18755","120.68925","1.5-2小時","","","開車路線：沿崇德路往北方向直行崇德10路與昌平路一段交叉口右轉於崇德路三段昌平路交叉口附近即可抵達","","","","","ChIJwyeh-ZUXaTQRupe4mwXeKIU","","公園綠地","","文化類、遊憩類"
"51","82","387300000H","石岡水壩","石岡壩係位於大甲溪最下游堰壩，肩負著大台中地區民生用水之重責。民國43年，由經濟部會同有關單位組成「大甲溪計畫委員會」，開始推動灌溉、發電、防洪等多目標開發。除興建多座電廠，更在流域下游處興建水壩，以調節各發電廠尾水，石岡壩便是由前經濟部水資源統一規劃委員會於民國48年提議興建，於民國63年10月31日開工，民國66年10月15日完工。石岡壩係完全由國人自行設計、施工之混凝土重力壩，自完工後便供應大台中地區與彰化縣部份地區之公共給水、工業用水、農業灌溉用水與台中港船舶用水，與台灣中部地區之經濟發展有著密不可分之關係。民國88年9月21日發生集集大地震，石岡壩附近受地形隆起及偏移情形，震後石岡壩部分設施受地形影響而產生損壞，對引水與蓄水功能造成挑戰，經政府單位積極搶修與規劃修復工程，成功恢復供水穩定，也為石岡壩注入新的生命力。經水利署及中區水資源局的協力下，除以緊急搶修的方式，迅速解決台中地區之供水問題，也進一步擬定石岡壩災後修復之近程、中程及遠程計畫，依序執行。至民國89年底，全部緊急修復工程完工，更於90年底完成新增設之魚道新建工程，使石岡壩在地震後有了新的蛻變風貌，重新出發。(本文選自 經濟部水利署中區水資源局 石岡壩管理中心 網站)","","422","臺中市","66000","石岡區","豐勢路1238號","","04-25722830","24.2813","120.76952","1-2小時","","","由國道一號豐原交流道下，沿台二線省道往東勢、谷關之方向約七公里或由台中系統交流道下國道四號高速公路，接台三線省道往東勢、谷關方向即可看見石岡水壩之路標。","","有70個停車空間。","https://www.wracb.gov.tw/47807/","","","公共電話、停車場、公廁、網路","公園綠地","","都會公園類、其他"
"52","105","387300000H","情人木橋","情人木橋位於食水嵙溪上，長40公尺寬3.5公尺的木橋，全橋沒有橋墩支撐，台灣第一次引進木橋建設技術，可防七級以上強震，更是遠東地區跨距最長的景觀木橋。","","422","臺中市","66000","石岡區","萬興村豐勢路881巷","","","24.27242","120.789","0.5-1小時","","","中山高速公路=>下豐原交流道=>接台3線(豐勢路二段)前進=>沿著台3線前進=>山下巷口右轉=>左邊第一個路口轉入=>情人木橋。中山高速公路=>下豐原交流道=>接台3線(明德路)=>山下巷口右轉=>左邊第一個路口轉入=>情人木橋","由豐原市搭乘往東勢或卓蘭的豐原客運，在石岡水壩站下。","","","","","步道","公園綠地","","森林遊樂區類、其他"
"53","807","387300000H","921震災紀念公園","921震災公園多為當地居民休閒遊憩的去處，孩童遊戲區因有沙坑設施，加上又有廣大的草坪和溜冰場，故許多家長帶著孩子來公園嬉戲、放風箏、溜冰，而遼闊的視野可一望太平綿延的山勢地形，令人心曠神怡。而當站在公園高點一望河堤對岸的太平，讓人想起災後重建、不放棄的精神，令人為之動容，當初損毀的城鎮，如今擁有全新活力，更讓人感動。","全天開放","411","臺中市","66000","太平區","九二一震災紀念公園","","04-22794157","24.11658","120.72383","0.5-1小時","","","沿十九甲河堤道路至光興隆大橋交叉口即可抵達。","","","","","ChIJm-CG49kiaTQR0W3g-Rv8U1c","公廁、步道、無障礙坡道、無障礙停車位","公園綠地","","遊憩類、都會公園類"
"54","825","387300000H","沙鹿之翼","橫跨於臺灣大道七段上的一座人行天橋-沙鹿之翼，至民國九十六年完工後，成為沙鹿地區的新景點，也是許多攝影玩家相繼駐足的新地點。大S型的人行天橋，白天像一條吉祥的白色長龍横臥於台灣大道上，守護來往於台中市區、沙鹿的人們。到了晚夜，橋身與鋼纜上七彩繽紛的LED燈閃爍，與來往車輛的頭燈互相交錯，形成一幅流動畫作。 ","","433","臺中市","66000","沙鹿區","中棲路281-3號","","","24.23812","120.56899","0.5-1小時","","","","","","","","","","公園綠地","","遊憩類、都會公園類"
"55","829","387300000H","東勢河濱公園","這裡相當適合孩子遊憩或是團體活動，廣大的空地、空間，也能來場足球賽和籃球賽，而河堤道路也適合騎自行車。河濱公園對岸便是新社河階台地，在接近傍晚時分，陽光輕拂過新社稜線，滑落的光線灑落在大甲溪畔，美麗動人的景色，即使坐在草地上什麼都不做也陶醉。","全天開放","423","臺中市","66000","東勢區","東勢河濱公園","","","24.2569518","120.8239427","1-2小時","","","從豐原有豐勢路經東豐大橋，在東豐大橋下即是。","","","","","ChIJ97ImXGccaTQR1xdPWzCCVzw","停車場、步道、公車站","公園綠地","","自然風景區類、遊憩類、都會公園類"
"56","1406","387300000H","筏子溪門戶迎賓水岸廊道","玩賞攻略◼️「TAICHUNG」熱門打卡地標 筏子溪位於台中高鐵軌道與74號快速道路間，是台中的國際門面 ，搭乘高鐵接近台中時望向窗外，看到地標就知道台中到了。筏子溪永春東路至烏日高鐵站河段左岸高灘地，打造長達1.8公里兼具河岸景觀與親水空間的「筏子溪迎賓廊道」，並設置醒目立體文字地標「TAICHUNG」，迎接到訪台中的賓客們。 筏子溪永春東路至台中高鐵站河段左岸約6公頃的高灘地，以既有河川礫石設置石籠地景藝術、濱水散步道及立體文字地標等設施，其中，立體文字地標「TAICHUNG」更成為打卡熱門景點。在兼顧防洪、生態、文化及景觀下，打造一條國際級的迎賓河，大幅提升當地水岸環境舒適度，也可提供民眾易於親近的生態教育空間，打造大台中地區健康休閒樂活廊道，成為民眾來台中的必訪之處。筏子溪不僅是台中的門戶之河，也展現了河川的豐富生態資源，日出、日落、夜晚都有不同的樣貌，歡迎市民來筏子溪享受多樣河岸風光。 ","","408","臺中市","66000","南屯區","筏子東街一段33-59號","","","24.13048","120.61968","0.5-1小時","","","","","","","","ChIJY7MHzBY9aTQR4kySYOTbk5U","","公園綠地","",""
"57","1434","387300000H","頂魚寮公園","色彩繽紛是頂魚寮公園的特色，融合七彩椅、鯨魚滑梯、故事牆、花園迷宮、漁船造景等外型可愛鮮豔的設施，成為海線最夯的親子公園。","24小時","435","臺中市","66000","梧棲區","八德東路","","04-26564311","24.26558","120.53619","","","","","","","","","ChIJnS8zLLEUaTQRKzXjTmGz26s","","公園綠地","","自然風景區類、遊憩類、都會公園類"
"58","1438","387300000H","中科橫山公園","一條原木棧道、一座石牆堡壘、一座開放式迴廊，橫山公園宛如古裝電影場景，卻又帶有現代簡約氣息，橫山公園廣大的腹地及多元生態吸引許多遊客在此佇足。","24小時","428","臺中市","66000","大雅區","通山路","","04-25658588","24.21123","120.62589","","","","","","","","","ChIJjzYZ33sWaTQRdJvgTkuxDag","公廁、無障礙坡道、無障礙停車位","公園綠地","","都會公園類"
"59","1440","387300000H","葫蘆墩公園","軟埤仔溪流貫其中，它是豐原占地最大的河濱公園。作為2018世界花博場館之一，展期結束，水岸依然群花搖曳，綻放芬芳。","24小時","420","臺中市","66000","豐原區","圓環北路二段65號","","04-22289111#33900","24.26055","120.72187","","","","","","","","","ChIJ9wG8b-sbaTQRO0f0fhw6i7g","停車場、公廁、公車站、無障礙坡道、無障礙停車位","公園綠地","","都會公園類"
"60","1464","387300000H","戰車公園","戰車公園位於大雅區忠義里（緊臨潭雅神綠園道終點站），為自行車道過往遊客停駐參觀景點之一，展示的三台M48A3戰車，為曾歷經炮火戰亂的軍事武器，戰車裝甲旅並曾駐守清泉崗數十年，除役後，由國防部同意撥交大雅區公所，提供民眾觀賞，當地居民都把戰車擺放區稱為戰車公園。1950年韓戰初期，美軍發現當時各種現役戰車無法有效應付北韓的俄製T-34/85戰車，需一種新型戰車應急，因而造成M48戰車的誕生。1950年10月，美國底特律戰車廠開始進行配有90mm主砲戰車的設計工作。同年12月，克萊斯勒公司獲得這種名為1951年12年完成，1952年7月1日克萊斯勒公司正式公佈T48戰車，並命名為巴頓將軍式戰車。","","428","臺中市","66000","大雅區","月祥路305號","","","24.23177895","120.6246954","","","","","","","","","","公廁、公車站、無障礙坡道、無障礙停車位","公園綠地","","生態類、遊憩類、都會公園類"
"61","1627","387300000H","泉源公園","鄰近帝國製糖廠、大魯閣新時代、東光園道自行車道等市區景點，公園區與寵物專區皆提供林蔭，避免夏日活動時偶發的中暑情況，營造共融友善動物環境。","","401","臺中市","66000","東區","樂業一路151號","","","24.1364412","120.6942048","","","","","","","","","ChIJje_IMj89aTQRZE7MEuRNacw","","公園綠地","","都會公園類"
"62","1639","387300000H","后里森林公園","園區內不僅保留1500多棵老樹，還有多條森林步道及裝置藝術，公園草地平整且綠意盎然，提供市民朋友舒適休閒的野餐及散步環境，能盡情欣賞森林美景。周邊還可順遊歷史悠久的后里馬場、自行車道、麗寶樂園渡假區、中社觀光花市及泰安鐵道文化園區、后里動物之家等，歡迎一起暢遊后里在地人文風情。","","421","臺中市","66000","后里區","大山路","臺中市政府建設局","04-22289111","24.30400259","120.7248974","","","","","","","","","ChIJ14tE0KQbaTQRomTIkqZZJSU","","公園綠地","",""
"63","1651","387300000H","圳前仁愛公園","「圳前仁愛公園」位於潭雅神自行車道旁，公園占地面積2.23公頃，為神岡區面積最大的公園。圳前仁愛公園是一座深具空軍意象的公園，內有戰機模型、飛行大道的跑道、直昇機停機坪的觀景平台，還有沙坑堡壘、親水區、生態池等多樣化的公共生活設施及綠美化空間，提供市民舒適的戶外休憩空間。","","429","臺中市","66000","神岡區","中山路1668-5號","","","24.2583896","120.6484779","","","","","","","","","ChIJwScApNMQaTQRcNDGUUlMaeM","停車場、公廁、無障礙坡道","公園綠地","","都會公園類"
"64","1745","387300000H","太平苗圃落羽松","位於東汴國小附近的太平苗圃落羽松秘境，每到秋冬之際轉紅的落羽松，倒映在水池的畫面，是攝影師、網美們爭相拍攝的場景，園區規模不大，圍繞池塘種植約20幾顆，沿著池畔的石頭步道走完一圈不過幾分鐘，小巧卻很有味道，建議搭配附近景點一起遊玩。","","411","臺中市","66000","太平區","山田路大湖巷17號","","","24.1187822","120.8011509","","","","","","","","","ChIJ1YtSCQojaTQRphdtb0w_VNk","","公園綠地","","自然風景區類"
"65","1958","387300000H","廍子公園","春季限定的黃金盛宴！廍子公園內的黃花風鈴木一同綻放，滿樹金黃燦爛，將公園點綴得如詩如畫。吸引眾多遊客前來欣賞這短暫而美麗的春日限定美景，感受春天的活力。","","406","臺中市","66000","北屯區","廍子路418號","臺中市養護工程處(公園景觀維護科)","","","","","","","","","","","","","","公園綠地","","生態類"
"66","28","387300000H","臺中公園","臺灣首座百年公園─臺中公園逾百年的臺中公園，是台中市一直以來的地標，園內林木蓊鬱，還有歷史、人文、動物等元素點綴其中，常說「前人種樹，後人乘涼」，在台灣的市區，要找到像臺中公園這樣綠木群集實不多見，這般的詩情畫意，不知要多久的養成，得以讓後人在疲累的時候，還能找到不花大錢、不需要特別開車跑到山間或溪邊的自然休憩處。 對許多台中人來說，臺中公園是從小到大玩樂休息的好所在，不管運動、或是在湖心亭上划船，有家人相聚的溫馨場所，也有情侶訴說愛意的閒情角落；對旅客而言，臺中公園是台中的地標，是全臺灣首座的百年公園，保有古意盎然的遺蹟，也有地利之便，適合走趟歷史長廊後，前往熱鬧的夜市與車站相當方便，旅館、美食、小吃應有盡有，是絕佳動靜皆宜的行程景點之一。湖心亭          歐風洋式建築的湖心亭，建造於西元1908年(日治時期明治41年)，為慶祝縱貫鐵路全線通車典禮而建，來臺主持的日本閑院宮載仁親王曾夜宿此亭，湖心亭因而聲名大噪；從日治時期開始，湖心亭就一直是臺中市的象徵，在1999年4月17日，湖心亭已正式公告為「市定古蹟」，其範圍包括了涼亭及鄰近的中山橋在內。望月亭望月亭建於西元1889年(清光緒15年)，是目前僅存的臺灣府城遺跡，由於當年清廷來臺灣設省，來臺巡撫劉銘傳將臺中定為台灣省會，因而修建了八座城門以及四座城樓，望月亭即為八座城門中的北門所遺留下來的建築物，隨著時代的變遷，這些舊城樓在日治時期幾乎都已銷毀殆盡，只剩下唯一倖免的望月樓，亭中「曲奏迎神「的匾額，為臺灣知縣黃承乙所提，擁有一百多年歷史的匾額，是臺中公園歷史最為悠久的紀念物，目前現場懸掛為複製品，古物真品暫存於牛罵頭遺址文化園區。更樓原為吳鸞旂公館之正門門樓，吳鸞旂公館約於1980年拆除，臺中市政府為了保留公館的歷史遺跡，將更樓遷移至臺中公園內，是目前臺灣僅存下來的中式更樓建築物。 ","","404","臺中市","66000","北區","雙十路一段65號","","04-22289111","24.14431","120.68571","1.5-2小時","","","從國道一號-台中交流道下，台灣大道往台中火車站方向行駛，至中港大飯店與自由路交叉口左轉，至公園路時即可看到台中公園。","1.客運：(1)搭乘台中客運63、100、102、104、106至中正路站即可到達臺中公園(2)搭乘仁有客運1、6、21、29、31、61至台中公園(雙十路)即可到達臺中公園2.火車：搭乘火車至台中火車站，往公園路方向步行即可到達臺中公園","","","","","公共電話、停車場、公廁、公車站、網路","公園綠地、戶外運動","","遊憩類、都會公園類"
"67","71","387300000H","臺中都會公園","臺中都會公園位於臺中市大肚山台地，面積88公頃，於89年10月28日正式開放提供國人休憩活動使用，為繼高雄都會公園之後完成的第2座都會區大型綠地公園。園區地處大肚山台地稜線上，面積廣闊，又極接近台地的最高點（海拔310公尺），視野開闊，景觀壯麗。往東側眺望，可俯瞰臺中盆地，整個臺中市的美麗景緻盡收眼底。西側有著和東側截然不同的景觀，遠處的臺灣海峽，船隻往來清楚可見，臺中火力發電廠、臺中港盡在腳下。臺中都會公園的設立負起維護大肚山台地特殊自然景觀與環境的重要任務，同時也提供大臺中都會地區居民一個就近認識大自然及休閒遊憩的好去處，並提供野生動、植物一處棲息環境，肩負維護生物多樣性的重要功能。臺中都會公園開園至今，已成為民眾從事休憩活動的重要場所，園區植物已逐漸適應當地環境而穩定生長，隨著植物成長茂盛而棲息的動物、昆蟲生態愈加豐富，本書帶領您認識大肚山台地的地理環境、人文歷史，並介紹園區自然資源、景觀、設施特色及遊程建議，讓公園的寶藏成為全民共享的資源。","室內管理服務中心、展示室、視聽室：AM09：00~PM17：00  戶外場地(夜間開放區域)：AM06：00~PM21：00","407","臺中市","66000","西屯區","都會園路1215巷140號","","04-24612483","24.20787","120.59852","2-3.5小時","","使用園區第二展示室、戶外劇場、辦理團康活動或比賽，請事先洽管理單位申請場地借用手續。","國道一號下中港交流道(往沙鹿)—臺灣大道直行—右轉東大路—左轉西屯路—右轉都會園路，直行可達臺中都會公園 國道三號下龍井交流道(往臺中)—向上路(原中龍路)直行—接中興路—接臺灣大道—左轉遊園北路—左轉都會園路，直行可達臺中都會公園","","","","","ChIJoydnAr8VaTQRsPnBWYHjA-c","販賣部、公共電話、停車場、公廁、觀景台、步道、公車站","公園綠地、戶外運動","","遊憩類、都會公園類"
"68","815","387300000H","麻園頭溪溪濱公園","因麻頭溪溪濱公園交通便利、設施繁多，讓這裡成了當地居民清晨、傍晚散步，假日遊憩的好地方，當傍晚驅車經過，環繞公園慢慢散步，相當浪漫、愜意，放下一身的疲倦，越夜越美麗，即使什麼也不做，坐在公園草坪，也顯得悠閒舒適，而沿著麻頭溪而築的公園，可眺望於溪中悠游的魚群。","全天","414","臺中市","66000","烏日區","中山路二段271號","","04-23368016","24.10858","120.63059","0.5-1小時","","","國道1號下大肚交流道→沿台1乙往烏日方向前進→於中山路二段和新興路交叉口即可看見指標","","","","","ChIJWY7D7aY-aTQR4aShoY4IeW0","步道","公園綠地、戶外運動","","生態類、自然風景區類、遊憩類"
"69","419","387300000H","大坑風景區","921大地震後，車籠埔斷層穿越大坑，地層劇烈變動後，許多專家發現了這裡的溫泉資源，因而開了新的觀光型態。大坑風景區擁有自然生態、溫泉泡湯與便捷的交通，曾獲選台中前十大熱門旅遊景點，遊客千萬不要錯過！大坑風景區目前有14條登山步道，全長約17.7公里，有分難易程度。附近有因921地震而形成的溫泉，還有原來的軍功國小、東山國中因921地震改建為大坑地震紀念公園，保留車籠埔斷層帶遺跡與留頹傾的校舍供教育使用，公園下方與9號步道相銜接，因停車方便、難度適中，是目前最多人假日休憩之去處。第1~8號步道自民國70年初開闢，依大坑山與溪流交錯的天然地形闢建而成，海拔最高為859公尺，即台中市最高點:頭嵙山。9號步道於94年12月開拓，10號步道則於97年3月竣工，9-1號步道於102年11月建造完成。這14條登山步道，每條難度不一，是市民鍛練身體，假日出遊踏青的去處。步道之間皆設有涼亭，登高遠眺，心曠神怡。在人文方面，大坑曾是台灣煙草生產的重要基地，至今區內仍保留一兩座歷史悠久的煙樓，見證過往的繁榮與發展，讓人回味這段歷史。大坑風景區緊急事故處理東山派出所:東山路2段30號，TEL:04-22392713台中市救難協會:東山路2段151-2號，TEL: 04-22110022 露營相關問題-中正露營區電話:04-22390685大坑風景區周邊順遊景點推薦：","","406","臺中市","66000","北屯區","東山路一段383巷","","04-22289111#58511","24.18020188","120.733695","1-3小時","","1. 建議老年與高血壓者盡量不攀登大坑1至5號及5-1號步道。2. 大坑4號步道由於落差極大，有一段300公尺的垂直陡坡。3. 一般而言，大坑6、7、8、9、9-1號步道較適合男女老少攀登，而1至5號及5-1號步道對登山客較有挑戰性，大坑1至5號及5-1號及10號步道因具有陡坡，心臟疾病或體力差者，請勿任意嘗試。4.遊客請注意：山區步道附近如見蜂窩，為避免引來虎頭蜂螫叮習性，除不可主動攻擊及喧嘩騷動外，請登山客勿噴香水，也不要穿著鮮豔服裝等；預防原則請保持距離。5.大坑風景區因路窄不適合大客車行駛路段(台中市政府交通局提供)臺中市大坑風景區:北坑巷、連坑巷、橫坑巷、清水巷、濁水巷、建成巷、光西巷、大湖巷、竹坑巷、民興巷","中清交流道往台中市區，接中清路至文心路左轉，經北屯路直走為東山路，即可達大坑圓環。 中山高速公路北上方向接中彰快速道路，接環中路至松竹路右轉，松竹路左轉東山路，即可直達大坑圓環。中港交流道往市區方向，到達文心路時左轉，經北屯路直走為東山路，即可達大坑圓環。","中台灣客運 1路[ 道禾六藝文化館-中臺科技大學]、20路[ 臺中火車站-潭子火車站(後站)]、                   31路[ 公共資訊圖書館-中興嶺]仁友客運 21路[ 道禾六藝文化館-貴城山莊]台中客運 15路[ 綠川東站-國軍臺中總醫院]、16路 [綠川東站-天星大飯店]、66路 [大坑環線]豐原客運 51路[ 莒光新城-圓山新村]、270路[ 豐富公園-豐原(經大南)]、                 271路[ 豐富公園-豐原(經東興)]、276路[ 豐富公園-豐原(經興中山莊)]、                 277路[ 豐富公園-豐原(經復盛里)]巨業交通 68路[ 鹿寮國中-東海別墅-中臺科技大學]統聯客運 85路[ 高鐵臺中站-國軍臺中總醫院]以上路線均於「大坑圓環」站下車，所在地即是大坑風景區。若欲前往9號步道、9-1號步道以及10號步道，請於「台電東山所」下車。","備有停車場。","","","","停車場、公廁、觀景台、步道、公車站、解說簡報","公園綠地、戶外運動、生態之旅","","生態類、自然風景區類、體育健身類"
"70","846","387300000H","新都生態公園","新都生態公園是臺中市第一個以生態工法開闢的公園，佔地約2.5公頃，以生態工法結合 整體綠美化，引進八寶圳的河水，經淨化處理後，排入下游生態溝渠，並放養錦鯉魚，以作為監測水質及觀賞之用，每到傍晚時分，就成為民眾散步遊憩的好地方。除了生態公園之外，利用綠地串連整體社區生活的互動空間，長度達一公里，規劃興建自然景觀的展演廣場，區內遍植樹木綠草如茵，提供附近民眾休閒活動之場所。生態溝渠用卵石砌建搭配綠帶之步道，是社區居民悠閒散步的好地方，也是兒童嬉戲及生態教育的理想地點。","","406","臺中市","66000","北屯區","和祥路一段","","","24.17346","120.72857","0.5-1小時","","","","","","","","ChIJ_____08YaTQRdzUXfH_pYcg","公廁","公園綠地、戶外運動、生態之旅","","生態類"
"71","1074","387300000H","黎明新村","在1950、60年代，受到兩岸關係緊張影響之下，為了分散行政中心在台北的風險，因此省政府搬遷至中台灣，陸續開發了中部大片荒地，以容納眾多所屬相關機構的單位，與安置跟著南遷上班的員工及其家屬。針對此派人遠赴歐美國家考察取經，回台打造新市鎮，規劃辦公與住家合一的整體社區，採用低密度開發、高綠化的空間設計，彷彿花園城市般讓人心曠神怡的優質居住環境，使得不少當時興建的眷舍新村，演變至今雖然已為老舊社區，但仍然是大家心目中喜愛拍照漫步的私房景點，而黎明新村就在此時空背景之下的產物。中部造鎮計畫從霧峰的光復新村最先開始，後續還有中興新村、審計以及長安新村等公家宿舍的興建，占地41公頃的黎明新村則是1975年最後一批完工，總戶數高達1千3百多戶，傳承了先前的成功經驗，如獨立的汙水處理系統化管線設計，以及排除前人所遭遇的各種問題，像是早期興建的眷舍多為公家所屬，但黎明新村的居民擁有土地與房屋的產權，避免了未來因應政府土地重劃考量，住戶被迫搬遷、眷舍拆除等困擾。除了綠意盎然的自然環境，此社區還具備了完善的公共設施以及健全的生活機能，如活動中心、市場以及幼兒到中等教育學校，也更加吸引許多人想遷移至此居住。","戶外空間全天開放","408","臺中市","66000","南屯區","干城街","","","24.15212","120.63213","1-1.5小時","","","下台中交流道（178.6KM）連接台中港路（台12線）往市區方向直走（遇高架橋，請靠右側行駛高架橋下方）遇黎明路右轉至黎明路二段直行，即可到達","可搭乘長途或國道客運至朝馬站下車後，沿著黎明路二段往南走至大業路口，即可到達。亦可至統聯轉運站搭乘統聯市公車８１路，搭乘和欣、阿羅哈、國光等客運至朝馬下車，可搭乘統聯市公車７５路至「黎明新村站」下車。黎明新村站：７５、８１（統聯客運）干城街口站：２９（仁有客運）環保處站：１０７（台中客運）","路邊均有停車位","","","","遊客中心、公共電話、停車場、公廁、公車站","公園綠地、主題街道","","其他"
"72","1519","387300000H","綠空鐵道1908","臺中車站自1908年全線通車至今已超過百年歷史，自從改為高架鐵道後，原有鐵路轉變為綠色廊帶。綠空廊道從大慶火車站至豐原火車站，長21.7公里，而綠空鐵道為其中一段，自臺中車站往南北延伸1.6公里。以舊鐵道改造的空中花園，保留鐵道文史遺產，串連鐵道文化園區、歷史古蹟及車站商圈等，從上空沿路漫步俯瞰綠川及舊鐵軌，多層次的景觀安排，讓你用不一樣的角度看臺中，步道沿途還佇立著許多雕刻長廊，紀錄百年來舊鐵路的許多回憶，獨特的在地景觀設計，也榮獲國內外許多大獎的肯定。","","400","臺中市","66000","中區","建國北路沿路（國光路與民權路段區間）","","04-22289111","24.13554","120.68265","","","","","","","","","","停車場、無障礙坡道","公園綠地、主題街道","","文化類、遊憩類"
"73","146","387300000H","望高寮夜景公園","望高寮又稱「王田坎」，是大肚台地最高的一處山野，為一座大斷崖。站在眺望平台可以遠看台中港區、彰化大肚溪以南平地、以及臺中市區，夜晚更可以看到三地萬家燈火的夜景。由於地形的優勢，使得望高寮成為一觀日及賞星光的最佳去處。近期更吸引了小販商家到此形成集市，宛如一座不夜城，近期成為市集新熱點，不僅夜景浪漫，更有完善巡邏機制保障遊客安心賞景，附近的嶺東科技大學與其他學校的學生也常結伴到此遊玩，望高寮已成為情侶浪漫夜景。 ","24hr","408","臺中市","66000","南屯區","中台路","","","24.14362","120.5813","1-2.5小時","","","開車路線：由五權西路交流道下高速公路，往台中港方向，忠勇路左轉永春南路右轉，直行即可上望高寮。","搭車：台中客運11線或仁友客運40線可以抵達。","","","","","停車場、公廁、觀景台、步道、無障礙坡道、無障礙停車位","公園綠地、生態之旅","","生態類、自然風景區類、都會公園類"
"74","969","387300000H","坪林森林公園","面積廣達11.7公頃的坪林森林公園，位處國軍台中總醫院對面，鄰近勤益科技大學，原為國防部國軍坪林營區用地，因近年來國軍組織人力精簡，土地的需求銳減，故活化空間改建為一座兼具景觀、休憩與滯洪的多功能生態公園，規劃為3.7公頃的原始森林公園和三萬二千立方公尺的生態滯洪池區，防汛期間提供滯洪及儲水的用途，平時則做為當地民眾的遊憩空間。多樣的生態景觀，完善的服務設施，特別受到幼兒家長的喜愛，假日帶孩童來此處遊玩。坪林森林公園區內包含有環湖步道、親水木棧道、兒童遊憩區等公共設施，還有可容納觀眾1,200人的戶外展演廣場，獨特的造型設計是一大亮點，可提供當地民眾舉辦各種類型活動的表演舞台場地。此外，園區保留了695棵原生樹林，栽種緋寒櫻、落羽松、阿勃勒、黃花風鈴木等樹種，樣貌會隨著四季變化，並搭配滯洪池裡一片綠意的水生植物、悠游其中的魚兒，風景相當優美，令人心曠神怡，適合來此運動散步、欣賞自然生態，或是邀約三五好友在樹蔭下草地野餐。坪林森林公園的興建，不僅僅提供當地民眾擁有一處舒適的生活空間，增加都市周遭的綠地生態環境，減低颱風暴雨的侵襲，導致區域淹水造成附近民眾財產損失的困擾，也進一步調節附近地區的微氣候，改善空氣汙染的情況，整體提升當地民眾的生活品質，替台中打造成為一座綠色樂活城市。","戶外空間全天開放","411","臺中市","66000","太平區","中山路二段 (803國軍醫院對面)","","","24.14812","120.72996","1-1.5小時","","","","","","","","ChIJq6qqangYaTQR8Zm9MSBDXYg","公廁、無障礙廁所、無障礙坡道、無障礙停車位、無障礙導覽圖","公園綠地、生態之旅、無障礙景點","","生態類、都會公園類"
"75","1104","387300000H","柳川水岸景觀步道","白天的柳川呈現悠閒的氣息，水質清澈，可近距離欣賞水中的錦鯉，十分適合親子出遊踏青；而晚上的柳川充滿浪漫的氛圍，走在璀璨的燈火下，看著閃閃亮光的柳樹和裝置藝術天鵝，不僅是拍夜景的好地方，也適合情侶夜晚來此散步。柳川是一條會呼吸的河川，拓寬兩側護岸改為緩坡，有助排水及透水，並藉由滲透及蒸發，減輕暴雨逕流對排水系統的負荷，河岸下方設置水撲滿吸收水份，儲水回抽作為澆灌使用，河道下方則設置滲透性排水管（HDPE管），在枯水期與豐水期之間調整水源，創造出如同海綿般吸水的彈性空間。而為兼顧水質及生態，柳川水源經過上游汙水截流送至中華水質淨化場處理後，現在已有顯著改善，由原先嚴重汙染降為輕度汙染；河岸旁除移植37株喬木，同時也新植38株水柳保留柳川風情，加上流蘇、台灣欒樹及光臘樹等台灣在地原生植栽共159株喬木，讓柳川河道一年四季皆有不同的景色。部分圖片由臺中市政府水利局提供，版權歸臺中市政府水利局所有。","1.戶外空間全天開放，惟汛期間(5-11月)會配合防汛作業進行河道範圍封閉。2.河道範圍燈光開啟部分平日1800-2200，假日1800-2400","400","臺中市","66000","中區","柳川東路三段7號","","","24.14258","120.67715","0.5-1小時","","","","","","","","","步道、導盲磚、無障礙坡道、無障礙停車位","公園綠地、生態之旅、無障礙景點、特色文化","","生態類"
"76","1388","387300000H","亨德公園","早期大肚山頂缺乏水源，居民必須以牛車或肩挑到山下取水，或靠水塘聚集雨水，生活極為不便。民國 49 年在東海大學社會系任教的美籍教授亨德博士（Prof. JamesHunter）有感於居民飲水不易，推動成立「大肚山頂里落生活改善委員會」， 發願協助居民裝設自來水，當時預估總經費需 240 萬元左右，亨德教授除向農復會、臺灣省政府、臺中縣政府等單位爭取經費補助外，並捐出畢生積蓄 60 萬元， 協助大肚山頂居民設立簡易自來水設施。自來水給水工程於 52 年 4 月完工，當時臺中地區有自來水供應的，僅有臺中市和豐原，臨近的東海別墅地區，則至 72 年才有自來水供應。","","434","臺中市","66000","龍井區","中沙路南寮巷70號","","","24.17561","120.56736","0.5-1小時","","","","","","","","ChIJMTJ6Zc4_aTQR7W6TSQyxRjI","停車場、公廁、步道、無障礙坡道","公園綠地、休閒娛樂","",""
"77","1458","387300000H","中央公園","中央公園面積約67.34公頃因應結合水湳經貿園區，擁有臺中之肺的盛名，是一個超大的活動公園，園區結合「智慧」、「低碳」與「創新」三大原則，有獨步全球的十二感官互動設施結合於園區之中進行運用，使得園區與一般性的公園有著極大不同的差異性。廣大的園區面積更利用許多綠色植栽呈現不同風貌的地景，園內有106種喬木，數量達10,000棵以上，其中原生樹種占83%，呈現俱多樣化且適合生物棲息地的都市綠洲，早晨可在高低起伏的地形之間跑步運動；午後可在陽光細撒的林蔭之間漫步；黃昏時可以登上公園的制高點的自我體驗區欣賞晚霞的日落；夜晚更可以在點點燈光中探尋神秘的森林生態，歡迎您的造訪。導覽解說：■有 □無 ■預約制預約電話：04-37062600 轉 201文字出處：臺中市政府建設局","園區:上午6：00～下午10：00遊客中心:上午9:00~下午5:00颱風天皆不對外開放","407","臺中市","66000","西屯區","中科路2966號","","04-37062600","24.1800626","120.6560134","","","","","","","https://cpark.taichung.gov.tw/index.php","","","遊客中心、展示館、販賣部、停車場、公廁、步道、無障礙廁所、無障礙坡道、無障礙停車位","公園綠地、休閒娛樂","",""
"78","1649","387300000H","大雅中科公園","中科公園廣場3座22公尺長的山丘磨石子溜滑梯，相當適合親子共同遊樂。 另外夏日限定的戲水區更是玩水消暑的最佳選擇。今(112)年預計6月15日開放至9月1日，開放期間每周六、日上午10時至下午4時30分，每整點及半點鐘各放水十分鐘，園區內除有水霧水幕噴水設施、汲水器外，還有隧道噴泉、火山噴泉戲水設施、水質過濾設備，一旁也設驛站供民眾更衣淋浴，大幅提升親子使用的安全及舒適性，打造潭雅神綠園道為夏日解暑好去處。潭雅神綠園道為臺中知名鐵馬路徑，遊客除到中科公園玩水外，近年來周邊更增加不少親子共遊設施，如「紙飛機雕塑」及「沙坑」等，推薦可一併順遊。 ","","428","臺中市","66000","大雅區","大雅區月祥路40號","","","24.2202265","120.6183922","","","","","","","","","ChIJlU2fySoUaTQRzXRw2CtmmkE","公廁","公園綠地、休閒娛樂、戶外運動","","都會公園類"
"79","79","387300000H","鰲峰山運動公園","「清水區鰲峰山登山步道」已投保公共意外責任險 鰲峰山運動公園，早期又稱為「清水公園」，位在臺中市大肚山台地北側的山脈，全區佔地約60公頃，與紫雲巖連成一條旅遊動線，每到假日總會吸引不少民眾前往，在廣大的草坪上嬉鬧奔跑、聊天散步、打棒球等休閒活動，園區內設有風箏區，可提供親子享受放風箏的樂趣，也設置烤肉區，可三五好友群聚烤肉聊天維繫情感，加上空氣清新、環境幽靜，是一處適合全家運動休憩的好所在。園區內包含兒童遊戲場、自行車競技場、風箏廣場、賞鳥區、史蹟保存區等規劃。在這裡的自行車競技場，號稱亞洲第一座國際標準場地，而以生產捷安特自行車聞名國際的巨大公司也設廠於臺中，臺中可稱之為自行車的重鎮。賞鳥區內除了可見數種鳥類外，還有其他動物如松鼠、孔雀等出沒，總是會受到許多民眾的好奇圍觀。此外，在其溪谷旁有一座人稱鬼仔洞的石洞，長度約1公里，洞內曲折多變化，為探險的絕佳地點。此區有不同的登山路線可供選擇，去程由情人坡走到清雲寺或太子殿，回程走東山路超陡斜坡到風箏草坪，屬於較為輕鬆休閒的路線，從自由車競技場後方登入走到清雲寺或太子殿，回程走柯蔡宗祠旁的洪水道人工階梯，則為適合想要運動健行的民眾路線，建議大家可依自己的腳力判斷而定，而清水當地居民多習慣走「神社崎」階梯上鰲峰山，沿途綠意盎然宛如漫步在綠色隧道，令人心曠神怡。","隨時可參觀","436","臺中市","66000","清水區","鰲海路100號","","","24.27319","120.58427","2-3小時","免費","戶外活動請做好防曬、防雨準備。","由北南下，開車者可由高速公路中清交流道下，往清水方向走即可達，或由台1線省道轉入市區，由紫雲巖旁小路往山坡上行，即可到達。","豐原客運：於豐原客運豐原總站或台中總站搭乘往清水方向班車，於清水站下車。仁友客運：於台中仁友總站搭乘666號車往清水方向，至清水高中站下車。","路邊停車。","","","","停車場、公廁、觀景台、步道、公車站、無障礙坡道、無障礙停車位","公園綠地、休閒娛樂、戶外運動、生態之旅","","生態類、自然風景區類、體育健身類、都會公園類"
"80","439","387300000H","圓滿戶外劇場","圓滿戶外劇場(Fulfillment Amphitheatre)座落於文心森林公園旁，為民國90年時，市府為提昇文化建設藉以建立城市特色，提出「結合公園綠地與大型戶外劇場」之創新建設計畫。在多方協調積極推動下，圓滿劇場於在民國95年完工、民國97年興建舞臺頂蓋，由臺中市政府文化局管理。劇場舞臺為戶外開放式舞臺之表演空間，舞臺面寬最寬處51公尺 、最窄40公尺 ；深度18公尺 ；至頂蓋最高處11.5公尺 、最低9.5公尺 ，後臺為地上2加1夾層鋼筋混凝土建築物，佔地110坪 ，總樓板面積247坪 ，觀眾席分3層，一般座位總數6009席、行動不便座位20席，合計6029席，若開放公園土坡草皮區為欣賞區，最多可容納1萬5千名觀眾。圓滿戶外劇場自95年8月5日啟用至今，期間扣除頂蓋施工1年期間外，一直持續辦理各類藝文活動，成為臺中市最優質的文化休閒複合公共空間，帶動民眾參與藝文活動的意願，以「文化經濟」理念帶動文化創意產業發展，讓臺中市成功變身為「東方維也納」。","依照表演活動而定","408","臺中市","66000","南屯區","文心路一段289號","","04-23806458","24.14586","120.64555","1-2.5小時","依主辦方所訂票價。","戶外活動請備好防雨、防曬措施。","1. 中山高(南屯交流道下)→沿五權西路往市區方向→至文心路左轉→至向上路左轉，左側即劇場(右側為廣兼停95停車場)。2. 中山高(臺中交流道下)→沿臺灣大道往市區方向→至文心路右轉→至向上路口右轉，左側即劇場(右側為廣兼停95停車場)。中彰快速道路(南屯二交流道下)→沿五權西路往市區方向→至文心路左轉→至向上路左轉，左側即劇場(右側為廣兼停95停車場)。","1.全航客運5路、仁友89路、統聯73路→大新國小站下車。2.台中客運60路、70路→文心路上近大墩七街口站下車。","1. 劇場汽車停車場（位於劇場內，入口臨惠文路），共149個停車格（6個身心障礙汽車格）。2. 劇場機車停車場（位於劇場內，入口臨向上路），共459個停車格（10個身心障礙機車格）。3. 廣兼停95停車場（位劇場臨向上路之另一側，入口臨大墩10街）4. 劇場後方臨惠文路及惠中路、大觀路附近區塊，有多處汽車停車格。向上南路至萬壽棒球場行道上（大墩路），有多處機車停車格。","http://fa.culture.taichung.gov.tw/","","","停車場、公廁、公車站、無障礙廁所、無障礙坡道、無障礙停車位","公園綠地、休閒娛樂、戶外運動、無障礙景點","","都會公園類"
"81","818","387300000H","秋紅谷景觀生態公園","來到臺灣大道二段、朝富路口，就能看到被稱之為「都市之肺」的秋紅谷廣場，投身於秋紅的懷抱，彷佛瞬間從車來人往的繁華都市，進入一個寧靜悠閒的都市森林中，倍感清新宜人。漫步於特殊的凹型廣場內，踩著以木屑鋪成的步道，柔軟舒適，還能聞到淡淡地木頭香，一旁清澈的湖水、翠綠的青苔，跳動的小魚兒，讓人心情雀躍起來，週邊種植朱蕉、垂柳、無患子、黃連木等植物，更兼具育教娛樂的功能。秋紅谷廣場所有的設計與考量都是以人本、綠能與滯洪為最大考量，不僅種植植物所需的灌溉水是以湖水供應，連回填所需用的土壤也是與水利署協調利用大里溪疏濬的土壤，成為全臺首座「下凹式」的生態公園；秋紅谷廣場的設立，是希望讓市民的生活更感輕鬆、從容，同時兼具景觀、生態、滯洪、排水與調節空氣品質等等的功能。秋紅谷的廣場、步道以及人工湖泊，不分白天或是晚上，都吸引著許多人前往散步休憩。秋紅谷及周邊順遊景點推薦：","","407","臺中市","66000","西屯區","朝富路30號","","","24.16796875","120.6390546","0.5-1小時","","","","","","","","","展示館、公共電話、停車場、公廁、步道、公車站、無障礙坡道、無障礙停車位","公園綠地、休閒娛樂、戶外運動、無障礙景點","","遊憩類、體育健身類、都會公園類"
"82","1081","387300000H","阿薩斯雕像","「阿薩斯」是美商暴雪娛樂公司 (Blizzard Entertainment) 發行的電腦遊戲《魔獸爭霸®》 (Warcraft) 系列的主角之一，也是《暴雪英霸®》中深受玩家喜愛的英雄之一。在故事中，他為保護人民所做的艱困抉擇，讓他充滿戲劇張力的一生為許多玩家所喜愛，為《魔獸爭霸》系列中最受歡迎並擁有高人氣的角色。阿薩斯‧米奈希爾出生的那天，整個羅德隆的森林都在低語著他的名字，他注定要寫下筆酣墨飽的一頁傳奇，掀起令艾澤拉斯所有生靈震動的萬丈波瀾。2016年適逢暴雪娛樂成立25周年，特別製作阿薩斯雕像（長4.6公尺、寬2.1公尺、含底座總高4.5公尺，重達1,814公斤）落腳台灣，回饋台灣及亞洲玩家，同時也是暴雪娛樂首座對外開放的戶外裝置藝術品。設計師Steve Wang（王孫杰）是好萊塢的特效造型師與電影製作人，他出生於台北，九歲移民至美國。這項浩大工程動員了30名工作人員，製程超過一千小時（逾九個月）。精湛的技術與細緻入微的設計，讓阿薩斯栩栩如生、氣勢驚人地佇立在草悟道，為市民及遊客打造獨一無二的文化地標。 阿薩斯雕像設置於草悟道南段區域，為北起國立自然科學博物館、南至美術園道的市區景觀，勾勒出更加完整且具連貫性的人文藝術氛圍。帶給國際觀光客更不一樣的旅遊體驗，除深刻推展發揚在地文化特色外，台中更積極與世界脈絡接軌，塑造出具備東方底蘊及西方色彩的全新風貌。 ","全天開放","403","臺中市","66000","西區","西區向上北路100號","","","24.14751232","120.6647569","0.5小時","免費","","","","","https://www.facebook.com/BlizzardZHTW/","","ChIJKZQGyZ89aTQRoAfzxunIYvc","","公園綠地、休閒娛樂、地方展館、特色文化","","都會公園類"
"83","418","387300000H","國立自然科學博物館","國立自然科學博物館簡稱科博館，主要展示區分為六大區塊，包括：太空劇場、科學中心、生命科學廳、地球環境廳、人類文化廳、植物園等。臺中市霧峰的九二一地震教育園區、南投縣鹿谷鄉的鳳凰谷鳥園、竹山鎮的車籠埔斷層保存園區，也成為科博館館外園區，不僅館內內容豐富且深具教育意義，館外的園區也適合休閒踏青，故歷年來參觀人數平均居全臺博物館第二名，高達三百萬人次左右。因應博物館內工作人員的不足，科博館特別自國外引進了博物館志願人員。如此一來，博物館在任何時候都可為參觀者提供良好的服務。優質的科學展示館、熱心的服務人員以及舒適的館區環境，讓國立自然科學博物館成為各級學校經常辦理教學參觀活動的好選擇，更是一處重要的科學學習中心。","週二至週日09:00~17:00，週一休館","404","臺中市","66000","北區","館前路一號","","04-23226940","24.15723588","120.6660604","2-4小時","展示場	NT $120太空劇場	NT $100必可飛劇場	NT $70植物園溫室	NT $20科學中心	NT $20","","國道1號高速公路，臺中交流道(178台中)下，往臺中市方向順臺灣大道至本館。國道3號高速公路，龍井交流道(182龍井)下，往臺中市方向順臺灣大道至本館。","台灣高鐵請在「台中站」下車後，由""出口6""至""第13月台""搭乘高鐵快捷公車159號並選擇「植物園(西屯路)」站下車即可。台灣高鐵請在「台中站」下車後，搭乘台中捷運綠線至「市政府」站下車，再至臺灣大道上之「市政府(專用道)」站轉搭市區公車，請選擇「科博館(專用道)」站下車即可。臺灣鐵路請在「台中站」下車後，搭乘市區公車(路線號次請參考下列公車資訊)，請選擇「科博館(專用道)」站下車即可。公車資訊科博館(專用道)： 300、301、302、302延、303、304、305、306、307、308、308副、309、310、324、310區1、310區2、48、305E、307副、306E、309區、306繞、305W、306W","提供博館路、植物園及西屯路3處停車場。植物園及西屯路停車場提供電梯設施，使用娃娃車或其他行動不便之觀眾，歡迎多加使用。博館路停車場為平面停車場。植物園停車場旁備有大客車司機休息室可供使用。參觀民眾（持票根/恐龍卡）：小型車 30元/小時，大型車 60元/小時，兩者當日最高皆 180元。非參觀民眾：小型車平日 40元/小時、假日(含寒暑假) 50元/小時，大型車60元/小時。","https://www.nmns.edu.tw/ch/","https://www.facebook.com/nmnsTaiwan/","ChIJyzSRBng9aTQRNk-Xj7pbpvc","展示館、販賣部、公共電話、停車場、公廁、公車站、解說簡報、網路","公園綠地、休閒娛樂、教育資源","","生態類、遊憩類、其他"
"84","941","387300000H","東勢林業文化園區","園區前身為「台灣大雪山林業股份有限公司」，為開發大雪山森林資源所成立，擁有60年代東亞地區最大製材廠，為全臺首先導入美式一貫作業之廠區。園區位於台8線起點(約2.3公里處)，國立東勢高工旁，為進出谷關、八仙山及大雪山國家森林遊樂區必經之處，兼具自然生態、林產工業史蹟保存、木雕藝術展示的多元化休憩及環境教育場域，亦為中部地區夏日最佳賞荷景點，目前提供免費入園參觀。","星期三～星期日06:00～18:00；7、8月每日開園；農曆除夕、初一休園","423","臺中市","66000","東勢區","東關路六段1368號","","04-25774146","24.243781","120.833379","2-3小時","免費入場","","自行開車：國道１／國道３－轉國道４東西向－下豐原交流道往東勢方向約11公里。自行開車：國道１／國道３－轉國道４東西向－下豐原交流道往東勢方向約11公里。路線1：搭乘豐原客運[台中]經豐原往[谷關]班車，於[新盛里站]下車，即可到達本園區。路線2：搭乘豐原客運由[台中]經豐原往[卓蘭]或[東勢]班車，至[東勢站(總站)]下車，換搭往谷關班車，於新盛里站下車，即可到達本園區。路線3：搭乘豐原客運由[台中]經豐原往[東勢南站]班車，至[東勢南站]下車，往谷關方面步行約10-15分鐘，即可到達本園區。","路線1：搭乘豐原客運90.153.153副班車，於[新盛里站]下車，即可到達本園區。路線2：搭乘豐原客206.207.208.209班車，於[新盛里站]下車，即可到達本園區。路線3：搭乘豐原客運90.153.206.207至[東勢南站]班車，至[東勢南站]下車，往谷關方向步行約10-15分鐘，即可到達本園區。","備有大、小客車免費停車場。","https://recreation.forest.gov.tw/Forestry/CP?typ_id=0300021","https://www.facebook.com/DongshihForestryCulturePark","","遊客中心、展示館、停車場、公廁、觀景台、步道、導盲磚、無障礙廁所、無障礙停車位","公園綠地、休閒娛樂、藝術空間、生態之旅、教育資源、無障礙景點","","文化類、生態類、藝術類、自然風景區類、遊憩類、都會公園類、林場類"
"85","83","387300000H","勤美誠品綠園道","由知名建築師陳瑞憲與郭旭原將大樓重新改裝設計，原為閒置多時的停車場大樓，在勤美與誠品團隊接手之後，為了讓這棟建物能與週遭的綠意融合，堅守尊重自然的理念，在結合數百位專家克服萬難之後，決定讓四週的綠意往牆面上延伸，打造一座讓植栽與建築共生的都市立體花園。這是台灣第一座大型植生牆，外牆上總共有12萬顆植栽自然生長，配置了3公里長的水路管線，定時提供水份和養份，這些植栽每天能吸收200公斤的二氧化碳，釋放150公斤的氧氣，在夏天還能有降溫節電的效果。動用了建築、結構、景觀、植物等各界的專家，歷時一年多、三十幾次的改圖、無數次的現場勘查及生態研究後，終於克服結構、重力、選種、澆灌、排水、防颱、抗震等困難，成功地將約14萬棵的植栽架上牆面。又為了讓植栽與建築可以永續共生。這裡的植生牆配備了完整的澆灌系統，用超過6千支隻滴管、3公里長的水路管線與數百個噴頭，讓植栽可以循環自生、無須更換，還成為許多花鳥蝴蝶的家。除了建築外觀之外，為了打造一個充滿陽光、空氣、水的綠色購物空間，不惜打掉了購物中心正中央的精華地區、創造挑空5層樓、高達20公尺的室內植生牆，並精心地設計了水循環鏡面水池，架設水中舞台作為文化創意活動的表演場地。3樓誠品書店是中區最大的旗鑑店，讓勤美誠品綠園道成為自然人文新地標，不但榮獲2009國家卓越建設，更代表台灣榮獲素有不動產屆奧斯卡獎之稱的「2010年全球卓越建築獎」。園區裡還有兒童館、音樂館、誠品酒窖及各式主題餐題、精緻超市與多功能展演廳，並有超過百坪的誠品文具館、生活精品、設計師服飾配件，營造出最新創意時尚的氛圍，最適合喜歡精品、創意、時尚的朋友。 此外，它鄰近於國立自然科學博物館、國立台灣美術館、金典酒店、全國大飯店、亞緻大飯店、世華國際大樓等，遊客可以自行搭組行程做一個歡樂的一日遊。","周一至周日 11:00-21:30 不分平假日","403","臺中市","66000","西區","公益路68號","","04-23281000","24.15123","120.66385","2-3小時","","1. 假日期間人潮眾多，需花時間尋找車位。2. 假日期間許多餐廳也需排隊，建議儘早訂位。","1. 北上：國道1號→於南屯出口(136縣道出口)下交流道，朝龍井/台中前進→於五權西路二段向右轉→環中路三段向左轉→走公益路二段→公益路→勤美誠品綠園道。2. 南下：國道1號→於台中出口(台12線出口)下交流道，朝台中前進→於台12線台中交流道出口靠右行駛→台灣大道→於美村路一段向右轉→左轉公益路→勤美誠品綠園道。","1.高鐵：搭高鐵至台中高鐵站，轉搭乘統聯客運159號免費接駁專車(往中國醫藥大學)，至科學博物館(台灣大道)站下車，步行約5分鐘即可抵達。2. 台鐵：搭台鐵至台中火車站，再轉搭計程車前往，車程時間約10~15分。3. 客運：(1)搭乘統聯客運81路，下車地點為草悟道(市民廣場站)，下車後步行時間約1分鐘，即可抵達勤美誠品綠園道。(2)搭乘台中客運27路，共9個停靠站，在草悟道(市民廣場站)下車，之後步行時間約1分鐘，即可抵達勤美誠品綠園道。(3)搭乘統聯客運83路、臺中客運88路，下車地點為中正國小站。下車後沿英才路向南走，於公益路向右轉約5分鐘，即可抵達勤美誠品綠園道。","館內提供4F-14F共1,100個平面汽車停車位","http://www.parklane.com.tw/","","ChIJEQD-2Z09aTQRZnVyOL2OnW8","販賣部、停車場、公廁、公車站、網路、導盲磚、無障礙廁所、無障礙坡道、無障礙電梯、無障礙停車位","公園綠地、百貨商圈、藝術空間、無障礙景點","","其他"
"86","74","387300000H","路思義教堂","來到充滿綠意的東海大學，走在約農路上或是任選一塊草地坐下來，享受靜謐的時間，任由陽光揮灑在身上，與這邊的樹林、草地、蟬鳴及鳥叫融合為一體，靜靜的感受大自然的賜予，生活就是可以這麼簡單悠閒。東海大學路思義教堂為東海人的信仰象徵，位於整個校園的中心，西接教學區，東接宿舍區，東海大學早期樹木尚未繁密之前，校園內任何一處地方都可看到路思義教堂，正因如此，它變成為東海人最重要的精神指標，為著名華裔美國建築師貝聿銘先生的傑作。教堂為了採光及明確表現結構起見，以四片三度曲面板構成，類似倒置船底，其上小下大的形狀給人一種穩定的感覺，從正前方或四十五度角內觀看，最能表現出路思義教堂那「曲線型」的美。每年耶誕節，路思義教堂是慶祝活動的重要地點。位於東海大學內的實習農牧場，飼養了約100頭優良荷蘭血統的乳牛後代，能近距離觀察到乳牛日常生活，同時也設立了 東海大學乳品小棧，販售各式乳製品，有濃郁的鮮乳、優酪乳、牛奶冰淇淋等等，廣受大家喜愛。另外還有校園馬場除了提供學生多元化實習課程、馬術社團，也能讓一般民眾近距離互動。欣賞完校園美景和雅致的教堂之後，鄰近的東海別墅、藝術街及中科商圈都是不錯的好去處，各式各樣的美食小吃、創意商品及精品讓你有得吃又有得逛，同時也讓這一整天的旅遊行程能夠更加的豐富滿足。","教堂開放時間夏季 (04-09月）週一至週五16:30-18:30；週日14:30-18:30。冬季 (10-03月）週一至週五16:30-18:00；週日14:30-18:00。教堂主日崇拜時間為每週日早上9:00第一堂、11:00第二堂。 主日崇拜平均時間為1小時45分鐘 。","407","臺中市","66000","西屯區","臺灣大道四段1727號","","04-23590121","24.17889525","120.6005502","2-3.5小時","","1. 教堂開放可供默想、禱告、靈修。2. 請維持教堂內的莊嚴、寧靜，交談或講電話請至室外。3. 任何食物、飲料請置於教堂入口處前方，離開時請帶走。4. 講台區並非默禱範圍，請勿踏上講台區。5. 請勿攝影 ，拍照僅限於室外空間。","中山高速公路下台中交流道後，走臺灣大道往沙鹿台中港方向， 約三公里即可抵達東海大學","至臺中客運總站、朝馬站或中港轉運站，搭乘60、69、88、106、147路，於東海大學下車，即可抵達，敬請多加利用。","","","","ChIJp6dwUB4-aTQRTQhFCHoWYqQ","販賣部、停車場、公廁、步道、公車站","公園綠地、宗教寺廟","","都會公園類、其他"
"87","125","387300000H","臺中市忠烈祠","臺中忠烈祠在日治時期為第二代的台中神社，1942年由新富町（台中公園）遷建至新高町水源地公園（今台中忠烈祠、孔廟範圍）並升格為國幣小社。1945年台灣光復後，台中神社直接改制為臺中市忠烈祠。【牌樓】三間四柱七樓式混凝土建築，上覆青色琉璃瓦，枋額正中嵌『忠烈祠』，兩旁嵌『成仁』與『取義』，是進入忠烈祠參觀之迎賓大門。【山門】上覆青色琉璃瓦，屋脊配仙人走獸，樑枋為清式彩繪，中為漆深紅色檜木大門，上加九十八顆銅鑄門釘及獸頭銅環，山門兩側對聯『浩氣貫神明偉績豐功崇祠萬古，大名垂宇宙成仁取義永享千秋』，氣勢磅礡。【前殿】前殿屋頂覆黃色琉璃瓦且裝飾仙人及走獸，樑枋彩繪包含麻葉頭 、霸王拳、雀替等。左右兩邊分邊有一六角亭，黃琉璃瓦上覆寶頂及戧獸套獸及走獸，額枋瀝粉彩畫，枋心描西番蓮加連環如意彩繪，亭內繪三菱雲，樑下雕檜木雀替。【正殿】正殿為仿清北方宮殿式混凝土建築，上覆黃色琉璃瓦，屋脊飾仙人走獸，襯深紅色檜木菱花門窗，四周圍豎白水泥斬花崗石廊柱，環以龍頭如意寶瓶勾欄，祭祀台舖暗紅色花崗石，殿內舖設大理石地板及紅色地毯，牆內貼花崗岩片，倍顯靈秀莊嚴。","上午9：00至下午4：00，星期一休館","404","臺中市","66000","北區","力行路二段264號","","04-22332264","24.15276","120.69042","1-2.5小時","免費參觀","宗教場所請勿大聲喧嘩。","臺中火車站右行建國北路至雙十路即可抵達。","臺中客運8、14、15、32、34、36、100線。仁友客運1、2、21、31、61、105、20線可抵達。","路邊停車格。","https://www.confucius.taichung.gov.tw/","","ChIJ7Revc109aTQRlU73A5hefCg","停車場、公廁、公車站","公園綠地、宗教寺廟","","其他"
"88","1626","387300000H","二二八公園","內有二二八紀念碑、捨身救人銅像及勞工休閒中心。四周繁花綠蔭、環境幽美，為民眾休閒遊憩、散步、運動，或社團團康活動之理想去處。因為每個人對二二八事件的解讀不同，引發各種爭議，導致二二八紀念碑自民國84年立碑以來，一直是有碑無文，直至民國92年，在台中市政府積極詳細考證史料，並徵得二二八關懷協會及罹難著家屬們同意下，終於將碑文確立下來，讓紀念碑上能記載正確的史實。","","401","臺中市","66000","東區","立德東街仁和路","","","24.1263924","120.6886422","","","","","","","","","ChIJaz8JyRg9aTQR7z7dFd21c88","","公園綠地、特色文化","","都會公園類"
"89","118","387300000H","后里環保公園","玩賞攻略◼️棒棒糖、幾何圖形意象設計特色景觀。農業處以花田拼布概念規劃建設后里環保公園，九十六年建構完成五座景觀土丘，並劃出二公頃的花海區、三公頃的大草原區、廣達3300平方公尺的人工生態池（進行水生植物及魚蝦復育），以及約1200公尺長的賞花碎石步道等。 其間花海區與草原區經過播種與灌溉，黃波斯、百日草等大鳴大放，呈現出不同的花海風情。站在土丘上，可以享受徐徐涼風，並鳥瞰全景，心曠神怡。 幾何、棒棒糖圖形的地景藝術景觀，還可以利用花廊意象通道，到緊鄰的后里環保苗圃，欣賞各種植栽。","全天","421","臺中市","66000","后里區","舊社里","臺中市政府環保局","","24.2881906","120.705741","1-1.5小時","","","","","","","","","停車場、公廁、步道、公車站、無障礙廁所、無障礙坡道、無障礙停車位、無障礙導覽圖","公園綠地、無障礙景點","","生態類、休閒農業類、遊憩類"
"90","634","387300000H","六寶公園","地點位於大雅區月祥路上，原為軍方用地，後經市府用心規劃活化，將原有鐵路運輸通道轉化為兼具休憩與美感的六寶公園。","全天","428","臺中市","66000","大雅區","月祥路","","04-25663316#300","24.2372","120.62602","1-2小時","免費","戶外活動請做好防雨、防曬措施。","中二高→沙鹿交流道→中清路四段→右轉月祥路→直走即可到達。","搭乘豐原客運或國光客運，於潭子加工區下車前往潭雅神自行車道。","路邊停車格。","","","","公廁、公車站、導盲磚","公園綠地、無障礙景點","","遊憩類、都會公園類"
"91","836","387300000H","潭子運動公園","這裡是朋友聯絡感情的佳處，當來台中找朋友時，在這花上一整天，努力揮灑汗水，在傍晚和假日，每項運動設施均可見運動的人們，整個運動公園充滿活力籃球場隨時可來場三對三鬥牛，而運動公園對面商店林立，運動累了、休息期間還可小憩、補充能量。","籃球場、溜冰場、羽球場、兒童遊戲區全天開放，其他需團體申請。","427","臺中市","66000","潭子區","勝利路138號","","","24.2096","120.70122","1-2小時","","","國道1號下豐原交流道→沿中山路前行→右轉潭興路三段→左轉勝利路即可到達","","","","","ChIJUbnWjXoXaTQR_6A_WbFdjRE","停車場、公廁、公車站、導盲磚、無障礙坡道、無障礙停車位","公園綠地、無障礙景點","","遊憩類、都會公園類"
"92","845","387300000H","龜殼生態公園","占地六公頃的龜殼公園，將原先優養化的淤塞水池疏導，注入活水，打造成生意盎然的生態池。同時重視生態保育的理念更是落實在夜間照明上，低光害不影響生態棲地，又同時兼顧了安全的公園照明，景觀步道在公園裡頭，讓民眾能更近距離的觀察豐富的濱海生態。園內的硬體設備，還包含了裝置藝術的設置，廁所等建築物利用木柵作區隔美化，豐富的生態發展，還有椅子、亭架的設置，另外還有頗具規模的露天活動表演場地，成為台中一大亮點。","","439","臺中市","66000","大安區","溫寮四號海堤","","","24.37134","120.58406","0.5-1小時","","","","","","","","ChIJa_KGGJoNaTQRh3y2EpKwOgg","無障礙廁所、無障礙坡道","公園綠地、無障礙景點","","生態類"
"93","1821","387300000H","馬卡龍公園","位於太平的馬卡龍公園，是一座與各年齡層和毛小孩都共融的公園，各個設施都是夢幻的馬卡龍色系。馬卡龍公園中最吸睛的是如漂浮於空中的遊戲塔及高度達11公尺的溜滑梯，遊戲塔內也設置多種挑戰攀爬設施，各項遊戲設施皆符合兒童遊戲場CNS國家標準，讓孩童在遊戲塔可以充分遊玩，家長也安心。遊戲塔開放時間為上午8時至晚上8時，歡迎民眾於開放時間前來體驗。","","411","臺中市","66000","太平區","環中東路四段19號","臺中市政府建設局","","24.146407","120.7127411","","","","","","","https://taichungmelody.taichung.gov.tw/ParkIntro/Park?ParkId=5caf8524-80ea-48e7-97c6-dae8b63107e4","","ChIJ-1iCUmsjaTQRnO7ipSYBqVk","停車場、公廁、無障礙廁所、無障礙坡道、無障礙停車位","公園綠地、無障礙景點","","都會公園類"
"94","786","387300000H","草悟道","草悟道，北起國立自然科學博物館、南至美術園道綠園道帶狀的都市空間架構，以及沿線的國立自然科學博物館、市民廣場、勤美誠品綠園道、藝文空間、國立臺灣美術館、美食街等活動結點，時而緊湊、時而靜謐的活動強度、氛圍與空間尺度，有濃有淡、有密有疏，如同書法裡「 行草 」般自然流暢的氣韻。 所謂行草，古人解釋為：「 計白當黑，首字領篇 ；左右揮灑，疏密相間；密不通風，寬可跑馬。 」 行草所架構之空間章法，係設計發想的起點，根據行草的律動與韻律，希冀將綠．園．道打造出都會特色空間。因設計上「 行草悟道 」的概念，另有「草悟道」的別稱，英文名稱則定名為「 Calligraphy Greenway 」。草悟道及周邊順遊景點推薦：","","403","臺中市","66000","西區","向上北路","","04-22289111#34000","24.14841","120.66478","1-3小時","","","","公車可搭乘1.至科博館站:48、86、159、300-308、323、324、325號2.英才公益路口:站51路3.經國園道站:107、27、81路4.公益中美街口站:23、72路5.美村忠誠路口:71、72路6.美村公益路口:71、23路7.市農會站:5、290 路","","","","ChIJh5VW1qY9aTQRgVpjgx_xu0s","遊客中心、販賣部、停車場、步道","公園綠地、樂齡專區","","藝術類、遊憩類、都會公園類"
"95","1999","387300000H","湖心亭","位於臺中公園內的「湖心亭」，是臺中市的重要地標與精神象徵。湖心亭坐落於日月湖中央，遊客可以進入亭內休憩，近距離欣賞日月湖的湖光水色與悠游的魚群。除了湖心亭，公園內還有許多珍貴的歷史建築與自然景觀，例如中正橋、中山橋、望月亭以及百年老樹，都非常適合步行參訪。若想體驗老臺中人的經典假日活動，可以在日月湖上划船，從湖面欣賞湖心亭的倒影，別有一番風情。若想深入了解湖心亭的歷史文化價值，園區於每月第 2、第 4 個週日的上午 10 點及下午 3 點提供預約導覽解說服務。此景點地理位置優越，距離臺中火車站步行僅約 10 分鐘，交通十分便利，是認識臺中歷史文化的理想去處。","星期二~星期日 07：00-19：00 (週一為清潔維護日不開放)","404","臺中市","66000","北區","自由路二段","","","24.14367458","120.6842029","","划船每小時 300 元，每船限乘 3 人","","","","","","","ChIJd4ZLdms9aTQRNvhSHJDrebA","公廁、觀景台、步道、導覽解說","公園綠地、歷史古蹟","",""
"96","127","387300000H","國定古蹟霧峰林家ˍ萊園","霧峰林宅，是在阿罩霧的園林與宅邸建築群的總稱。由頂厝、下厝及萊園等三大部分組成。 明台家商所在之『萊園』即由林氏舉人林文欽為侍奉其母親所建，後來以霧峰林家花園之名盛傳全台。林家花園由清領中期興建至今，經歷許多年代，建築風格變化也很大，到後期甚至出現中、西、和三式合壁的一些新建築及庭園。建立於1893年的台中霧峰林家花園，於921大地震中受到嚴重損毀，但林家花園為歷史文化重地，為了延續這意義重大的古厝，林家的後代子孫不斷持續的努力，希望能夠再次呈現林家花園的歷史原貌。早期林家花園為第一代主人林文欽先生為安養其母親羅太夫人而建造，目前位於明台高中的萊園，是座孝親之園，早期園中有12景，五桂樓為其最重要建築，據考證，五桂樓最早建於1887年，初稱「步蟾閣」，是閩南梢燕尾格局的兩層木造建築，一樓為客廳，二樓為羅太夫人起居室。而林家第二代主人林獻堂先生為發揚萊園精神的主角，1905年再次修建五桂樓，成為中西合璧式的風格建築，一樓為紅磚，具巴洛克式圓拱造型，二樓是木造建築，屋頂為傳統硬山型式頂，同時擁有西洋風及台灣味。而日治時期五桂樓更是櫟社詩人們吟詩唱和的聚會所、文化協會裡「夏季學校」的上課處、更是「一新會」、「一新義塾」的活動場域，是林先生聚首台灣精英、保留漢文化的重地。林獻堂文物紀念館於2000年成立，2019年擴大為霧峰林家花園林獻堂博物館。館舍位於霧峰林家花園-萊園(明台高中)內，目前展示林獻堂日記真跡、私人信件、書畫墨寶，以及早年老照片、傢俱服飾等珍貴文物。霧峰林家歷史猶如臺灣百年縮影，透過館藏展覽與推廣活動，讓民眾更能深入了解臺灣重要家族傳承之歷史文化。而921大地震後，經過十年的努力研究與堅持，霧峰林家花園得到文建會文化資產總管理處的支持與協助，終於可以修築萊園的五桂樓，修築的同時也聘任傳統大木匠師賴麒麟與雕刻師曹仁生、水泥匠師施坤益一同合作，採用台灣千年檜木與手工磚等珍貴建材，以現代科技和傳統工法修建五桂樓，目標再恢復1905年的風貌。","8:30~17:00","413","臺中市","66000","霧峰區","萊園路91號","","04-23393071#228","24.0615551","120.7031756","1-2.5小時","入園清潔費門票30元/人。","古蹟為開放式展示，請勿任意攀爬或破壞，並請維護園內清潔。個人可自行參訪，為維護參觀品質與教學區的寧靜，請勿喧嘩。教育文化團體（20人以上）參訪，請於參觀前完成預約確認：一、20人（含）以上教育文化團體，請於參觀前七日完成公文傳真或申請表（請至官網下載）預約，傳真專線：（04）2333-9875；預約專線：（04）2339-3071分機223或229。二、教育文化團體預約流程1.參觀前請先傳真（04-23339875）預約公文或申請表，內容含參訪單位、日期、時間、人數、聯絡方式。2.傳真公文後隔日以電話（04-23393071分機223）確認參觀時間、注意事項。3.完成預約準時報到參觀。","高速公路：國道3號於「霧峰交流道」下，左轉往霧峰市區方向，接中正路霧峰郵局右轉往明台高中。省道：台3線或中投公路丁台出口閘道至霧峰，接中正路往立法院中部辦公室方向，見指標往明台高中可到本園。","客運：台中客運50號、100號、103號、107號，由潭子、台中往省議會方向，聯營客運南投-台中、南投-豐原班次，在霧峰郵局前(中正路)下車，沿指標走約5分鐘即可到達。台灣高鐵：由高鐵台中站搭乘客運至台中火車站轉搭至明台高中。","林家花園停車場。","https://www.thelinfamily.org.tw/","https://www.facebook.com/TheLinFamilyMuseum","ChIJOykEME47aTQRUkLvtBbubW8","展示館、停車場、公廁、公車站","公園綠地、歷史古蹟、地方展館、特色文化","","文化類、古蹟類"
"97","942","387300000H","臺中國家歌劇院","臺中國家歌劇院造型前衛，以「美聲涵洞」概念，採用曲牆、孔洞與管狀等別具一格的設計，整棟建築完全沒有樑柱支撐，也無一處為90度牆面，顛覆了一般建築物的概念。歷經多年的建設，一座與人、與自然共生的劇場即將在臺中誕生。圓弧曲線，靜靜孵育眾人的期待；玻璃帷幕映著藍天，周邊環繞的綠地、流水成為城市的桃花源。「壺中居」歌劇院正面造型猶如曲線的酒壺，觀眾如酩酊般陶醉於節目的精彩，讚歎藝術無盡的可能壺面鑲有多個圓筒窗，夜晚隨燈光投射展現出優雅與溫暖．這裡是表演藝術的搖籃、是人們生活休憩與吸取新知的地方，更是中臺灣文化生活接受翻新的起點。這就是臺中國家歌劇院。美好的事物必經歷充足的準備，特別是一座把藝術、人文內化成生命的場館。1992年，臺灣省政府教育廳規劃「國立臺中音樂藝術中心」，之後變更為「國家音樂廳」，旨在替臺灣籌建具國際水準的表演藝術中心。場館規模及名稱經縝密修正，2005年，才由行政院文化建設委員會（今文化部）正式函文核定「臺中大都會歌劇院」興建工程。 興建工程既已底定，場館建築決議採國際競圖的方式由臺灣、日本、美國、英國、法國等13個國家（32位建築師）的建築團隊分成兩階段進行評選，最終由日本建築師——伊東豊雄脫穎而出。場館建築既然有了清晰的輪廓，長期的籌備亦早已儲備好足夠能量，歌劇院為臺灣國際級場館的營運方向確立。從設計之初到建築完工，歌劇院歷經了時光的淬鍊與嚴峻的考驗。在競圖階段，伊東豊雄採用前衛的設計觀點、挑戰既有的思考模式，預先構思建築的輪廓，再依表演特性將舞台置入曲牆中。第二階段則著重空間效益，檢視設計結構的可行方案，並創新連接大劇院與中劇院的前廳。最後根據歌劇院內部視覺、聽覺等感受，將動線進行微調，回歸到「人」與空間的互動，強調迴盪在「美聲涵洞」（Sound Cave）的藝術能量。表演藝術所要呈現的歡笑、憂傷與感動，都因此獲得渲染與加乘的效果。而臺中國家歌劇院共有58面曲牆，每面曲牆有1372片小係數，每一塊都要量身訂作，無法大規模量產，是一項必需精密計算的浩大工程。由於臺中國家歌劇院興建難度極高，因此被建築業界稱為「全球最難蓋的房子」，而「曲牆」建築工法更獲得建築工法的世界專利認證。 臺中國家歌劇院內部空間包含大型劇院（2007席）、中型劇院（794席）、小型劇場（200席），還有地下停車場及相關公共空間，建築週邊景觀設計也以美聲涵洞做整體規劃。歌劇院內的2014個座位，每個座位都能感受同樣的聽覺饗宴，也無視覺不良區，每個座位都能看見舞台。類似樹屋或洞窟的空間不是帶領人們回歸過去，而是利用現代的技術和建材，解放堅硬冷漠的環境，將線條直硬的城市輪廓，化為充滿生命力量的柔軟場域。環繞場館的流水及空中花園開放的意象，打破了舞台與觀眾、室內與室外的二元區分，重拾現代人逐漸遺失的環境感受力，創造更多人與建築、藝術對話的可能。 建築的「偉大」，不在於用多少鋼筋水泥與玻璃帷幕去構築巨型的輪廓。過去，人們會不顧一切地追求最高、最雄偉的建築，想要證明人定勝天的可能；如今，卻試圖找出與自然、環境共生的法則，回歸到生活的根本——關於「人」的感受。所有人其實都渴望傾訴故事、聆聽樂音、隨舞蹈的步伐律動身體、欣賞傳統藝術的絕代風華，這些，才是臺中國家歌劇院所引以為傲的「偉大」。 與自然共生，流暢的空間溫柔擁抱著人文藝術。如骨骼的圓弧曲牆與具穿透感的玻璃帷幕，太陽光自然灑落，風也能輕易流動；夜晚，這些孔洞則向外放射溫暖的光暈，臺中國家歌劇院的呼吸與生命於是誕生。另外臺中國家歌劇院有一處綠地公園，就連公園裡水溝也延伸至建築裡，打破了室內與室外的疆界。","週日、週二至週四 11:30-21:00  週五至週六及國定假日11:30-22:00 (週一休館)","407","臺中市","66000","西屯區","惠來路二段101號","","04-22511777","24.1626492","120.6403028","1-3小時","","","國道1號：台中中港交流道下往台中市方向，沿台灣大道直行，右轉惠來路二段約800公尺即可抵達。台74線/中彰快速公路：市政府出口下交流道後，沿台灣大道直行，右轉惠來路二段約800公尺即可抵達。台63線/中投公路：文心路往北屯路方向，左轉台灣大道，於惠來路二段右轉。","臺中市市區公車•	臺中國家歌劇院：60、69、75、150•	老虎城：18、49、60、75、150•	河南市政北二路口：27•	惠中路市政北三路口：5、199•	新光三越（臺灣大道）：5、33、48、57、73、77、83、86、88、151、151副、152、153、153副、168、169","請至路邊停車格停放，或至周邊惠安停車場(惠來路二段)、惠順停車場(市政北六路旁)","https://www.npac-ntt.org/index","https://www.facebook.com/npac.ntt/","","停車場、公廁、觀景台、公車站、解說簡報、網路","公園綠地、藝術空間","",""
"98","136","387300000H","豐樂雕塑公園","豐樂雕塑公園建於西元1994年，是一座立體雕塑公園，園區面積達6.4公頃，裡頭有人工湖、活動中心、森林步道、大綠草地、兒童遊憩區以及景觀瀑布，而湖上的拱橋建築與紅色屋頂的活動中心更成為豐樂雕塑公園的代表景觀。兼具藝術美感與休閒娛樂的豐樂雕塑公園，不但是附近居民的美麗後花園，也是許多外地遊客造訪台中的景點之一。平日公園裡，除了有民眾散步、運動外，活動中心展覽室、演藝廳、會議廳也經常舉辦音樂表演、藝術特展、講座等活動，另外也設有湖畔咖啡座與天鵝船，機能齊全、趣味生動，是親子同遊的好去處。","","408","臺中市","66000","南屯區","文心南五路331號","","04-35044259","24.13151","120.64334","1-2小時","","","由五權西路交流道下高速公路，往臺中市區方向直行至向心路右轉，過文心南五路即達。","臺中市公車統聯客運：53、73、85、159（但最近停站為文心南永春東路口）彰化客運：99豐榮客運：127台中客運：藍10","","","","ChIJF3SnnMo9aTQRAF0aZrgGcOc","停車場、公廁、公車站、無障礙廁所、無障礙坡道","公園綠地、藝術空間、戶外運動、無障礙景點","","文化類、藝術類、都會公園類"
"99","143","387300000H","國立台灣美術館","美術館的建築空間強調開闊性與現代感，造型簡潔方整，呈階梯遞降，以天然石片為主要外飾材料。開闊的園區陳列雕塑精品，並有蒐集台灣先賢書家之墨跡而成的碑林廣場。 南面以大片玻璃帷幕引進自然光，在館內形成光影嶙峋交錯的景象，建築體隨著時間與天候的變遷，處處可見光影的層次變化，使建築和天空渾然成為一體。國美館有系統策畫以臺灣美術發展為主軸的各類型展覽，同時致力於國際文化藝術交流。館內圖書資料中心、影音藝術廳、影音平台、教師資源室等學習及休閒空間，讓觀眾透過多元形式親近藝術、探索藝術。另有專為親子設置的兒童繪本區和兒童遊戲室，讓孩子在歡樂的學習環境中體驗玩中學、學中玩的手作互動。數位藝術方舟與資訊轉運站等空間，則讓民眾體驗數位藝術，感受到科技與人文結合的新世界。館內並設有精品店及古典玫瑰園、春水堂、秋山堂。此外，美術館前景致優雅的美術園道和綠園道，隨處可見歐風建築和日式庭園造景，兩側開設了許多具有獨特風味的餐廳與咖啡館，結合創意和異國佳餚的視覺與味蕾感受，置身其中立即讓人忘卻城市喧囂。徜徉於空間創造的藝廊，樂活悠游，在舉足之間體會異國風情綻放的無窮魅力，是遊客來此絕對不能錯過的景點。 展覽空間：一樓展覽室：特展、國際展、雙年展等當代藝術動脈展示空間。二樓展覽室：展出資深藝術家與新銳創作者作品。三樓展覽室：常設展示空間，回顧台灣美術發展史。美術街、水牛廳及下凹庭園廣場:可作多重組合的變化，提供跨領域的展演場域。108展覽室、時光天井、數位藝術方舟：主要展出數位藝術影音作品。","週二至週五 09:00～17:00週六、週日 09:00～18:00週一、除夕、初一休館","403","臺中市","66000","西區","五權西路一段2號","","04-23723552","24.141189","120.6626322","1-3小時","","定時導覽－每週二至周日 10：30、14：30•除部分特展外，本館免費入館參觀。•接受團體預約導覽。本館設有多項無障礙環境設施，包含：無障礙專用停車位、無障礙坡道(各入口處)、電(扶)梯及專用洗手間；服務台另設有友善櫃台，提供輪椅、博物館椅等友善設備之借用服務","◆高速公路-由北前往本館 國道3號→國道1號→台中交流道→台灣大道→右轉美村路→五權西路口→本館◆高速公路-由南前往本館1.國道1號：南屯交流道→五權西路口→美村路口→本館2.國道3號：中投交流道→中投快速道路→五權南路→五權路→五權西路口→美村路口→本館","市內公車統聯客運:23（美術館(美村路)）、56(美術館(五權西路))仁友客運:30(大墩文化中心(五權路))豐榮客運:40(大墩文化中心(五權路))、89(美術館(五權西路))11路環線(美術館(美村路))臺中火車站轉乘公車台中客運:71(美術館(五權西路))統聯客運:75(美術館(五權西路))全航客運:5	(大墩文化中心(英才路))臺中後火車站轉乘公車豐原客運:51(大墩文化中心 (英才路))高鐵接駁公車統聯客運:159(土庫停車場(國美館))","備有收費停車場","https://www.ntmofa.gov.tw/","https://www.facebook.com/ntmofa/?fref=ts","ChIJyVHkNqY9aTQRDilsyqDVfbg","展示館、販賣部、公共電話、停車場、公廁、公車站、解說簡報、網路、導盲磚、無障礙廁所、無障礙坡道、無障礙電梯、無障礙停車位","公園綠地、藝術空間、無障礙景點","","文化類、藝術類、遊憩類、都會公園類"
"100","971","387300000H","臺中文學館","臺中文學館原為日治時期警察宿舍，為活化歷史建築，於2016年8月26日全館開放，共有6棟館舍，包含常設館、主題特展館、研習講堂、主題餐廳、兒童文學區及行政中心。以「臺中文學」為主題，推廣在地文化，讓文學走進日常生活中。臺中文學館是臺中第一座以文學為主題之公立博物館，也是文青休閒好去處。位於柳川東路與自立街交會處的臺中文學公園，面積約2,887平方公尺，為臺中首座以文學為主題的公園，進入園區可見檜木搭建的古老日式建築，為1932年日治時期建造的警察宿舍群，原為面臨剷平拆除的廢墟，後來經過各方搶救被保存下來，103年開始進行修復工作，改建為臺中文學館，用以推廣在地文學家作品，培育市民文學涵養向下扎根，預計六棟館舍將規劃常設展、主題特展、兒童文學展、主題餐廳等，並舉辦相關的展演講座活動，拓展文學更多的可能性。漫步在園區，撲鼻而來的陣陣檜木香，映入眼簾的日式建築、古樸的木板迴廊及綠意的庭院造景，環境清幽恬靜，讓人有如置身於日本街頭的錯覺，是一處充滿日式建築與文學氣息的場域。園區中央豎立一棵令人驚豔的珍貴老榕樹，被視為來到臺中文學館必賞的風景，榕樹高達約3層樓高，因歷史悠久，形成特殊的氣根廊穴景觀，視覺上相當壯觀，吸引許多人在此處拍照留念，若是仔細觀察還會發現一臺前人所留下的腳踏車，被氣根盤根錯節包覆沒有拆除，使人深刻體會到景物依舊，物換星移、人事已非的感受。臺中文學公園除了如一般公園具備的綠美化植栽景觀外，還包含有樹影牆、書夾亭、種子文學廣場等文學元素的巧思設計，以及古代文人雅士雅用來吟詩罰酒助興的遊戲「曲水流觴」、磚牆鑲嵌不同大小位置的方框「老牆說書」、描寫臺中作家趙天儀的新詩《小草》「墨痕詩牆」，讓文學更貼近大家的生活之中，同時也推出定期導覽解說，帶領民眾認識公園的文化故事。此處鄰近不少特色景點如州廳、演武場、第五市場等地，可利用臺中市iBike公共自行車租借服務，漫遊體驗臺中城市之美。開放時間：週二至週日，10:00-17:00，(週一及國定假日休館)館舍地址：臺中市西區樂群街38號聯絡電話：04-22240875導覽解說：■有 □無 ■預約制(平日)預約電話：04-22240875★平日預約導覽：線上預約。其他服務：■ 文創小舖■ 餐飲品牌：NMU幸卉文學咖啡","文學公園 24小時開放；館舍開放時間：週二至週日10:00-17:00，週一及國定假日休館","403","臺中市","66000","西區","樂群街38號","","04-22240875","24.13924","120.67257","1-1.5小時","","","","","","http://www.tlm.taichung.gov.tw/","https://www.facebook.com/tiaichungliteraturemuseum","","展示館、停車場、解說簡報、無障礙廁所、無障礙坡道","公園綠地、藝術空間、歷史古蹟、無障礙景點","","文化類、古蹟類、藝術類"
"101","134","387300000H","國立臺灣體育運動大學體育場館","這裡提到的田徑場，在民國49年改制省立體育場，那時並無看臺，民國52年整修為標準藍曲式400公尺跑道，民國63年興建水泥看台，民國65年舉辦區運會，民國80年裝設夜間照明，在政府補助下，不斷整修、綠化、美化，後於民國93年更名為台中體育學院體育場。田徑場面積122,264平方公尺，可容納25,000人，建議遠道而來參加活動的朋友，將汽車停在三民路或一中街的停車場，步行至臺灣體育運動大學體育場館；公車族則至臺中體育場站下車即可抵達。","","404","臺中市","66000","北區","力行路271號","","04-22213108","24.1523855","120.689796","1-2小時","","","臺中火車站右行建國北路至雙十路即可抵達。","臺中客運8、14、15、32、34、36、100線，仁友客運1、2、21、31、61、105、20線可抵達。","","https://peoffice.ntus.edu.tw/index.php?code=list&ids=1351","","","公共電話、停車場、公廁、公車站","戶外運動","","體育健身類"
"102","800","387300000H","大坑粉紅情人橋","大坑情人橋不論正著看，倒著看，躺著看，遠看近看，白天或夜晚，這座大坑粉紅情人橋皆展現不同風情與樣貌，近看橋塔像是情人厚實的臂膀，遠看像是情人微笑時彎彎的眉。因為玻璃橋面的設計，到了夜晚，情人橋的倒影和橋本身即形成了一個大的愛心形狀，將來到這裡的人們，包裹於其中，也默默地為情人們表達心裡的濃情蜜意。 ","全天開放","406","臺中市","66000","北屯區","部子路366號","","","24.16647","120.72784","0.5-1小時","","","","","","","","ChIJuzvSchEYaTQRxP-bo-X9iGo","","戶外運動","","遊憩類"
"103","1407","387300000H","台中港區運動公園","玩賞攻略◼️台中最美的運動公園◼️國際級正規滑輪溜冰場 港區運動公園建築外觀為藍白色，搭配鮮豔的滑輪溜冰場跑道，吸引民眾在戶外拍照打卡。運動公園規劃有以下設施戶外 / 直排輪溜冰場1F / 服務櫃台、販賣部、體適能中心2F / 運動復健診所、TRX教室3F / 韻律教室、飛輪教室、桌球場、空中瑜珈教室4F / 羽球場其中最大特色為設置台灣首座大型國際級正規滑輪溜冰場發揮場館最大效益，提供海線地區民眾多元休閒運動場所。","06:00-22:00","433","臺中市","66000","沙鹿區","自強路301號","","04-26351013","24.20565","120.57665","1-2.5小時","","","","","","https://kangchu.com.tw/","","ChIJAQQonXEVaTQRQ9nSjn4sYZ0","停車場、公廁、公車站、無障礙廁所、無障礙坡道、無障礙停車位","戶外運動","","都會公園類"
"104","77","387300000H","大雪山國家森林遊樂區","台灣擁有全世界最大面積的高山巨木林，而座落在雪山山脈西南向主稜後段的大雪山森林遊樂區擁有最完整的高山巨木林相，涵蓋了鐵杉林、檜木林及殼斗科植物為主的暖溫帶闊葉林等，每一生態帶均有代表性的巨木留存，是林務局所轄的森林中林相變化最為細膩的遊樂區。地表起伏變化大，海拔高度由最高的小雪山(高度為2,997公尺)走向西南的鞍馬山、船型山及稍來山延伸至約1,000公尺的稍來溪溪谷。小雪線段步道，海拔高度約為2,200～2,600公尺之間，具備了鐵杉林和暖溫帶闊葉林兩種林相特色。步道上段為鐵杉林，林下地被則以地下莖發達的玉山箭竹為主，玉山箭竹成片生長，乍望之下酷似草原。這片森林裡偶爾會穿插著幾棵的扁柏和枯木，似乎也透露出這裡過去曾遭遇森林之火燎原的痕跡，雲霧飄渺之間，蒼鬱挺拔的鐵杉巨木，一幅潑墨山水畫就矗立在眼前！步道下段靠近船型山工作站與鐵杉林交界處的森林，是以森氏櫟、鬼櫟等殼斗科植物為主。這裡的殼斗科植物分佈海拔較高，位於海拔1,800公尺～2,500公尺範圍的暖溫帶闊葉林上帶，從森氏櫟巨木及大雪山賓館前的卡氏櫧可以想見昔日壯觀的闊葉森林。這些殼斗科植物在大自然中提供了許多野生動物，如松鼠、白面鼯鼠主要的食糧，同時亦是許多野生鳥類覓食、活動的棲所呢！鞍馬山工作站至苗圃一帶，是欣賞大雪山晚霞最佳之處。瑰麗燦爛的晚霞伴隨著雲霧山景，如此詩畫般的美景令人心曠神怡。走入環站森林浴步道，扁柏和零星的紅檜依舊是這片檜木林裡最搶眼的主角。此外，昆欄樹、白花八角、高山新木薑子、霧社木薑子、森氏櫟以及僅分布於喜馬拉雅山東部及台灣地區的喬木型杜鵑花等闊葉喬木生長繁密，佔據著檜木林的第二層，與檜木組成了針闊葉混合林。十月入秋之後，檜木上的小膜蓋蕨也跟著換上了秋裝，以紅、黃的彩衣迎接這「秋意上心頭」的季節，展現了迷濛的霧林景緻。而林下地被的蕨類不僅在數量上稱霸，仔細清點種類便可發現時幾種的蕨類在它們最喜愛的潮濕環境中蓬勃地生長著。前往觀景台途中，往大雪山林道另一側的鞍馬山稜線望去，筆直而灰白的冷杉昂然佇立在山麓的高位上，搭配著墨綠蒼勁的鐵杉間雜在其中，邊坡上則為檜木、二葉松和華山松等，加上林下的箭竹草坡，層次對比鮮明的顏色添綴著這座山色，真是令人流連忘返！來到觀景台，360°的瞭望視野是觀賞中部雪山山脈西稜的最佳地點，向北觀看小雪山，往東可見佳陽山和劍山，後方山嶺為合歡山系，轉往南面為白狗大山、八仙山，下方為大甲溪以及已柔腸寸斷的中橫公路，西南方能見度高時還可以清晰地見到玉山，再往西北方則可見到稍來山、鳶嘴山、船型山。眺望遠山的同時，也別忘了不時在您腳邊跳躍的金翼白眉，近距離地觀賞這可愛的鳥兒，肯定為您留下深刻的回憶！另外提醒您最好選擇上午前往觀景台，因為午後這裡便會變成一片雲霧濛濛的世界，此時，若您漫步在大雪山林道時，「小心，帝雉可能就在你身邊喔！」森林中美麗的邂逅，總會在不經意的期待中出現，只要留心觀察，大自然的饗宴俯拾皆是！再從小雪山莊前往天池的途中，這片能邊走邊觀賞的台灣華山松松林，座落在步道兩側，是難得輕鬆步行就能欣賞到的松林景觀。一般松樹的種子都長有一對如翅膀的薄片，是藉由風力散播的種子。然而有「台灣果松」之稱的台灣華山松，其種子卻少了這一對羽翼，卻是靠著碩大的種子吸引如星鴉、台灣獼猴等動物前來採食，藉由動物的攜帶或遺落的方式來傳播種子。這種方式雖然會犧牲掉許多被動物們消化掉的種子，但是藉由動物的行動能力，卻常常能將種子傳播到更遠的地方落地生根呢！來到天池的瑞雪亭歇息一下，這座於民國56年12月落成的涼亭，亭內有林試所首任所長林渭訪先生所題的對聯：『瑞色起青巒天朗氣清四面有情資鑑賞，雪山羅碧樹花香鳥語萬方多難此登臨。』，從文字裡刻劃出天池眺望小雪山的景緻與風光，為這片森林的歷史增添了歲月滄桑與時間見證。千年神木聳立於此，為環境立下座標，資料顯示，這棵紅檜，樹齡約1,400年，樹高約50公尺，胸徑4公尺，胸圍13公尺，曾排名全台第11大巨木。腦海裡盤旋著一段文字《莊子‧逍遙遊》：「今子有大樹，患其無用，何不樹之於無何有之鄉，廣莫之野，彷徨乎無為其側，逍遙乎寢臥其下，不夭斤斧，物無害者，無所可用，安所困苦哉！」。神木之所以得以保存至今，從外觀可以推測出可能是因為莖幹分叉，樹型不佳而得以保全性命，免於遭受砍伐的下場。注意事項1.為防範狂犬病疫情擴散，大雪山國家森林遊樂區禁止遊客攜帶寵物入園。2.大雪山國家森林遊樂區住宿及餐飲服務已全面升級開放(除營地尚未開放)，欲了解更多資訊，請至林業及自然保育署「台灣山林悠遊網」或林業及自然保育署臺中分署網站查詢，亦可電洽大雪山遊客中心(04) 2587-7901。","06:30-17:00","424","臺中市","66000","和平區","雪山路18號","","04-25877901","24.2553261","121.0081845","3-5小時","全票(假日)$200一般優待票$1501.非假日入園者。2.搭乘大眾運輸工具，持有票根者。3.購買二十張以上全票者。半票$1001.軍警人員持有證件者。2.學生(憑學生證) 、兒童(7歲至12歲)。3.因公撫恤遺族，持有證明者。4.遊樂區所在地縣(市)民眾(臺中市民)，持有證明文件者。優待票$101.六十五歲以上者，持有證明文件者。2.兒童(3歲至6歲)。3.小學生非假日戶外教學，由學校組隊，教師帶隊並出具公函者。免票1.身心障礙易辨或持有身心障礙手冊者及其必要之陪伴者一人。2.兒童(0歲至2歲)，需由購票大人陪同。3.績優志工持「志願服務榮譽卡」者。4.公務人員因公出差至遊樂區，有出差單等證明文件者。5.各級民意代表、義警、義消、民防隊員，因業務需要進入遊樂區而有證件者。6.位於森林遊樂區附近之村民因林務農事通過該區時，憑國民身分證得免購門票。7.設籍於遊樂區行政區域(鄉、鎮)之原住民，得持相關證明原住民身分文件，免購門票。","1.	請帶著尊重自然的心，來鑑賞園區內動物、植物、地質、地形與氣象等自然生態之美。2.	請珍惜自然資源，隨手做環保，垃圾減量及分類，回收資源，留給園區清爽的環境。3.	徒步健行與單車旅行最有益健康，亦可充分享受大自然。4.	順著步道前行，避免破壞污染溪床、溼地與地形脆弱的環境。5.	森林遊樂區內不歡迎流動攤販，也請您勿任意購買。6.	請用欣賞、體驗與觀察代替採集、破壞、刻字、污染及捕獵。7.	進入園區內請儘量使用環保餐具，或攜帶可重複使用的容器。8.	在自然的環境中，宜著與自然環境相調和的衣褲、寬緣帽、運動鞋或登山鞋，並隨時預防蛇、蜂與蚊蟲叮咬。9.	在大自然環境中，攜帶或引入外來的動植物，將帶來生態的干擾與破壞。10.	謹慎安靜的旅行，避免干擾野生動物的生息。11.	請學習並尊重社區的生活與文化。12.	除了攝影，什麼也不取；除了回憶，什麼也不留。","下豐原交流道，循10號省道至豐原區,轉3號省道抵東勢,再由東坑街走大雪山200林道直上可抵.由林道入口至鞍馬山莊約43公里，由交流道至此約60.5公里。","從豐原客運台中總站搭乘經豐原往大雪山森林遊樂區的班車，於大雪山森林遊樂區下車。","27K登山口停車場、35K收費站停車場、遊客中心停車場、48K觀景台停車場、49K神木入口停車場、50K神木停車場、49K小雪山旅遊資訊站停車場。","https://recreation.forest.gov.tw/Forest/RA?typ=0&typ_id=0300003","https://www.facebook.com/Dasyueshan/?ref=br_rs","ChIJo_KBYGjjaDQRAeXct0zwb5Y","遊客中心、販賣部、公共電話、停車場、公廁、觀景台、步道、公車站","戶外運動、生態之旅","","生態類、自然風景區類、遊憩類、森林遊樂區類"
"105","1073","387300000H","青桐林生態園區","園區早期造林多種植梧桐與油桐樹，故此地被稱作為「桐林」，每年四、五月份為開花期，桐花如雪紛飛美不勝收。不時可見台灣獼猴、穿山甲、白鼻心野生動物在林間覓食穿梭其中，或是如藍腹鷳、八色鳥等難得一見的台灣特有種動物也有機會遇到。夜晚螢火蟲閃爍微光，成群蜻蜓蝴蝶悠遊山林，是一處觀察自然生態的絕佳環境，佇立於最高點還可遠方眺望九九峰群之美，或是一覽台中市全景風貌。為了讓大家更貼近這片幅員遼闊的原始自然森林，以低開發為原則，避開環境脆弱危險地段，規劃五條網狀環山步道系統，分別為桐林花廊步道、奧山步道、北坑溪步道、北坑溪步道支線、樟樹林步道，總長度高達4500多公尺，並興建六座木造涼亭及觀景台，讓民眾可以依體能耐力狀態選擇登山步道在森林中散步健行，沿途欣賞林相、動植物並作休憩，吸收森林的芬多精，悠遊在自然風光之間，享受美好的心靈饗宴。","戶外地區全天開放","413","臺中市","66000","霧峰區","桐林里北坑溪","","","24.05121","120.78064","2.5-3小時","","登山步道:桐林花廊步道－沿線分布油桐樹，四、五月間為賞桐花步道。步道末端為園區中難度較高的路段。北坑溪步道－沿北坑溪，起點位於二號橋涼亭旁。樟樹林步道－包含九九峰亭、忘憂亭、福山坪，觀山景最佳的路線。奧山步道－步道末端為奧山頂點。","國道3號霧峰交流道下→左轉中正路→右轉吉峰路→左轉民生路直行依指標即達","","有停車場","","","ChIJNY8eqgwkaTQRMQqIHRddAg8","停車場、觀景台、步道、公車站","戶外運動、生態之旅","","生態類、自然風景區類"
"106","1820","387300000H","電火圳生態步道","「電火」在客語、台語皆為電燈的意思，距今已有百年歷史的石岡電火圳，於1922年開始運轉發電，當時為讓石岡家家戶戶都燈火通明，台電公司以人工開鑿電火圳，引入八寶圳水源，提供社寮角發電廠水力發電。電火圳周邊不僅擁有豐富的動植物生態，且綠葉成蔭，行走其間清涼舒適，步道全長2.5公里。電火圳擁有豐富的生態，道路平坦，兩旁樹木茂盛，有相思樹、楓樹、姑婆芋、茄苳樹、血藤及稜果榕等，一年四季多元的生態景緻，一直以來都是在地人的私房秘境，歡迎家庭親子共遊電火圳。","","422","臺中市","66000","石岡區","和盛街13巷51號","","","24.2601163","120.8134052","","","","","","","","","ChIJjW7VAX8baTQRe6a3e73IpQk","步道","戶外運動、生態之旅","","生態類"
"107","395","387300000H","武陵國家森林遊樂區","武陵國家森林遊樂區坐落於台中市和平區與宜蘭縣大同鄉的交界，海拔高度1,800至3,884公尺，占地面積3,760公頃，屬於雪山山脈系統，由武陵農場向北的松林茂密處即為其所在。區內幅員遼闊，海拔落差大，形成斷崖、峭壁、冰斗等地形景觀，蘊藏豐富自然資源，原始森林分佈、多樣物種棲息，以及四季各有不同景致，全年都吸引眾多人潮前往遊玩，親自體會大自然的魅力。群山圍繞的武陵，由於森林多位於向陽坡，屬於偏乾性的森林環境，主要植物以適應乾旱環境的二葉松為主。生態環境保存良好，孕育山羌、長鬃山羊、臺灣黑熊等不少哺乳類動物，特別是人煙稀少的高海拔森林之處，常可見他們的蹤跡，在林間漫步也可發現鳥類白尾鴝、冠羽畫眉鳴叫，曙鳳蝶飛舞，令人驚豔。大甲溪支流的七家灣溪，生存珍貴的物種櫻花鉤吻鮭，屬於洄游性魚類，因地質變動影響，致使其無法洄游，變成陸封性魚類，為冰河時期遺留下來的活化石。橫跨七家灣溪的「武陵吊橋」，橋全長15公尺、限重2公噸，可從橋上用望遠鏡俯瞰，有機會找尋到櫻花鉤吻鮭的身影，往前會進入「桃山步道」，全程約4.5公里，水泥路面鋪成，依山勢呈Z字型爬升450公尺，兩側為蒼翠茂密的人造林，瀑布前有一處景觀台，並在峭壁上可見前國策顧問趙恆惕所提的「煙聲」二字。步道的終點為「桃山瀑布」，又名「煙聲瀑布」，落差約為50公尺，此一路段為著名的賞鳥路線，環境清幽閑靜，林木綠意盎然，野鳥飛翔鳴叫。此區擁有四季變化的高山美景，不僅是一處絕佳的登山據點，也是一處適合賞櫻花雪景、觀瀑賞鳥的旅遊勝地。在豐沛水量的夏季，瀑布水流有如白絹快速傾瀉而下，激起氣勢磅礡的水聲，迴盪在山谷之間，令人相當驚豔，並且霧氣如煙瀰漫，水溫常年保持攝氏13度以下，只要稍微靠近瀑布，便能感受到一股清涼感，在台灣酷熱難耐的天氣之下，頓時暑氣全消，讓人感到神清氣爽，獲得身心靈的放鬆。","24小時開放(配合武陵農場)","424","臺中市","66000","和平區","武陵路3號","","04-25901020","24.3478689","121.3098085","2-5小時","全票	NT$160一般優待票NT$130：軍公教(現職)、原住民、陸一特、團體(30人以上)、學生、僑胞卡半票	NT$80：65歲以上長者、低收入者、兒童","","(1)沿著東台灣之太魯閣路線，循台7或台8甲省道可抵達。(2)從宜蘭市區，沿台7或台8甲省道可抵達。(3)沿中二高南投交流道，接3號省道至草屯，循台14、台8或台7甲省道可抵達。","(1)自宜蘭或羅東火車站，搭乘往梨山方向的國光客運，抵達武陵農場站下車。(2)從臺中市或豐原地區，搭乘往梨山的豐原客運，抵達梨山站時下車並轉搭乘往武陵農場的班車，即可抵達。","有收費停車場，大型車80元、小型車50元、機車10元。","https://recreation.forest.gov.tw/Forest/RA?typ_id=0300001","","","遊客中心、公共電話、停車場、公廁、觀景台、步道、公車站","戶外運動、生態之旅、教育資源","","生態類、國家公園類、自然風景區類、遊憩類、森林遊樂區類"
"108","1512","387300000H","桃山瀑布","名列全台六大瀑布之一，位於武陵國家森林遊樂區內桃山步道的終點處，又名「煙聲瀑布」，海拔2200公尺，落差約80公尺，雨季過後水量驚人壯觀，水聲聲勢澎湃。瀑布前設有一觀景台，可以在山壁上找找日漸斑駁的「煙聲」二字。","","424","臺中市","66000","和平區","武陵路","","04-25901020","24.41410624","121.3025921","","","","","","","","","","遊客中心、公共電話、停車場、公廁、觀景台、步道、公車站","戶外運動、生態之旅、教育資源","","生態類、國家公園類、自然風景區類、遊憩類、森林遊樂區類"
"109","806","387300000H","亞洲大學","亞洲大學以花園型態規劃，佔地25公頃的校園，大量植栽四季開花的樹種，同時舖陳大面積的草坪，點綴著花團錦簇的花圃，太極湖畔還植栽了3000棵玫瑰花，豔麗好看，與宏偉的巴洛克建築，及羅馬競技場外型的體育場，構築優質的花園大學；加上日本國際建築大師安藤忠雄設計的亞大安藤忠雄藝術館，成為大台中地區的新地標。亞洲大學還蒐藏國內外知名雕塑家的雕塑作品，如法國知名雕塑家羅丹的「沈思者」大型雕塑真跡及「吻」、「永恆的春天」等雕塑作品，還有法國雕塑家阿曼「勝利女神詩篇」、「大象與樂器的結合」等雕塑作品，以及竇加「14歲的芭蕾舞者」等、本土雕塑家楊英風「有容乃天」、「鳳凰來儀」等近百件作品，由於校園優美，「亞大的天空很歐洲！」，走在校園裡，宛如置身具人文藝術的歐洲。","全天開放","413","臺中市","66000","霧峰區","柳豐路500號","","04-23323456","24.0461479","120.6874019","1-3小時","","","","從臺中火車站搭乘臺中客運100號公車，到終點站霧峰亞洲大學本校門口下車。","","https://www.asia.edu.tw/","https://www.facebook.com/AU.TW2001/","","停車場、公廁、步道、公車站","戶外運動、教育資源","","藝術類、其他"
"110","1739","387300000H","臺中客家樂活園區","「臺中客家樂活園區」定位以展示臺中大埔特色客家文化、常民社會教育、客家先民生活體驗為主軸，具備客家語言、文化、傳統技藝傳習、運動休閒慢活及集會場域，園區範圍規劃以客家慣用植栽、工藝手法進行環境綠化佈景，提供一個讓民眾樂於參與客家事務相關教學、藝文、創生、集會之休閒空間，藉以充分發揚客家文化傳承，更能活化利用此場域。樂活學習館1樓由農業局成立「農業推廣學習中心」，提供農會辦理訓練、研習跟實作課程，進行農業推廣及體驗活動；2樓由教育局成立「山城創生研習教育中心」，結合山城社會教育資源，提供教育研究發展使用；3、4樓則成立「山城客庄傳習中心」，推廣客家語言、保存客家文化、傳承與發揚山城客家事務。而樂活運動館則為培訓優秀競技運動人才，或舉辦運動賽事的重要基地。以上文字由臺中市政府客委會提供。","","423","臺中市","66000","東勢區","圓樓街1號","臺中市政府客委會","","24.24736319","120.8356056","","","","","","","https://www.hakka.taichung.gov.tw/28009/28210/1960299/1960312/1963744/post","https://www.facebook.com/DSLohas/","ChIJoxPTWTMdaTQR4XKcGZZNQ9o","停車場、步道、無障礙坡道、無障礙停車位","戶外運動、教育資源、地方展館","","文化類、體育健身類、其他"
"111","43","387300000H","台中文心玉市-天目城","全新的『台中文心玉市-天目城』共三層樓，一樓保有傳統風味市集跟精品店面以及玉石翡翠珠寶飾品設計。二樓有藝術家文創藝品、彩色寶石手工藝品以及台中第一條蔬食美食街。三樓規劃為創意文化手工藝的空間平台、有人文家俱展示、手捏陶藝、現場手拉胚教學、古箏及簫笛演奏、香水占卜、台灣工藝師石雕作品、台灣茶具禮品總匯、品嚐高山有機咖啡豆及各式各樣異國精品。琳瑯滿目的商品既可尋寶又有吃的安心的美食，是個老少咸宜的好去處。『台中文心玉市-天目城』擁有著許多新奇的寶物，未來規劃上，不定時邀請藝術家舉辦展覽、講座。集結整合文創藝術交流平台、不僅涵教育意義價值性、教學、文化，歡迎大家光臨一定讓您有意想不到的收穫。以上圖片由台中天目城協助提供。","週一、四、五、六、日09:30~19:00  (每週二、週三公休)","408","臺中市","66000","南屯區","五權西路二段957號","","04-23860417","24.1450655","120.6327704","1.5-2.5小時","","","中山高下五權西路交流道往市區方向，約800公尺向上路交叉口。","【火車站→文心玉市-天目城】台中火車站56號公車>五權西永春東七路站下車>步行3分鐘【高鐵→文心玉市-天目城】高鐵接駁巴士160號>永春東七路口站>步行1分鐘【舊玉市地址→新文心玉市-天目城】(舊)文心玉市搭53、73、85號公車>文心五權西路口站下車轉56、75號公車>五權西永春東七路口站>步行1分鐘","","http://www.tian-mu.com.tw","https://www.facebook.com/tian.mu.square/","ChIJ31-G1Y09aTQR04apKKyA5Zo","展示館、販賣部","主題街道","","其他"
"112","120","387300000H","湖水岸藝術街坊","仿佛置身在歐洲某個小國家的某個街道上；坐在這裡，細細品嚐著濃濃茶香與咖啡香，看著對面的豐樂公園內有人在遊玩著，也有人坐在公園內休息，閒話家常，好不悠閒。另外，來到這裡您除了可品茗外，這裡的每一間店都值得你細細品味。在湖水岸藝術街坊享用美食之後，再到豐樂公園漫步夜遊，會享受到意想不到的生活品味！","","408","臺中市","66000","南屯區","文心南五路與向心南路口","","","24.13153","120.64449","1-2小時","","","由五權西路交流道下高速公路，往臺中市區方向直行至向心路右轉，過文心南五路即可見湖水岸藝術街坊的標示牌。","統聯客運總站搭統聯客運73號，在豐樂公園站下車，往回走右轉文心南七路直走，共約10分可到。","","","","","","主題街道","","文化類、藝術類"
"113","156","387300000H","天津成衣街","就如臺北的五分埔、永和的中興街，臺中的天津街也聚集了許多成衣批發商。第一次來這裡，會對地上堆滿的一疊疊以透明塑膠袋裝著的衣服感到新奇，仿置身於迪化街辦年貨。這兒的衣服多是商家直接到國外工廠批貨，然後運回臺灣。散客若是來這裡，或許會有不錯的斬獲！","營業時間依各店家為主","404","臺中市","66000","北區","天津路二段","","04-22235656","24.16992459","120.6720847","1-2小時","","","國道一號大雅交流道(往臺中)出口下，直走中清路，接大雅路，遇天津路 口，左轉即是天津路商圈。","大眾運輸─公車臺中客運06、09、33、101、108、115 (天津路商圈站下車)統聯客運61(天津路商圈站下車)仁友客運29(天津路商圈站下車)大眾運輸─BRT藍2線綠能環線街車(臺中一中站下車，步行約5分鐘)","","https://www.facebook.com/Tianjinboy/timeline","","","公車站","主題街道","","其他"
"114","351","387300000H","昌平路皮鞋街","臺中北屯區的昌平路，曾是手工製鞋的重要聚落，早年以精湛工藝紅遍全臺，吸引來自各地的內行人專程前來選購與訂製皮鞋，假日更常見人潮熙攘、熱鬧非凡的盛景。時至今日，昌平皮鞋商圈仍以MIT的精緻工藝展現獨特魅力，是臺中不可錯過的質感選物地點。想要走出專屬風格，「行在昌平」正是最佳選擇！","營業時間依各店家為主","406","臺中市","66000","北屯區","昌平路一段與興安路一段之間","","","24.1678","120.69302","1-2小時","","","中山高下中清交流道，沿中清路往市區方向，遇文心路四段左轉，遇昌平路一段再右轉，直走至北屯路即可到達。","臺中客運14 (北屯昌平或文心昌平站下車)統聯客運53、85(文心昌平站下車)巨業客運68(文心昌平站下車)豐原客運200 (昌平路口站下車)豐榮客運127(文心昌平站下車)","","https://www.facebook.com/CPshoes","","","","主題街道","","其他"
"115","378","387300000H","成功路青草街","成功路青草街原屬於第一市場的一部分，隨著第一市場的改建，青草街如今保留著傳統特色，吸引著前來的遊客。青草店不只買賣青草，更提煉青草茶、冬瓜茶、養肝茶、洛神茶、靈芝茶、枸杞茶等，雖然青草店老闆並非中醫師，但他們可懂得不少民俗醫療偏方，雖不能掛牌把脈，但也滿足了不少前來抓草藥的人們。","營業時間依各店家為主","400","臺中市","66000","中區","成功路90巷","","","24.14011","120.68452","0.5-1小時","","","於臺中交流道下，往台中市區方向行駛（臺灣大道），約30分鐘左右可抵商圈。臺中火車站前的建國路往右手方向走，遇到成功路左轉約5分即可看到90巷。","","","","","","","主題街道","","其他"
"116","380","387300000H","南屯老街","南屯老街除了有老廟福德祠及古蹟萬和宮之外，沿街錯落著老式建築，有古厝、老店，這些建築保存著濃厚的歷史風情。街道上可見閩台式建築形式的「穎田堂」，以芒草為鋪蓋成頂的古厝群，左側護龍為二層樓房街屋形式的「求是堂」，其他尚有「瑞濟堂」、「煙寮」、「牛墟」。有老街就會有老店，這些老店保存著百餘年的歷史，建築風格獨特，橫樑上掛著匾額，鑲嵌著古早的鐵製牌照，門牌上印有歷史的痕跡，見證了歲月的流轉。走過歷史歲月，這些老店仍保有當年的風情，讓人不禁懷古，細細品味老街的魅力。","營業時間依各店家為主","408","臺中市","66000","南屯區","南屯路二段","","","24.13909","120.63948","1-2小時","","","１．走國道１號→下中港交流道→中港路→文心路右轉→萬和路即可到達。２．走國道１號→下中港交流道→中港路→至黎明路右轉續行→再遇南屯路可抵達。","仁友客運總站搭仁友客運30號、40號在南屯站下車，往前走。","","","","","","主題街道","","文化類、其他"
"117","827","387300000H","石岡老街","其實來到這裡，幾乎已看不見老街景像，若非事先查詢資料，很難找到老街位置和舊建築。行程上，石岡老街不會是主要行程，會以東豐自行車道綠廊為主，建議景點為石岡舊火車站、0蛋月台、石岡情人橋、石岡大壩，而東豐自行車道綠廊也代表著石岡區過往的繁華榮景，而在車站旁突然高起的地勢，是因921大地震而凸起的地形。","全天開放，老街店家依各店家為準","422","臺中市","66000","石岡區","石岡街","","04-25722511","24.27608","120.77608","0.5-1小時","","","國道4號至末端交流道→左轉台3線豐勢路二段→沿豐勢路前進即可抵達","","","","","","販賣部","主題街道","","文化類、小吃/特產類"
"118","1075","387300000H","太平光興隆大橋","九二一震災紀念公園附近的台中太平區光興隆橋，跨越頭汴坑溪，銜接太平路與興隆路一段兩條道路，建造於民國72年，距今已30多年的歲月，歷經921大地震、多次風災的摧殘，橋梁年事已高老舊，被列管為危險橋梁，部分橋面斑駁、水泥剝落，橋墩有鏽蝕的痕跡，耐震度也不足，再加上橋面狹小，僅有7.5公尺寬的兩個車道，時常汽機車需要爭道險象環生，導致這個路段交通事故頻傳。在台中縣市合併以後，102年開始動工改建，打造一座嶄新雄偉的光興隆大橋，長度232公尺，寬度20公尺，拓寬橋面成為雙向四車道，並配合都市計畫，橋梁兩頭的道路也拓寬拉直200多公尺，大幅改善地區居民的交通，解決原路段路樹阻礙視線不良、彎道過彎、坡度過斜等問題。橋梁設計以蝙蝠的姿態為意象，象徵取蝠(福)到太平的意思，期盼用路人途經此路段順利通行、平安回家。 光興隆大橋的鋼索上設置LED景觀燈，可見藍、綠、紫、黃等多種色彩的光影變化，橋梁兩側增設人行自行車道，與頭汴坑溪沿岸的休憩空間相結合，讓民眾可以輕鬆騎著單車，欣賞河岸城市美景。在夜色逐漸昏暗之下，光興隆大橋透過璀璨燈光的營造，散發出來令人目眩神迷的風采，夜晚的興隆大橋將會是台中太平區絢爛耀眼的新地標，也是附近民眾平日休閒散步的好去處。","室外空間全天開放","411","臺中市","66000","太平區","太平路與興隆路一段交會處","","","24.11644","120.72566","0.5小時","","","","","","","","","無障礙坡道","主題街道","","其他"
"119","1076","387300000H","大坑景觀橋","在臺中北屯區有新桃花源橋、浪漫情人橋、大坑清新橋、藍天白雲橋及海天橋等不同主題特色的文化景觀橋，橋梁連接了四號道路，通往北屯區、大坑區、太平區等地，讓往來的居民交通生活更加便利。景觀橋別出心裁的設計，不論白天或夜晚，各自散發獨特的韻味，民眾特別喜愛來此拍照散心，再加上此處人車不多、地處空曠，入夜後適合結伴騎乘單車，一邊感受閑靜的河岸風光，一邊眺望越夜越美麗的橋群面貌。新桃花源橋為大坑景觀橋群之中最早興建，同時也是最大的一座橋樑，它的外觀為白色的涵洞式造型，橋面兩側設有人行步道，便於民眾悠閒散步、觀賞沿途風景，值得一提的是，步道上的楓葉裝飾，為大坑地區的特色之一。側面看來像座豎琴的浪漫情人橋，以斜拱式的鋼管建成，粉紅色的外型，地面玻璃的設計，是一座為行人專屬的陸橋。古典幽雅的藍天白雲橋，以藍白兩色做搭配，採用天壇衍架的型式，與晴空中的藍天白雲相呼應，夜幕低垂之時，橋樑點燈閃耀迷人的光芒，映襯著黑夜星空，彷彿是一座通往奇幻樂園的入口，相當引人入勝。噴泉式肋骨形狀打造的大坑清新橋，象徵大坑地區青翠山林的景色，因橋樑特殊的弧形、對稱的外觀設計，狀似一隻展翅高飛的蝴蝶，因此也有人稱作「蝴蝶橋」。在夜間璀璨的燈光點綴之下，整座橋宛如一場精彩的燈光水舞秀，綠色的弧線鋼樑像是水柱噴發，搭配鋼樑末端的明亮藍色光點，呈現活力動感之美，絢麗奪目的樣貌，早晚總是吸引不少攝影愛好者駐足此處拍攝留下紀念。景觀橋群鄰近新都生態公園和大坑風景區，可安排早上先行前往兩地遊玩，傍晚夕陽西下再來景觀橋吹風散步，欣賞星光夜色，度過浪漫美好的一天。海天橋為白色山形的美麗橋梁，由松竹五路延伸橫跨旱溪東、西路，命名含意為「海天一線、心手相連」。浪漫情人橋整體粉紅色的外觀，給人浪漫、溫暖的感覺，詳情可參考大坑粉紅情人橋景點專頁。","戶外空間全天開放","406","臺中市","66000","北屯區","軍福十三路","","","24.16647","120.72786","1-1.5小時","","","","","","","","","","主題街道","","其他"
"120","1436","387300000H","大肚藍色公路","藍色公路不僅夜景絕美，白天因為居高臨下，蜿蜒公路和藍天彼此對映，與黑夜呈現不同的亮眼藍調。","24小時","432","臺中市","66000","大肚區","大肚藍色公路","","","24.1561713","120.5682886","","","","","","","","","","","主題街道","","其他"
"121","1811","387300000H","清水老街","清水是臺中海線的古老文化小鎮。從鰲峰山牛罵頭遺址的發現，可印證此地早在三、四千年前便已開始發展；三百年前漢人來此開墾，更奠定了其生活及信仰中心的地位。來到清水，不妨漫步於古道巷弄之間，並品嚐當地的招牌米糕，以及外皮金黃酥香、內餡鮮美飽滿的炸粿，讓味蕾也一同沉浸在懷舊的氛圍中。","","436","臺中市","66000","清水區","大街路","","","24.2678408","120.5779161","","","","","","","","","","","主題街道","","文化類"
"122","1841","387300000H","海墘老街","大安區海岸線除了觀紅樹林、防風林外，康熙年間已有開墾紀錄的海墘，也是不容錯過的古老聚落。從轉角遇見的古舊紅磚街屋、防沙牆上彩繪隱隱一窺海墘的當地歷史點滴。","","439","臺中市","66000","大安區","大安港路1206巷20號","","04-26713511","24.3802766","120.5858539","","","","","","","","","ChIJK_wyzLwNaTQR6TYrajHdpvc","","主題街道、地方展館","",""
"123","1628","387300000H","興大路阿勃勒黃金大道(興大綠園道)","東區的興大綠園道種植逾百株的阿勃勒，綿延數百公尺，每年5至6月的阿勃勒花季，盛開的金黃色花串，宛如置身於金色夢境的「黃金隧道」，成為市民和遊客拍照的絕佳場所，吸引大量的市民、學生及遊客駐足觀賞。","","402","臺中市","66000","南區","興大路","","","24.1237473","120.6792945","","","","","","","","","ChIJXZs6GbA9aTQRKz6jQ6vCPgE","","主題街道、花園農場","","其他"
"124","811","387300000H","大里老街","烏溪後因泥沙淤積、河川改道，加上日據時期，基隆和高雄為台灣主要對外貿易口岸，和台中政經遂移往今台中車站，讓曾日正當頭的大里，也邁向黃昏，如今來此僅保留當年匯聚南來北往的大里杙站、和長約兩百公尺紅磚道鋪建的大里老街，老街上僅剩以慶源堂為主老屋，當年木造建築結構，其餘已不見當年繁華痕跡。建議來大里老街前，先了解大里老街故事，較能想像這裡過去繁華榮景，慢慢品味老街的過去；雖然碼頭位址保存在老街盡頭，但過往的建築景觀也不復存在，有機會來到這裡，仔細觀察，將發現店面是狹窄長型，主要原因是當年這裡寸土寸金，租金十分昂貴，不難想像過去這裡的繁榮，透過歷史故事和遺址，了解物換星移和交通樞紐造就的繁榮，引鑑過往，也能更加了解台中的近代發展。另外深具特色的部分，就是騎樓與房屋的屋簷分開的「亭仔腳」，相當值得一看。","老街全天開放，店家依各店家為準","412","臺中市","66000","大里區","大里街","","04-24063979","24.09739","120.67733","1-2小時","","","中投公路(台63線)→德芳路三段口右轉→第一個路口右轉→爽文路→大里路左轉→大里街口右轉→第二個路口左轉→大里街","","","","","","販賣部","主題街道、樂齡專區","","文化類、小吃/特產類"
"125","841","387300000H","梧棲老街","來到梧棲老街，感受百年歲月，激盪的歷史雲煙，沒有叫賣的市集、沒有擁擠的觀光人潮，有種寂寥之感，那是繁華過後的素靜，歷史沉澱後的滄桑。漫步在梧棲老街上，可以欣賞到古老的建築、傳統的店家以及豐富的地方美食，「花甲男孩轉大人」影視劇也曾在此取景。 ","全天開放，老街店家依各店家為準","435","臺中市","66000","梧棲區","梧棲路頂橫街","","","24.25776","120.52993","0.5-1小時","","","國道3號下沙鹿交流道往清水方向→左轉三民路→右轉中棲路→右轉文化路二段→左轉頂橫街","","","","","","","主題街道、樂齡專區","","文化類"
"126","1468","387300000H","Hione World海灣樂世界","位於台中市北屯區亞洲最大親子寵物友善空間！有毛沒毛，卯起來玩就對啦~特寵業字第1090014號-01IG：https://www.instagram.com/hioneworld/粉絲專頁: https://www.facebook.com/hioneworld/園區介紹海灣樂世界占地2萬坪，是亞洲最大親子樂園特設寵物友善空間，坐落於台中大坑風景區耗資20億打造，於2020年七月正式開幕。金剛蝦餐酒館研發獨家美式特調醬料，手抓美式吃海鮮超豪邁，擁有兩百席位寬廣室內冷氣空間，眾人聚會的首選場地，還附有奢研發獨家美式特調醬料，毛寶貝也能一起共享美食~合掌主題泡泡屋主題泡泡屋，除了有小朋友最狂熱喜愛的主題娃娃，大朋友還能在室內吹冷氣，饗野餐泡上茶小歇一下喔～祈福源地向漂浮在天空中的「福貓君」、 「四面狗狗」、「臥貓」虔誠的合掌祈福，聽說願望就會偷偷被實現！旋轉木馬因為對藝術文化的堅持，海灣集團(3252)秉持著「藝術沒有承傳,歷史將是一片空白」將藝術融入旗下品牌的每個角落，歡迎與我們一起，在合掌屋環繞的草原上，搭配輕快的音樂與療癒的節奏，享受最純真的幸福。啵比商城在最奇幻的場景中，品味最療癒的香氛，歡迎來到啵比商城尋找生活中缺少的美好寵物七星級飯店毛寶貝也能享有七星級待遇!提供寵物寄宿、寵物美容、寵物攝影、寵物講座、藝術家畫展、等服務的奢華城堡! 交通資訊搭乘大眾運輸工具:搭乘豐原客運270、271、276號，統聯客運66號或仁友客運21號至東山竹坑巷口下車，即可抵達。自行開車:國道1號下中清交流道走台74縣(往霧峰方向)下22松竹交流道接東山路一段(往新社方向)過大坑圓環東山路二段151-2號即可抵達。圖文出處：海灣樂世界","週一至週日10:00~18:00，週三公休","406","臺中市","66000","北屯區","東山路二段151-2號","","04-22399520","24.19896315","120.7641971","","","全票$350元(可折抵園區消費$200)停車費$100元(可全額折抵園區消費)3~11歲兒童票$100元寵物門票$100元三歲以下免費入園*部分設施另計費用","國道1號下中清交流道走台74縣(往霧峰方向)à下22松竹交流道à接東山路一段(往新社方向)à過大坑圓環à東山路二段151-2號即可抵達。","搭乘豐原客運270、271、276號，統聯客運66號或仁友客運21號至東山竹坑巷口下車，即可抵達。","","https://www.facebook.com/hioneworld/","","","販賣部、公廁、公車站","主題遊樂園","",""
"127","76","387300000H","八仙山國家森林遊樂區","八仙山森林遊樂區位於台中市和平區，主峰海拔2366公尺，約為八千台尺，因而得名「八仙」，區內森林蒼翠，氣候清爽宜人，十文溪與佳保溪匯流其間，溪水源自深山森林，水質清澈，溪中大小岩石遍佈，處處潺流。自然生態資源豐富且昔日為台灣三大林場之一，擁有濃郁的林業人文風情，是您假日休閒體驗大自然最佳的去處！八仙山森林遊樂區位於台中市和平區境內，海拔介於700至2,938公尺間，八仙山、馬崙山等皆位於境內。而八仙山森林遊樂區地處佳保溪匯入十文溪處的沖積台地（佳保台）上，二溪的水質清澈潔淨，水量充沛。十文溪溪谷壯麗，風光優美，溪中怪石嶙峋，白淨、灰綠的巨岩呈現不規則羅列，倘佯其間，塵俗頓然拋諸腦後。碧藍的溪水流經巨岩，激起白色浪花，夾岸翠綠的森林，質樸純淨，令人有遺世獨立之感。目前的八仙山地區是以二葉松、台灣五葉松、肖楠、杉木及殼斗科植物為代表植物。二葉松分佈於崩塌地以及開發過的向陽山坡，因本身含有大量松脂，極易發生森林大火。而台灣五葉松多分佈於山脊上，在八仙山的台灣五葉松年齡都較高，顯示台灣五葉松存在於十文溪流域中相當長的一段時間了。崩塌地除了慢慢會被山黃麻以及一些先驅植物進駐外，在多霧的環境裡，大型的岩塊上也會因為有潮濕的霧氣而附生了許多蕨類植物：骨碎補科的海州骨碎補、杯狀蓋陰石蕨以及水龍骨科的崖薑蕨、絨毛石葦、石葦、槭葉石葦等成為本區最常見的物種。在「先驅物種」的「開疆擴土」下，逐漸地，一些樟科、楠科以及殼斗科植物加入了形成次生林的成員，漸漸覆蓋住崩塌地，此時，次生林中也開始有一些藤類植物攀爬在這些年輕的樹木上：菊花木、血藤、黃藤逐漸佔領林內其他的空間。有了植物提供的「衣食無缺」環境，昆蟲也慢慢地進駐這片新生的森林中，進而引來以昆蟲及植物果實為食的鳥類：青背山雀、赤腹山雀、灰喉山椒鳥、小卷尾、朱鸝、繡眼畫眉、綠畫眉、小啄木等鳥類所組成的混群，加上冬季由高海拔山區降遷的許多特有種鳥類，讓這個溪谷更加熱鬧，更使得坐落在十文溪畔的八仙山森林遊樂區成為台灣中部最適合進行生態觀察的地點。遊樂區內的地質多為脆弱的砂岩、粘板岩以及硬岩所組成。由於受十文溪的沖刷切割，區內山勢相當陡急，也因此並未受到過多的干擾，水質特別清淨，生態資源也因而更豐富，每年的秋季，許多在森林底層長大的梭德氏赤蛙就會不約而同來到十文溪中參加年度的集團婚禮，等到小蝌蚪在溪流中成長為幼蛙後，牠們又會跋山涉水地回到森林中。而在十文溪內也可以看到翠鳥、鉛色水鶇、台灣紫嘯鶇、河烏、綠簑鷺、小剪尾等溪澗型鳥類，可說是喜好在溪流環境活動的留鳥幾乎全員到齊了。八仙山的開發肇始於雲霧中珍貴的檜木林。1911年，日人因八仙山標高將近八千日尺（7,998日尺，約為2,410公尺），原擬名「八千山」，之後才以較典雅的「八仙山」名之。但是整體的開發則是始於1914年，當時由日本總督府殖產局指示阿里山作業所先行進行調查測量，以開發林區中的檜木、香杉、鐵杉等為主要的目標，計畫伐區總面積約14,600公頃，包含八仙山、白姑大山等地區。次年，總督府之下設營林局，從此八仙山林業之經營遂脫離阿里山作業所，而改隸於營林局。並從豐原鋪設森林鐵路進入八仙山區。在伐木盛期，曾有眾多伐木工人居住此地，並在佳保台興建學校、招待所、辦公廳、神社等，儼然就是一個小型的社區。昔日八仙山林場與阿里山、太平山並列為台灣三大林場之一，台灣光復後，則改制為八仙山林場，繼續進行林業經營。八O年代全面停止伐木後，八仙山林區才開始朝向休閒觀光發展，因而設置森林遊樂區。而國小、神社都在地震以及歲月的流逝中失去了蹤影，八仙山通往豐原的森林鐵路也因為崩塌以及年久失修等眾多的因素下逐漸消失，成為當地居民的歷史回憶。大自然時時刻刻都在進行演替，每年台灣都會遭遇颱風，地震等天災的洗禮這是台灣生態系循環不斷的宿命，也是造成台灣生物多樣性與豐富化的機制。在八仙山森林遊樂區仔細的觀察，便能深深領略其中的奧妙，這也是大自然給予台灣子民們一個最深刻的禮物。(本文選自  八仙山森林遊樂區 官網)","園區開園時間：6:30-17:00。親水區：每星期四進行清潔維護，暫停開放。遊客中心服務時間：8:00-17:00。","424","臺中市","66000","和平區","東關路一段200之8號","","04-25951214","24.2007309","121.0013624","3-5小時","1.全票NT$1002.半票NT$75  (1.軍警人員持有証件者。2.學生(憑學生證)，七歲以上，未滿十三歲兒童。3.因公撫恤，持有證明者。4.遊樂區所在地縣(市)民眾(臺中市民)，持有證明文件者。)3.優待票NT$10  (1.六十五歲以上年長者，憑國民身分證。2. 三至六歲兒童。3.小學生非假日戶外教學，由學校組隊，教師帶隊並出具公函者。)4.免費NT$0  (1.身心障礙易辨或持有身心障礙手冊者及其必要之陪伴者一人。2.兒童(零歲至二歲)，需由購票大人陪同。3.績優志工持「志願服務榮譽卡」者。4.設籍於遊樂區行政區域(鄉、鎮)之原住民，得持相關證明原住民身分文件，免購門票。)","","國道1號→國道4號(往豐原、東勢)→臺3線左轉，往東勢方向→經東勢大橋右轉進入臺8線、往谷關→經和平→臺8線33K至篤銘橋右轉→至八仙山國家森林遊樂區。","搭乘客運-台鐵豐原站出發由台鐵豐原西側出口(中正路)，步行約五分鐘搭乘豐原客運207號公車至谷關總站下車，再由總站轉搭269號公車至八仙山遊樂區。搭乘客運-高鐵台中站出發由高鐵6號出口，公車第21號月台，搭乘豐原客運153號公車至谷關總站下車，再由總站轉搭269號公車至八仙山遊樂區。搭乘客運-台鐵台中站出發由台鐵東站出口，搭乘豐原客運850號公車至谷關總站下車，再由總站轉搭269號公車至八仙山遊樂區。","","https://recreation.forest.gov.tw/Forest/RA?typ=0&typ_id=0300002","https://www.facebook.com/BSSNC.tw/?locale=zh_TW","","遊客中心、販賣部、停車場、公廁、觀景台、步道","生態之旅","","生態類、自然風景區類、遊憩類、森林遊樂區類"
"128","90","387300000H","大甲鐵砧山風景特定區","鐵砧山位於大甲鎮東北隅，地倨大安溪下游南岸，是台灣氣候南北的分界線，亦為候鳥回歸北地重要之轉折處。山頂有數十平方公里的平地，呈平錐體形，整座山遠望猶如一方巨型打鐵砧，因而得名。鐵砧山自古傳說甚多，曾名列台灣中部八景之一，長久以來即為大甲馳名遠近的地標。登上山頂，可遙望蜿蜒而下的大甲、大安兩溪，遠則白浪翻飛的台灣海峽，近則線條分明的農田重劃區、村落，盡收眼底，景致美不勝收。風景區內有豐富的人文歷史景點－劍井、國姓廟，是充滿傳奇性色彩的古蹟；有深層文化底蘊的鄭成功像；為提倡藝術生活化而精心規劃成立的雕塑公園、國軍紀念公園、永信運動公園；其他如：桂花泉登山步道、劍井登山步道，都是鐵砧山上多樣而豐富的景點。近年更以親子共融、人文歷史、自然景觀及運動野營為主題成為假日熱門景點，本所為加強推廣鐵砧山觀光旅遊，於每週日早上提供例行的導覽解說服務，時間為第一場次09:00~10:00、第二場次10:30~11:30(遇重大節日、連假或補班日則暫停服務)，歡迎遊客多加利用，民眾得自行前往集合地點:鐵砧山旅客服務中心門口，即有志工為您服務，不需事先報名，倘超過15人團體請參考附件填寫預約申請單。從大甲區成功路進入鐵砧山風景特定區的登山健康步道上，百花爭艷、綠意處處，原野的花香撲鼻而來，夜晚自高處俯瞰，萬家燈火和滿天星斗相互輝映。大甲鐵砧山順遊景點推薦：  ","","437","臺中市","66000","大甲區","成功路221號","","04-26874543","24.35924","120.64999","1-3小時","","","南下國道1號三義交流道→台13線公路→右轉接大甲東西聯絡道路（中苗6線接北堤東路）→左轉台1線公路（經國路）→大甲區中山路一段→見指示牌左轉上山可達。國道3號苑裡交流道→右轉140線（中苗6線）→直走台一線公路（龍德家商）左轉→大安溪橋→岔路取左→大甲區中山路一段→見指示牌左轉上山可達。大甲交流道→左轉132線公路(甲后路)→132線(水源路)→大甲區中山路一段→見指示牌可達。 北上國道1號接國道4號→接國道3號（往大甲方向）→由大甲交流道下→左轉132線公路(甲后路)→132線(水源路)→大甲區中山路一段→見指示牌可達。國道3號大甲交流道→左轉132線公路(甲后路)→132線(水源路)→大甲區中山路一段→見指示牌可達。","臺中客運：由台中火車站，直走經過國光客運台中車站，右轉建國路經過成功路口後至招呼站搭車。10～15 分一班（06：00~23：00）行車時間約100分鐘。(巨業交通（04）22257003)豐原客運：台中火車站前方公車亭搭55號車。台中→豐原（行車時間約50分），每10分一班→大甲（行車時間約60分），每10～15分一班(（04）22223454（台中站）)＜繞經后里山線＞豐原：＊豐原客運（04）25246603（豐原站）豐原三民路46號（火車站前）搭車【每1 5 分一班】（ 行車時間約6 0分）火車：（1）南下或北上，搭台鐵(海線)莒光號（自強號）到台中市大甲區。（2）新竹開往彰化線區間車，途經大甲。","","http://www.scenic.taichung.gov.tw/833821/833844/833856","","","遊客中心、停車場、公廁、觀景台、步道、網路、無障礙廁所、無障礙坡道、無障礙停車位、無障礙導覽圖","生態之旅","","生態類、自然風景區類、遊憩類"
"129","270","387300000H","德基水庫","德基水庫位於大甲溪上游（大甲溪流域圖），為我國首座拱形高壩。於民國58年12月開工，民國62年12月開始蓄水，民國63年6月發電。德基電廠下游尚有青山、谷關、天輪、新天輪、馬鞍、社寮等電廠連續發電，並有石岡水庫供應大台中地區民生用水，並具截洪濟枯、灌溉、給水、遊憩等效益，，為中部地區重要水源之一。本集水區分別轄屬台中、宜蘭、花蓮及南投等四縣市，並跨雪霸、太魯閣二國家公園（集水區土地權屬圖）及梨山風景區（參山國家風景區），風景秀麗。德基水庫集水區自民國56年建壩前起便開始從事各項水土保持、涵養水源等工作，近年更以加強生態保育為目標；由於集水區治理工作必需仰賴中央及地方各有關機關共同辦理，乃於民國62年依據經濟部組織規程呈報行政院，奉核成立經濟部德基水庫集水區管理委員會。","","424","臺中市","66000","和平區","梨山里","","04-25981331","24.25353814","121.1733198","2-3小時","","","下豐原交流道,循10號省道至豐原區,轉3號省道至東勢,續接中橫公路(8號省道)經谷關可至德基.交流道至德基約78.5公里 。","豐原客運：於豐原客運台中總站或豐原總站搭乘往梨山的班車，於德基水庫下車。","","","","ChIJlbYmw4nxaDQRsv830BBOaRQ","","生態之旅","","生態類、自然風景區類"
"130","799","387300000H","頭汴坑休閒農業區","頭汴坑休閒農業區以『頭汴坑枇杷』、『酒桶山』、『蝙蝠洞』最為聞名；而『酒桶山』和『縣道136』更是自行車族熱愛的路線，從酒桶山上面向大臺中盆地，可遠眺台中都會區、視野遼闊、寧靜而優閒，可稱為中部地區之「陽明山」。 頭汴坑的枇杷果粒大、質感好，色澤橙紅且甜而多汁，品質優良，享譽全台，因而太平頭汴坑享有『枇杷的故鄉』的美名；另有龍眼、荔枝及蜂蜜、咖啡等特產。除此之外本區定期舉辦「枇杷節」、「荔枝節」等活動，想要遊憩、留宿或品嚐美食都非常方便，歡迎前來遊玩體驗。酒桶山視野遼闊，景緻優美，居高可遠眺美景之奇峰山巒及大台中盆地之市景、雲海奇觀、夕陽彩霞、燈海夜景，是悠閒最佳去處。沿途有豐富的生態資源，適合生態教育解說、登山、健行、攀岩、賞景、遊憩、自行車旅遊，一日遊或二日遊之農業生活體驗及悠閒渡假旅遊活動場所。神秘的蝙蝠洞是頭汴坑溪最為人津津樂道的風景區，至今仍是太平重要的觀光景點，壁洞內亮光不入，因此蝙蝠便大舉進駐，從而成了人們口中的蝙蝠洞，早期相傳，其洞內有上萬隻飛舞的蝙蝠，後來洞內崩塌（已修護完成），若想一窺究竟，最好穿雨鞋，帶手電筒，因洞內狹窄陰暗，平添許多神秘與冒險氣氛，吸引大家相約去探險，前往蝙蝠洞的途中，沿途風景秀麗、依山傍水，欣賞壯闊山水。太平古農莊文物館於99年10月17日正式開館啟用，建築景觀融入農村三合院聚落風格，館內收藏臺灣早年農業時期歷史文物，是了解臺灣早期胼手胝足、篳路藍縷的刻苦精神、休閒懷古的最佳去處。主題遊程：農遊太平 枇杷採果趣、枇杷.荔枝.香蕉果樹認養、水果.蔬菜.蜜蜂農遊體驗。生產作物：枇杷、荔枝、龍眼及蜂蜜、香蕉。休區景點：酒桶山、蝙蝠洞、護國清涼寺、頭汴坑枇杷園區、古農莊文物館 、赤崁頂、咬人狗坑步道、買菸場、百年大樟樹、136線自行車道。【交通指南】【開　　 車】．台中樂業路 → 太平區東平路 → 一江橋 →長龍路(136線) →頭汴坑．國道一號：（北部遊客適用） 台中大雅交流道 (174K)下→往中清路(往市區) →左轉台74線（14K北屯二交流道）往霧峰→台74線太平交流道(26K)下→沿著交流道下面往前走→左轉往東平路到底→一江橋→長龍路(136線) →頭汴坑．國道3號（南部遊客適用） 霧峰交流道(211K)轉台74線往霧峰,台中方向→台74線－太平交流道 (26K)下→右走往東平路到底→一江橋→長龍路(136線) →頭汴坑","","411","臺中市","66000","太平區","太平路483號","農業局","04-22781148#237","24.1244764","120.714851","","","1. 目前蝙蝠洞已通水，遊客可攜帶小手電筒與穿雨鞋涉水入洞。2. 注意環境清潔，記得隨手把垃圾帶走。","開車族1.南下：國道一號台中大雅交流道，往中清路方向，經大雅路左轉近進化北路，接進化路，再往建成路，左轉樂業路，經太平區東平路即可抵達。2.北上：國道一號台中市南屯交流道往五權西路，右轉五權路，經五權南路，左轉建成路，右轉樂業路直行，經太平區東平路即可抵達。","豐原客運：台中－太平－蝙蝠洞（18號）、台中－太平－茅埔（19號）","園區內設有停車場。","","","ChIJN-UtYuMjaTQRJ2NXDafvS4w","停車場、公廁","生態之旅","","休閒農業類、遊憩類"
"131","839","387300000H","紅樹林生態區","來到大安溫溪寮紅樹林區，設有大安生態教育園區，社於溫寮溪南岸一處水塘中，區內的大安水蓑衣是台灣特有種的珍貴稀有植物，數量相當稀少，值得保護與復育。在溫寮紅樹林可觀察到紅樹林植物、清白招潮蟹、弧邊招潮蟹、彈塗魚、小白鷺、黃頭鷺等，因此在這裡能同時賞樹、賞鳥、觀蟹，等貼近自然活動，另外紅樹林生態區往北大約600公尺便是中部知名的海水浴場，「大安濱海樂園」。 ","全天開放","439","臺中市","66000","大安區","海墘村大安港路1149號","","","24.37482432","120.5831802","1-1.5小時","","","沿台61線→於大甲大安港路下交流道左轉→往大安濱海公園方向前進即是。","","","","","ChIJiTvuUpgNaTQRDdFCiervS1g","","生態之旅","","生態類"
"132","958","387300000H","大安水蓑衣生態教育園區","大安水蓑衣是國寶級瀕臨絕種植物，花期10-2月， 是台灣特有的植物，八十九年本地完成濱海生態教育園區，園區除種植大安水蓑衣外，尚有苦檻藍、台灣海桐、細葉仙丹、水黃皮、黃葉榕、百千層、垂榕、黃槿、 欖仁、林投、瓊崖海棠、馬櫻丹、三葉埔姜、臺灣欒樹等數十種濱海植物。大安水蓑衣生態教育園區設於大安區塭寮溪南岸的一處水塘中，主要是要復育水蓑衣這種瀕臨絕種的植物，區內的大安水蓑衣為多年生水生草本植物，直立的莖呈四菱柱形，節上具有密毛，單葉對生，紙質，線狀披針形，開紫色花呈花冠筒狀，其果實為橢圓柱狀，是台灣特有種的稀有植物。 「水蓑衣」在全台灣只分布於台中市大安區，清水區、龍井區濱海濕地，由於生長地受到破壞，因此族群數量極為稀少，因此更需要好好的保護與復育。","","439","臺中市","66000","大安區","南莊海堤17號","","04-26873560","24.3528942","120.5694546","1-1.5小時","","此外生態保育園區，請勿隨意摘取花草植物。","國道3號→大甲交流道下→大安鄉→大安鄉公所→中山南路→西濱快速路→大安港路左轉，直行到底即可抵達。","豐原客運1.	大甲－龜殼村－海墘2.	大甲－海墘－安田","路邊停車。","","","ChIJtXA0uIYSaTQR499lRxX-LLg","","生態之旅","","生態類"
"133","1077","387300000H","思源埡口","思源埡口位在台中市與宜蘭縣的交界處，歸屬宜蘭縣大同鄉境內，海拔高度1,948公尺，為南湖大山支脈和桃山支脈交會的最低鞍部，也為蘭陽溪與大甲溪的分水嶺，以及兩種氣候的分界線。舊名為比亞南，源於泰雅族語意指「祖先曾經來過的地方」，被日本人諧音稱作為「比亞南」，後來政府將地名改為「思源」，取飲水思源的意思，而「埡口」則指兩山相連的凹陷處。此處林相多屬於暖帶林，上部有紅檜和扁柏，其餘地方還有香楠、烏心石、赤楊及柳杉等樹種，並孕育多種的動物、昆蟲等自然生態。思源埡口為雪山山脈與中央山脈相連之處，以致四季分明、景色秀麗，春夏百花齊放，秋冬樹葉變色紛落，倘若水氣充足，還有機會飄下白雪，可一睹如北國般的唯美景象。","","424","臺中市","66000","和平區","思源埡口","","","24.39116","121.35272","3-3.5小時","","","1.國道一號：由台中系統交流道下，接后里交流道續行台3線和台8線，至德基水庫後轉台7甲線即可到達思源埡口(思源啞口)。2.國道五號：由國道一號(中山高)至汐止系統交流道轉走國道五號(北宜高速公路)，過雪山隧道至頭城交流道下，轉走濱海公路(2號省道)至壯圍再轉走台7線經宜蘭市至大同鄉，轉台7甲線續行即可到達思源埡口(思源啞口)。3.國道五號：由國道三號(二高)至南港系統交流道轉走國道五號(北宜高速公路)，過雪山隧道至頭城交流道下，轉走濱海公路(2號省道)至壯圍再轉走台7線經宜蘭市至大同鄉，轉台7甲線續行即可到達思源埡口(思源啞口)。","搭乘往梨山或武陵農場的國光客運，在思源站下車。","","https://www.trimt-nsa.gov.tw/zh-tw/attraction/88/","","","公車站","生態之旅","","生態類、國家公園類"
"134","1150","387300000H","高美濕地景觀橋","高美濕地景觀橋跨越120公尺寬的清水大排，雙弧曲線橋面總長265公尺、寬7.2公尺，兩側引道總長132公尺。該橋最初以融合夕陽、濕地及風力電塔等景觀特色，並連結當地竹篙撐船的歷史人文，耗資2億多，近2年時間興建，打造出國內首見的特殊橋型。 為避免對當地生態環境造成衝擊，橋梁不在河中立墩，並採低誘蟲性照明系統，施工期間也辦理生態環境監控作業，成效良好；此外，景觀橋經過風洞試驗結果，證實具有良好的抗風行為，可充分確保橋梁結構的安全性。高美濕地景觀橋，搭配完整自行車路網與遊憩觀景空間，可望進一步提升海線觀光品質。  ","","436","臺中市","66000","清水區","高美路789號","","","24.30842","120.54964","0.5-1.5小時","","","","","","","","ChIJo4tvxz4TaTQRzSrX4FJ2tEU","","生態之旅","","藝術類"
"135","1408","387300000H","南勢溪湧泉","南勢坑溪位於大肚山西側，其水源來自沙鹿的天然湧泉，從4000年前便有人類活動遺跡，這份終年供水穩定的水資源便非常重要，臺中地區在冬季及春季幾乎沒有天然降雨，沙鹿區的居民食用、飲用、洗衣、清潔、灌溉等用途，皆仰賴南勢坑溪的水源。","","433","臺中市","66000","沙鹿區","南昌路128號","","","24.21391","120.55824","0.5-1小時","","","","","","","","ChIJcUXhDBMVaTQR-TDIikYe8iQ","","生態之旅","",""
"136","1429","387300000H","南埔鷺鷥林","愛鳥人士時常在清晨或是黃昏來賞鳥亭，欣賞鷺鷥在群聚飛舞的盛況，煞是壯觀。","24小時","439","臺中市","66000","大安區","南莊海堤19號","","","24.34932524","120.5651128","","","","","","","","","ChIJx6QDn4USaTQR4GMqMvGCQCo","觀景台","生態之旅","","自然風景區類"
"137","1437","387300000H","外埔忘憂谷","站在河堤上，居高臨下，觸目所及是由一塊塊錯落有致的田地，拼貼成夏綠秋黃的大地，真如孟浩然詩句「綠樹村邊合，青山郭外斜」的悠然意境。忘憂谷一年四季有不同特殊景色，春耕夏耘的綠、秋收的金，冬藏以前各處種起油菜花、波斯菊、小雛菊，如天然畫布一般，展現令人忘憂之美。","24小時","438","臺中市","66000","外埔區","溪底路","","","24.30854","120.64739","","","","","","","","","ChIJgdrplbwRaTQRKFi1Jros5lk","","生態之旅","","生態類、自然風景區類"
"138","1816","387300000H","桃山部落","桃山部落是個深藏於群山環抱中的泰雅族秘境，這裡擁有原始而豐富的自然生態，展現出遠離塵囂、寧靜純樸的山林魅力。桃山部落以獨特的「巨人之手」裝置藝術聞名，這座遺世獨立的巨大雕塑成為熱門打卡點。此外，電影《賽德克巴萊》的取景地「山蘇森林」也在此處。  「雪山坑環線步道」位於自然原始林，沿著雪山坑地區泰雅族人既有的狩獵獵徑建置，串聯當地既有打卡景點「巨人之手」及特色櫸木「櫸木四兄弟」等，是充滿自然生態及原住民歷史文化的登山步道。","","424","臺中市","66000","和平區","達觀里","","","24.31737817","120.9740639","","","","","","","","","ChIJn3dQYbb9aDQReV_SlTrdSUw","","生態之旅","","生態類"
"139","1842","387300000H","泰安落羽松","於后里區泰安國小旁，種植超過800棵落羽松，高大壯闊的樹型，使整片松林呈現錯落有致的景觀，加上豐富的地景藝術，黃、綠、紅交織的漸層色彩搭上藍天白雲，猶如詩畫一般浪漫夢幻，成為遊客每逢秋冬的必訪景點。","上午9:00 - 下午5:30","421","臺中市","66000","后里區","安眉路5號","","","24.32561988","120.7494557","0.5-1HR","入園每人$60清潔費(不分年齡不抵消費)120cm以下兒童免費(需家長陪同)","","","","","","https://www.facebook.com/profile.php?id=100064324891018","","","生態之旅","","自然風景區類"
"140","1503","387300000H","環山部落","動植物生態資源豐富，相當適合安排兩天一日的深度旅遊。環山部落主要由泰雅族所組成，為梨山地區規模最大的泰雅族部落。現今部落居民多以種植水果為主要經濟來源。部落中的「泰雅民俗文物館」展示泰雅族編織工藝、老照片，還有部落領袖先前使用的木屋與穀倉，年代久遠值得一看。近年部落廣植紫藤花，於春季時節紫色花穗隨風搖曳，吸引許多遊客上山賞花。","","424","臺中市","66000","和平區","","","","24.31891","121.29462","","","","","","","https://sqoyaw.mystrikingly.com/","","","","生態之旅、原民生活","","自然風景區類"
"141","158","387300000H","國立自然科學博物館之植物園","在國立自然科學博物館中，共設置了幾個與植物相關的展示研究區，包括有藥草園、植物公園的八大戶外展示區與熱帶雨林溫室。位於人類文化廳（原中國科學廳）中國醫藥戶外展示區的，共展出活體藥用植物百餘種。園中所展示的每一種藥草皆附有解說牌，介紹正確學名與療效。 而占地約4.9公頃植物公園，以臺灣低海拔具有的特色生態和熱帶雨林為展示主題，細心挑選仔細檢視臺灣本土具有代表性的幾個生態區造景，並表現景觀的趣味及特色。共計有：隆起珊瑚礁生態區、蘭嶼生態區、海岸林生態區、臺東蘇鐵生態區、北部低海拔生態區、中部低海拔生態區、南部低海拔生態區及季風雨林生態區等八個區域，選植各式喬木、灌木、草本、蕨類等原生植種，全園區（含溫室）合計超過800多種植栽。 而熱帶雨林溫室則是一座倣塔造型中國式風味的特殊玻璃溫室，總建築高度約40公尺，內部展示了用途和觀賞的植物，其中模擬熱帶雨林的環境特性，如：超高樹、河岸雨林、雨林地床、低地熱帶雨林等，植栽共約400多種。 						1~熱帶雨林溫室			2~北部低海拔區			3~中部低海拔區			4~南部低海拔區							5~季風雨林區			6~隆起珊瑚礁區			7~籐蔓展示區、多肉植物區			8~蘭嶼區							9~海岸林區			10~臺東蘇鐵區			 			 			植物園佔地約4.5公頃，以臺灣低海拔具有的特色生態和熱帶雨林為展示主題，細心挑選仔細檢視臺灣本土具有代表性的幾個生態區造景，並表現景觀的趣味及特色。共計有：隆起珊瑚礁生態區、蘭嶼生態區、海岸林生態區、臺東蘇鐵生態區、北部低海拔生態區、中部低海拔生態區、南部低海拔生態區及季風雨林生態區等八個區域，選植各式喬木、灌木、草本、蕨類等原生植種，全園區（含溫室）合計超過800多種植栽。","週二至週日09:00~17:00，週一公休","404","臺中市","66000","北區","館前路1號","","04-23226940","24.15811936","120.668174","1-3小時","植物園溫室館入內參觀票價 NT $20","","","1.開車：中港交流道下高速公路，直行台灣大道，英才路左轉，西屯路在左轉即可抵達。 2.大眾運輸：台中客運22、47、103、106、135可達。仁友客運22、37、48、125可達。","","https://www.nmns.edu.tw/ch/exhibitions/galleries/botanical-garden/","","ChIJyzSRBng9aTQRNs6euDKmQNQ","展示館、公共電話、停車場、公廁、公車站、解說簡報、網路","生態之旅、教育資源","","生態類"
"142","1819","387300000H","郭叔叔獼猴生態區","近山路因道路整修，道路暫停開放請改走橫坑巷抵達園區郭叔叔獼猴生態區位於臺中大坑中正露營區4號步道周邊，來爬山時可以順道來看可愛的猴子，聽園區解說如何友善山林，了解獼猴的生態，跟獼猴和平相處。門票1人新台幣100元。假日11、14、16時分別有三場導覽。看見獼猴請記得不餵食、不觸摸、不挑釁、不俯視看猴子。","","406","臺中市","66000","北屯區","北坑巷116號","","04-24390272","24.1733131","120.7893274","","門票1人新台幣100元","","","","","https://linktr.ee/Kuo520","https://www.facebook.com/Mr.kuo520","ChIJP3YnatsYaTQR2MmOZjY9TXo","販賣部、公廁","生態之旅、教育資源","","生態類"
"143","814","387300000H","軟埤坑休閒農業區","軟埤坑休閒農業區榮獲107年和110年休閒農業區評鑑模範獎的殊榮，地處入口是天公廟後方則是最受人喜愛的天梯健康步道；往區內走還有觀光農園可預約採果體驗、到薯良驛站做植物染，還有附近的親水公園，很適合家庭憩水遊樂。每年春天在螢火蟲復育區可賞螢。區內長年水量豐沛，供應溪岸的農業用水，溪中生態豐富魚蝦成群，自然環境佳而成為動植物的天堂，也是螢火蟲的棲地。位於天公廟後方，係屬輕量級健走步道，適合一家大小一同體驗，每逢假日吸引許多民眾前往登山、健行，成為一條新興的熱門登山步道，步道可一覽軟埤坑休閒農業區在地農村文化與自然風光，周邊有觀光農場及果園可預約採果體驗，品嚐鮮採水果最新鮮的原味，把美好旅遊記憶通通帶回家。「糯米橋」，從前造橋時，因為沒有現在所謂的混凝土之類的材料，但為了能增加土石之間黏性，於是加入了「糯米」，利用糯米本身的黏性，一起與土石攪拌，成為當時築橋蓋屋的最佳材質，因此這些橋叫做「糯米橋」。軟埤坑地區有一間「玉清宮」，充滿傳奇色彩，成為許多居民的信仰中心也是旅遊景點，遊客如織、香火鼎盛。植物染是採用一種叫做薯良的薯類植物，將白色棉布浸在薯良汁液，隨著浸泡時間的長短，染成不同深淺程度的顏色，不僅不會褪色，還具有防腐的功能喔！可事先預約，就能體驗 DIY 染布的樂趣喔！和準林場是螢火蟲的家，林場以造林、植林愛護大自然為宗旨，成立的一處悠閒的小林場，場內的梢楠、牛樟、土肉桂等多樣性的樹種，讓您深刻體會植栽造林的好處，感受森林芬多精的清新沐浴，在假日來到和準林場，體驗親近大自然的悠閒，初夏還能近距離欣賞螢火蟲的盛會，點點螢火撲朔在黑夜裡，如地上的繁星閃爍，最美妙的幸福體驗都在和準林場能夠找到。主題遊程: 東勢螢火蟲季-螢光夜語、食農教育&DIY體驗、採果巴士、果樹認養、阿尼斯特地景藝術佈置體驗農樂活動。生產作物: 高接梨、柿子、梅、桃、李、枇杷、甜檸檬、樹葡萄、柑橘、酪梨。休區景點: 天梯健康步道、玉清宮、薯良驛站、糯米橋、和準林場。【交通指南】【開　　 車】高速公路：南北國道高速公路(中山高或二高)到轉東西向國道4號往東走到底→轉台3線(往東勢、石岡方向)→接台8線(從東勢往谷關方向約8k)→左轉""軟埤坑休閒農業區""【搭　　 車】．台中火車站或豐原火車站附近搭乘""豐原客運""往東勢谷關的車，在""慶福站""下車。．高鐵請於台中烏日站下車→再搭153""豐原客運""公車．可搭""統聯客運""直達~東勢，搭乘""豐原客運""往東勢谷關的車，在""慶福里站""下車。或到東勢再搭計程車。","","423","臺中市","66000","東勢區","慶福里慶福街75號","農業局","04-25872151#5255","24.1911817","120.8437088","1-3小時","","","","豐客往谷關8Ｋ慶福站下車","","https://www.agriculture.taichung.gov.tw/313728/post","","ChIJ0ce2rYweaTQRC0ON3EazhFs","步道、無障礙廁所、無障礙停車位","生態之旅、無障礙景點","","生態類、遊憩類"
"144","33","387300000H","中正露營區","中正露營區位於台中市大坑頭嵙山西方，海拔四六五公尺，是大坑規模最大的公營露營地。中正露營區各個營地皆有石階步道相連，但各自有獨立、不受干擾的隱蔽性，共可容納1500餘人在此紮營活動，區內公共設備齊全，並提供營帳、炊具等出租服務。營區內的相思樹林，是能讓人充份享受大自然野趣的所在。","","406","臺中市","66000","北屯區","連坑巷","","04-22390685","24.172944","120.784538","2.5-3小時","","","中清交流道往台中市區，接中清路至文心路左轉，經北屯路直走為東山路，即可達大坑圓環。","從臺中火車站可搭臺中客運66線。","","https://www.facebook.com/tcc.scout.campside/","","","","休閒娛樂","","遊憩類、森林遊樂區類"
"145","946","387300000H","高鐵臺中站","高鐵台中站，俗稱高鐵烏日站，位於台灣臺中市烏日區，為台灣高速鐵路的鐵路車站。本站與臺灣鐵路管理局臺中線新烏日車站相鄰。自2010年起超越左營站，成為高鐵台北站以外，出入旅客人數第二多的車站。高鐵台中站是一個站內兩座島式月台、六條路線的高架車站，其中正中央的兩條為沒有設置月台的通過線。車站總基地面積約12公頃，站體總樓地板面積11萬平方公尺。本車站與各高鐵站相比尚有一大特色，蓋因周邊環境屬台中市與彰化交界的邊陲地區，此地缺乏熱鬧市集與集合商場，而車站內有許多知名連鎖餐飲與伴手禮店進駐，因此假日常常可見站內聚集眾多並非為搭車而來的休閒人潮。台中站共設有10個出口，其中出口1號至4號位於車站二樓，出口5號至7號在車站一樓，另有一個無編號出口，主要往返車站廣場、汽機車停車場、公共運輸候車區及轉運站及其他周邊設施。在各個車站出口，均設有指示牌顯示出口周邊的建築物及設施列表。","06:00 ~ 24:00","414","臺中市","66000","烏日區","站區二路8號","","02-4066-3000","24.11169","120.61608","0.5-1小時","","可到高鐵臺中站附近的烏日麻園頭溪溪濱公園走走喔！","國道一號：由王田交流道下，續行連絡道即可到達台中高鐵站。國道三號：由快官交流道下，接中彰快速道路即可到達台中高鐵站。","轉乘客運高鐵台中站客運轉運站位於高鐵台中站之一樓地面層，旅客可從6號出口搭乘各客運，而自客運下車的旅客則可直接進入車站大門搭乘高鐵，或由台鐵人行通道前往新烏日車站搭乘台鐵。轉乘火車可直接經由廊道到新烏日車站轉乘至龍井、沙鹿或彰化、台中、豐原等區。","有立體停車場，載客專用平面停車場及機車停車場。","https://www.thsrc.com.tw/ArticleContent/3301e395-46b8-47aa-aa37-139e15708779","","","遊客中心、販賣部、停車場、公廁、公車站、網路","休閒娛樂","","其他"
"146","1258","387300000H","潭子觀光蘭園","潭子觀光蘭園主要從事國內外出口蝴蝶蘭相關產業，在蘭花培育亦有數十年豐富經驗，在台中地區為少數專門培育蝴蝶蘭專業觀賞園區。潭子蘭園在近幾年為發展國內客戶，興建一處專業園區，可供國內外遊客、購花需求的買客至此地參觀及購買。無論是單株小品蘭花，抑或近百株蘭花組成的禮蘭盆栽、簡單的照顧方式、植栽培養，也可透過門市人員講解，在潭子蘭園窺知一二。近萬坪的蘭花培植場及偌大賣場，可望發揮觀光遊憩、人文藝術、生態教學等多元化功能，歡迎大家蒞臨潭子觀光蘭園尋花問柳。","","427","臺中市","66000","潭子區","大豐一路89巷8號","","04-25328116","24.20975","120.68833","1-1.5小時","","","","","","http://www.tanzih-orchid.com/","https://www.facebook.com/profile.php?id=100063860746468#","ChIJRQrJ43EXaTQReJdJgTKRyH4","停車場","休閒娛樂","",""
"147","1439","387300000H","公老坪","豐原人以擁有遼闊景觀視野的公老坪為傲，公老坪也是小情侶們登山賞景的絕佳約會地點。依山而建的景觀餐廳、景觀咖啡廳，乃至丘逢甲紀念公園，都能欣賞臺中絕美夜景。海拔不及五百公尺的公老坪，傳說是一位名為許公老的先賢，帶領鄉親共同開拓而得名。傍晚時分登山，可以親眼見證藍天逐漸轉往魚肚白，夕陽映照出大片橙黃橘綠的漸層色彩，最後轉為深藍色，萬千燈火在夜空中一一點亮。","24小時","420","臺中市","66000","豐原區","水源路","","","24.26352","120.75359","","","","","","","","","","觀景台","休閒娛樂","","自然風景區類"
"148","1740","387300000H","富興工廠1962","「富興工廠」成立於2021年8月，是台灣首間化妝品公司「盛香堂」 老工廠的所在地，以所在地復興路的諧音為發想，以「富」有的理念與創意，「興」起老屋的新價值，而「工廠」代表這棟老房子的時代精神與象徵。「富興工廠」集結創意丶設計與文化等文創團隊進駐，並結合生活美學等相關產業活化使用，成為台中老屋活化成功案例之一，為老城區發展注入活水，並成為台中生活美學與創意的新聚落。","","401","臺中市","66000","東區","復興路四段37巷2號","","04-22220538","24.135119","120.683746","","","","","","","https://www.fusionspace1962.com/introduction","https://www.facebook.com/fusionspace1962/?locale=zh_TW","ChIJGUN-HEo9aTQRUWNUBjjY2yY","遊客中心、展示館、販賣部、停車場、解說簡報","休閒娛樂","","遊憩類"
"149","1741","387300000H","第五市場","第五市場早期是買賣醃菜的集散地，為了滿足市場人早餐需求，美食攤販逐漸發展，如蚵仔粥搭配燒肉、消暑解渴紅茶冰及冷凍芋、熱騰騰的現蒸肉包、油豆腐細粉等，簡單美味又便宜，每道都是最貼近臺中人的日常餐點。周邊順遊臺中文學館-步行3分鐘柳川景觀水岸步道-步行8分鐘","每日7:00-13:00","403","臺中市","66000","西區","大明街9號","","04-2227-9299","24.1384217","120.6728437","","","","","","","","","","","休閒娛樂","","小吃/特產類"
"150","1744","387300000H","月老廟夜景","有著夜景秘境美稱的月老廟夜景，位於臺中都會公園附近，一望無際的視野，還可以欣賞夕陽緩緩落下，甚至看到臺中港船隻航行，是人氣極高的私房景點。","","433","臺中市","66000","沙鹿區","月老廟夜景","","","24.2301084","120.6010866","","","","","","","","","ChIJU8wUXTEUaTQR8c5TYy9A-gM","","休閒娛樂","","其他"
"151","1834","387300000H","楓樹誠實商店","商店座落在臺中市楓樹社區的的古老巷道內，店內有古色古香的座位及花花草草可供遊客休息，除了販賣飲料、糖果外，還有社區自行生產的環保產品及在地南屯特產麻芛。最特別的是這家店並沒有店員，由客人自行將錢投入甕內聽見”誠實的聲音”，不妨趁著假日來這裡走走逛逛，體驗誠實商店的魅力！","","408","臺中市","66000","南屯區","黎明路一段219號(綠色商店)","","04-24791416","24.1172519","120.6270711","","","","","","","https://www.maple.org.tw/","https://www.facebook.com/maplehoneststore/?ref=embed_page","","無障礙坡道","休閒娛樂","","其他"
"152","65","387300000H","后里馬場","后里馬場基地合計14.9628公頃，市府近年來進行園區整體改造，規劃興建花舞館。歷經「2018臺中世界花卉博覽會」及「2020台灣燈會」兩大盛會後，為延續觀光量能及創新活化園區營運，臺中市政府觀光旅遊局委託民間機構「台灣休閒運動科技股份有限公司」接手營運后里馬場及花舞館10年，藉由民間企業化專業經營精神及專業，提供優質休憩空間及多元服務，並有效經營管理既有設施，擴大公共設施多元使用機能，打造全台最大馬術運動教育文化體驗園區。馬術常被視為貴族運動，台灣休閒運動科技股份有限公司以發展「親民式」的馬術為目標，將馬場古蹟：日據時代的場本部、場長宿舍等，規劃成主題式餐廳、咖啡館、文創商店及展覽館，留住了典雅的日式氛圍，並將馬術體驗推廣給大眾，以善盡企業社會責任。期盼藉由科技公司的專長，結合園區內多元休憩服務設施，可以將后里馬場打造成科技園區，創造后里地區地方觀光發展榮景。 ","週二至週日10：00-17：00","421","臺中市","66000","后里區","寺山路41號","","","24.29856","120.73629","2-3.5小時","全票NT.150元－16歲(含)以上至未滿65歲者。優待票NT.100－65歲以上長者、25人以上團體、16歲以下具學生證者、軍警持軍警證明者。免票－設籍后里及豐原居民、身心障礙持手冊者及陪同者一名、3歲以下孩童。其他套票、表演門票，請至官網查詢，票價以官網公告為準。","","由豐原下交流道行駛至豐原區，沿豐中路北上即13號省道過后豐大橋後，循路標往后里馬場方向行便可抵達。","公車 :從豐原搭往大甲的豐原客運班車，在后里馬場站下車。火車:可搭乘火車到豐原站或后里站下車，改搭豐原客運班車到后里馬場。","","https://www.houlimamaland.tw/#home","https://www.facebook.com/houlimamaland/","ChIJJ1gzQHUQaTQRV76ivEDUqoI","停車場、公廁、公車站","休閒娛樂、戶外運動","","遊憩類"
"153","75","387300000H","大安濱海樂園&向海那漾露營區","玩賞攻略夕陽觀賞■每年夏季(6月至8月)周一、周三至周五早上8點至下午5點以及周六、周日早上8點至下午6點開放海翁大泳池(非住客專屬小泳池)，中午12點至13點中場休息暫停服務；每周二公休，進行例行性維護保養；如遇雨天、颱風、雷擊等天候不佳狀況則不開放。開放對象：本設施對外開放給一般民眾全票：入場門票原價$200 優惠價$100免費對象：1.嬰幼兒110cm以下免費（須由家長購票陪同入場）2.持身心障礙手冊免費（含必須陪同者一名）※進入游泳池需穿著泳帽及泳衣※詳情請洽:向海那漾 Nayang Beach https://www.nayangbeach.com.tw/海岸水域遊憩為國人重要休閒活動場所之一，有鑑於水域遊憩休閒活動項目之需求日漸增加，為使本市海岸水域空間利用及規劃能滿足民眾需要，臺中市政府觀光旅遊局特別針對大安海水浴場附近水域辦理整體調查評估，以確保民眾從事水域遊憩活動安全。配合行政院「向海致敬」政策，持續推動民眾「知海、近海、進海」，並自114年10月20日公告大安海域轉型為「開放式水域」，透過相關安全配套，讓親海活動更加自由也更具有保障。大安濱海樂園周邊另有大台中地區唯一的水筆仔林－「紅樹林生態園區」、溫寮溪出海口南岸的「龜殼生態公園」、「鷺鷥林」、「大安水蓑衣生態教育園區」及「阿聰師芋頭文化館」，竭誠歡迎您蒞臨臺中市大安區旅遊，體驗一下大安豐富的生態之旅。另外晚上還能選擇入住及體驗濱海豪華露營區-「向海那漾 Nayang Beach」喔。向海那漾 Nayang Beach連絡電話- (04)2686-8513大安濱海樂園周邊順遊景點推薦：","旅客服務中心2月至10月 上午8時至下午17時(每週二公休)  豪華露營區2月至10月 24小時(僅開放住客)  游泳戲水池6月至8月 上午8時至下午17時(每週二公休)","439","臺中市","66000","大安區","福住里北汕路86巷1號","","04-26868513","24.38369","120.58616","1.5-2小時","","","1. 國道一號：由三義交流道下，沿台13線至后里右轉接132縣道，經大甲即可到達大安海水浴場濱海樂園。 2. 國道三號：由清水交流道下，往台中港方向接台61線(西濱公路)即可到達大安海水浴場濱海樂園。","1.開車：下三義交流道，沿13號省道至后里，右轉132縣道，過大甲後即到達。 下豐原交流道，沿10號省道轉13省道，過大甲後即到達。 2.大眾運輸：豐原客運：從大甲站搭乘往大安港的班車，於大安濱海樂園下車。","園區內附收費停車場(北園)。","https://www.nayangbeach.com.tw/","https://www.facebook.com/nayangbeach/","ChIJMWsAWGh-bjQRkl040aPnqlw","遊客中心、停車場、公廁、無障礙坡道、無障礙停車位","休閒娛樂、戶外運動","","遊憩類、其他"
"154","1382","387300000H","西岐城_西岐里活動中心","大甲區西岐里活動中心興建周朝封神榜演義故事之西岐城，城牆色彩鮮艷，泥塑的Q版故事人物活潑可愛，牆上有大甲主要農特產品芋頭、青蔥、奶油酥餅，城內牆壁繪畫有大甲媽祖遶境、大甲草蓆帽發展史及封神榜故事精要，城內中央廣場為籃球場，是結合觀光及運動多功能的活動中心。","","437","臺中市","66000","大甲區","順帆路56-2號","","","24.41795","120.63146","0.5小時","","","","","","","","ChIJR68yPKUOaTQRrNfSRB3OzgQ","","休閒娛樂、戶外運動","",""
"155","1682","387300000H","內新國小","座落於台中市大里區的內新國小，整體建築外觀呈現地中海風格，校園內還有別出心栽的彩虹跑道，活潑多彩的鮮明樣貌，吸引大批民眾來此拍照留念。校門映入眼簾的是藍白色系彩繪建築及風車裝置，校園內多處擺設著海洋生物造景，就連教室陽台也以多色變化彩繪，將校園氣氛營造成如童話般的夢幻美麗。","校園並非天天開放參觀，請於下課後或假日前往。","412","臺中市","66000","大里區","日新路8號","","","24.1123135","120.6951369","","","","","","","https://nhps.tc.edu.tw/","","ChIJ_StY49s8aTQRsn5xr18UWRQ","公廁、公車站、無障礙坡道、無障礙停車位","休閒娛樂、戶外運動","",""
"156","341","387300000H","梨山風景區","梨山風景區位在中部橫貫公路48公里處，以西銜接臺中，以北通往宜蘭，以東沿著中橫公路可達花蓮，以南行經大禹嶺、合歡山至霧社、南投，東西全長約89公里，總面積約31,300公頃。地處中高海拔，四季景觀優美，自然資源豐富，盛產高冷溫帶蔬果。由於此區為中橫公路主線與宜蘭支線的交會處，使得梨山成為中臺灣頗負盛名的高山風景區，並與苗栗獅頭山風景區、彰化八卦山風景區被列定為「參山國家風景區」。此區平均海拔高度約1,900公尺，屬於溫帶氣候，氣候溫和，陽光充足，當地物產品質優良遠近馳名，水果部分如水蜜桃、梨、蘋果及甜柿；蔬菜部分為高麗菜、大白菜及青蒜，近年來還有梨山茶、娃娃菜、番茄、奇異果等農特產品，並有規劃觀光果園和水果市場，可以讓民眾體驗摘果樂趣、採買回家享受好滋味。因身處高山環境，一年四季皆有不同美景，適合賞花、賞楓與玩雪，每年1月至4月則為主要的賞花季節，是民眾前往梨山遊玩的熱門時段。當地居民族群多元，包含客家人、閩南人、榮民等，特別是環山、松茂等部落散居泰雅族人，民族文化深厚，編織工藝純熟，梨山文物陳列館，除了展示中橫公路開墾歷程、梨山自然生態，也有泰雅族文化的介紹，讓旅客對梨山風景區有更全盤的認識。此區最早興建的梨山賓館，擁有中國宮殿式外觀，為中橫的地標，旅館後方並設置生態環保步道，沿途林木蓊鬱，是賞鳥、遠眺群峰的絕佳勝地。","隨時可參觀","424","臺中市","66000","和平區","梨山里中正路95號","","04-25981331","24.25475843","121.2512031","2-4小時","","中部橫貫公路（谷關－德基）因921地震，造成交通中斷，至今尚未修復，請民眾改道。","1. 國道一號：由台中系統交流道下，接國道四號轉台3線和台8線，行至天冷地區轉台21線至埔里，續行台14線接台14甲線往合歡山方向行駛，至大禹嶺左轉即可到達梨山。2. 國道五號：由國道一號(中山高)至汐止系統交流道轉走國道五號(北宜高速公路)，過雪山隧道至頭城交流道下，轉走濱海公路(2號省道)至壯圍再轉走台7線經宜蘭市至大同鄉，轉台7甲線續行即可到達梨山。3. 國道五號：由國道三號(二高)至南港系統交流道轉走國道五號(北宜高速公路)，過雪山隧道至頭城交流道下，轉走濱海公路(2號省道)至壯圍再轉走台7線經宜蘭市至大同鄉，轉台7甲線續行即可到達梨山。","於豐原客運台中總站或豐原總站搭乘往梨山或往武陵農場的班車，於梨山下車。","附有停車場。","https://www.trimt-nsa.gov.tw/zh-tw/lishan/","","ChIJofPQ9yXzaDQR1tfPKWSMeGw","遊客中心、展示館、販賣部、公共電話、停車場、公廁、觀景台、步道、公車站","休閒娛樂、戶外運動、生態之旅","","生態類、國家風景區類、自然風景區類、遊憩類"
"157","932","387300000H","鳳凰山農場","鳳凰山農場位處后里區，就在后里馬場、麗寶樂園等景點附近，幅員遼闊、景色優美，內含烤肉設施、簡餐咖啡店、新鮮山產野味等規劃，更有台中市具規模的健康登山步道。有著完善規劃的木棧道，擁有最豐富的自然樹種與生態，遊客可沿著木棧道拾階而上，一路欣賞不同風貌的山色景觀，聆聽著鳥語啁啾，欣賞台灣本種植物林木，放慢腳步去尋找存在於一樹一草間繽紛的視野。來到這裡可選擇於清晨時分登山觀賞日出，或是傍晚時到此處觀看日落，可一次瀏覽260度的大視角，把著名的火炎山、台中港，盡收眼底！若是在三到五月的桐花季期間拜訪此處，滿地雪白的落桐將給您最浪漫的感受，仰望枝頭，朵朵桐花從樹叢間裡探出頭來，綠白相間的美景，將使您永難忘懷！","全年無休","421","臺中市","66000","后里區","仁里村圳寮路47巷7號","","0912-799177","24.3076479","120.7498218","1-3小時","","","從中山高下后里交流道→右轉甲后路132縣道→過鐵路平交道接中40鄉道(圳寮路)可抵","搭乘火車至后里火車站→轉乘計程車約10分鐘即可到達","","https://a38030028.wixsite.com/ffarm","https://www.facebook.com/fonghuangmountain","ChIJLZDdjNUaaTQRD2cBcqh6cPo","遊客中心、販賣部、公共電話、停車場、觀景台、步道","休閒娛樂、戶外運動、花園農場","","自然風景區類、遊憩類"
"158","68","387300000H","武陵農場","武陵農場位在台中市北橫公路宜蘭支線53公里處，佔地727公頃，海拔高度1,740至2,599公尺之間，原屬為國軍退除役官兵農墾處的武陵墾區，後更名為武陵農場，由退輔會與林務局分別經營。在群山屏障下，氣候冬暖夏涼為孕育蔬果的絕佳環境，當地出產的水果、蔬菜以及茶葉品質優良，廣受大眾歡迎，四季更迭風情迥異，以「春花」、「夏果」、「秋楓」、「冬雪」特色為人知曉。農場園區蘊藏豐富的動植物資源、歷史文物以及七家文化遺址，相關設施規劃完善，包含北谷農業景觀區、南谷遊憩生態園區、中北谷景觀林帶、原野遊憩及高山植物生態園區等，另外有設置露營區、旅館、步道及涼亭，提供旅客食宿、眺望山嵐、吸收清新空氣的休憩空間。園區內的獨特景觀也不容錯過，如號稱武陵勝景的桃山瀑布，又名為煙聲瀑布，落差約50公尺，水流狂傾而下，空氣中水氣豐沛，煙霧瀰漫，聲勢澎湃；大甲溪流域的七家灣溪畔，為國寶魚櫻花鉤吻鮭的原鄉產地。武陵的春季為花的饗宴，滿山遍野的櫻花、梨花、桃花、蘋果花等花卉相繼綻放，奼紫嫣紅，散發淡淡幽香。夏秋為水果採收的季節，梨子、蘋果、水蜜桃鮮嫩欲滴。深秋楓葉紛紅舞動，初冬白雪覆蓋山頭，洋溢著北國的浪漫風情，令人流連忘返。農場因位處中高海拔，夏季平均溫度為22度，為台灣著名的避暑勝地，每年的11月中旬至隔年1月中旬則為賞楓的絕佳時間，一年四季都適合前往，來一趟高山生態之旅。","","424","臺中市","66000","和平區","平等里武陵路3-1號","","04-25901259","24.34501461","121.3082027","3-5小時","","","台北　國道五號(雪山隧道) →宜蘭→員山(台七線)→棲蘭(台七甲線)→南山→武陵農場 (行車時間約3.5小時)桃園　三民→巴陵→明池→棲蘭→南山→武陵(行車時間約4.5小時)高雄　南二高→中興新村→草屯→埔里→霧社→合歡山→梨山→武陵(行車時間約7時)台中　國道六號（或中投快速道路）→埔里→霧社→合歡山→梨山→武陵(行車時間約5小時)花蓮　太魯閣→大禹嶺→梨山→武陵(行車時間約4.5時)","宜蘭國光客運班車:宜蘭火車站後站下車,右行150公尺為國光客運宜蘭總站去程：宜蘭07:30、12:40→武陵農場10:15、15:25　　　羅東07:00、12:20→武陵農場返程：武陵農場09:10、14:10→宜蘭　　　武陵農場13:40→羅東車程時間:約2小時45分國光客運路線圖:http://www.kingbus.com.tw/time&price.php國光客運票價表:http://www.kingbus.com.tw/down2.php?li_code=4U030327去程：豐原08:50→梨山14:00;梨山16:50→武陵農場17:50返程：武陵農場06:30→梨山07:30;梨山08:00→豐原13:20台中豐原客運相關連結:http://www.fybus.com.tw/bus8.htm註1.一般遊客或住宿旅客進入武陵農場時皆需自行下車購買門票，再上車到達公車停靠站(旅遊服務中心附近)，若您的目的地是國民賓館，請事先告知司機以便提早下車。註2.班車資訊如有變動依各家客運公告為準。","","https://www.wuling-farm.com.tw/tw/index.php","","","遊客中心、展示館、販賣部、公共電話、停車場、公廁、觀景台、步道、公車站","休閒娛樂、戶外運動、花園農場、生態之旅","","生態類、國家公園類、休閒農業類、自然風景區類、遊憩類"
"159","1652","387300000H","神馬郡休閒農場","場內提供專業馬術課程、馬術適應性運動、騎乘娛樂等項目，提供民眾與馬匹親近的機會，另外還有手作、香草與咖啡品嚐等服務，致力打造公益、人文、知性與藝術的溫馨農場。","","429","臺中市","66000","神岡區","福民路41號","","04-25616667","24.2683847","120.6797966","","活動及課程收費資訊詳情請參考景點官網","","","","","https://w.tw.mawebcenters.com/shenmahorse/","https://www.facebook.com/tianmaeq/timeline/","ChIJx_mTm8IQaTQR_BPcTDH9La8","停車場、無障礙停車位","休閒娛樂、戶外運動、教育資源","","生態類、遊憩類"
"160","346","387300000H","谷關溫泉區","溫度約攝氏65度，PH值約7.6，屬弱鹼性碳酸泉，水量終年不竭，水質無色無味、清澈透明，浴後皮膚柔細，可舒緩工作壓力，減輕神經疲勞，是最上乘的碳酸溫泉水質。谷關受環山圍繞而命名，是泰雅族原住民居住地，谷關溫泉大約於日本明治時代1907年發現，當時日本人稱之為「明治溫泉」，時至今日，谷關溫泉已有百年歷史。來到谷關，不僅能享受溫泉及山林芬多精的洗禮，還可體驗泰雅族原住民文化。谷關最珍貴的天然資源就是溫泉，因此幾乎各家飯店都備有溫泉套房，這裡的飯店相當集中，沿著整個溫泉區有許多溫泉飯店及溫泉民宿，提供不同類型的住宿環境給遊客做選擇，無論是新興的渡假山莊、經濟實惠的溫泉飯店、東洋風味的溫泉飯店以及現在最流行的民宿都相當受到歡迎，冬天旺季時節，想要前往旅遊的民眾記得要事先來電預約唷！谷關地區有兩座至今仍保有最原始風味的吊橋，一個是「谷關吊橋」，為谷關最有名最具代表性的吊橋，因而成為谷關著名地標。另外靠近谷關郵局有一座「捎來吊橋」，是為了紀念一位泰雅族酋長而命名，這兩個吊橋是來谷關遊玩，絕不能錯過的景點。八仙山森林遊樂區也是這裡的特色之一，每當油桐花季，花瓣如雨，一片雪白的景色非常詩情畫意，園內有三條森林步道，非常適合假日來趟芬多精之旅唷！來谷關不能錯過谷關遊客中心，在2021年重新轉換成在地的微型博物館來接待旅人，作為遊客準備探索谷關入山旅遊泡溫泉前的最佳巡禮中繼站與知識的充電起點，由淺入深認識谷關的歷史、地理與生態資源。⬇️一起線上遊賞博物館。入關博物館 (matterport.com)","","424","臺中市","66000","和平區","東關路一段102號","","","24.20354","121.00663","2-4小時","","","由高速公路下豐原交流道，經台3線到東勢，轉中橫公路即可到達。距離約50公里。若由臺中市前往，過了亞哥花園，登上中興領，過新社接上東勢路線，轉中橫可達。","(1)由臺中火車站搭乘豐原客運往東勢方向之班車至東勢站，轉乘豐原客運往谷關方向之班車至谷關站即可到達谷關溫泉。(2)由臺北國道客運搭乘統聯客運往東勢方向之班車至東勢站，轉乘豐原客運往谷關方向之班車至谷關站即可到達谷關溫泉。","","","","ChIJOd8EXmnkaDQRZhvT2XYgY2w","遊客中心、展示館、販賣部、公共電話、停車場、公廁、觀景台、步道、公車站、無障礙廁所、無障礙坡道、無障礙停車位","休閒娛樂、戶外運動、樂齡專區","",""
"161","10","387300000H","梧棲觀光漁港","梧棲漁港是臺中市第一座機漁船港，為發展中部地區漁業，並配合臺中港規劃所興建，水域及陸地範圍共計六十頃，港內規劃的漁業專區，可容納五十噸以下漁船三百艘。梧棲漁港的位置大約在臺灣西部海岸，也就是臺灣海峽的中部海域，潮汐深受太平洋潮流影響，每當漲潮海水自南北兩端流入臺灣海峽，在中部一帶相遇造成海水高漲，退潮時海水往兩邊退散，因此造成潮差明顯，平均落差約達四點五公尺，海底地形平緩，於乾潮時有長達三、四公里的沙灘露出水面，擁有千變萬化的景觀及豐富的海洋生態，漁民多從事沿海流刺網及淺海養殖。梧棲漁港因有效推行休閒漁業政策，已轉型成集生產、銷售、觀光、娛樂為一體的綜合性休閒漁港，往後在各級政府輔導的基礎上，以加強魚市場之自動化設備為首要目標，期望將漁港發展成為具有東方色彩、傲視國際的梧棲漁港漁人碼頭，使梧棲漁港登上另一巔峰。","每周一至五 10:00-19:00；每周例假日 09:00-20:00；全年無休","436","臺中市","66000","清水區","海濱里北堤路30號","","04-26571586","24.2930307","120.52077","2-2.5小時","","","行駛國道1號：於豐原系統交流道接國道4號往清水方向→沿臨港路直行(會經過西濱快速道路下方) →北堤加油站右轉(路標指示梧棲觀光漁港) →至梧棲觀光漁港入口處-停車場。 行駛國道3號：於神岡系統交流道接國道4號往清水方向→沿臨港路直行(會經過西濱快速道路下方) →北堤加油站右轉(路標指示梧棲觀光漁港) →至梧棲觀光漁港入口處→停車場。","搭乘火車海線至清水火車站下車→搭乘計程車可直達本港。 搭乘公車搭乘臺中市公車307路(新民高中-梧棲觀光漁港)，於梧棲觀光漁港站下車步行進入港區。","","https://www.tcfish.org.tw/","","ChIJq6qqqroTaTQR13S7PwWhty8","販賣部、公共電話、停車場、公廁、觀景台、公車站","休閒娛樂、生態之旅","","生態類、小吃/特產類、其他"
"162","1070","387300000H","麗水漁港","玩賞攻略◼️觀夕照賞鳥、騎單車看海的絕佳勝地。 位在臺中最西南端龍井區的麗水漁港，原為一座發展有百年歷史的老漁港，因受到鄰近的火力發電廠興建的影響之下，致使漁業發展日漸沒落乏人問津，幾乎不再有船隻來此捕魚，僅剩少數的膠筏停靠.後來巧妙地利用堤岸上已荒廢的海巡檢哨站改建為希臘風情藍白基調的觀景平台，再加上附近設有自行車步道，成為台中適合新人婚紗取景、觀夕照賞鳥、騎單車看海的絕佳勝地。照片出處：臺中市政府水利局麗水漁港為大臺中地區六大漁港之一，最初建於清朝乾隆年間，緊鄰大肚溪出海口，故有資源豐富的潮汐生態，每當退潮的時候，可見小螃蟹等生物在泥沼之中。每年10月至隔年的5月期間，是主要的賞鳥季節，可以在此觀賞多樣性的鳥類。接近傍晚的時分，夕陽餘暉灑落在海平面之上，日落的自然美景不輸高美濕地，因景致迷人吸引不少外拍愛好者特地來此欣賞拍攝，享受一日美好的悠閒時光。堤岸上的觀景平台，採用仿希臘地中海風的藍白建築外觀，搭配拱門、扇窗、鈴鐺擺鐘以及愛心欄杆的設計，營造出濃厚的異國浪漫情調，在麗水里純樸的小漁村之中，特別令人耳目一新，因此深受遊客們的喜愛，前來觀景台拍照打卡留念，或是迎著徐風騎單車悠遊港口沿岸，欣賞夕陽看海散心，使得如今人煙稀少的麗水漁港，有機會再度回到當初的榮景。照片出處：臺中市政府水利局","戶外空間全天開放","434","臺中市","66000","龍井區","三港路65號","","04-26562650","24.20007","120.49491","0.5-1小時","","","中山高台中交流道下往台中港方向→至坪頂遊園路左轉→約五百公尺見指標往龍井方向右轉（龍新路）直行約４公里→接沙田路左轉→順著路右轉約５公里，即可見指標。中二高龍井交流道下往龍井方向→接龍新路右轉直行→接沙田路左轉→順著路右轉約５公里，即可見指標。西濱快速道路（６１號省道）→至龍井鄉麗水村三港路右轉往（福順宮）牌樓方向轉入即可抵達。","","","","","","停車場","休閒娛樂、生態之旅","","生態類"
"163","1071","387300000H","抽藤坑休閒農業區","抽藤坑休閒農業區榮獲107年和110年休閒農業區評鑑茁壯獎的殊榮，因地處山林間除山區常見昆蟲外，其中最引人注目的昆蟲明星為螢火蟲。近年本區大力的推行螢火蟲復育，成為本區最優質的生態資源。由於抽藤坑及暗影坑溪水源注入，山區原始林木保存完整，自然生態豐富，在每年的4月間是螢火蟲盛產的季節，彷如星光般迷人，是區內的生態旅遊特色之一，更有親水公園戲水消暑、觀察生態夜間螢火蟲、果園採果品嚐新鮮水果、農夫市集採買伴手禮、暗影山步道登高俯瞰山林美景，隱身在山林小巷，在不同季節分別有金針花、螢火蟲等自然生態妝點，如同夢幻世外桃源。白冷圳是日據時期為了供應新社台地上種甘蔗所需要之灌溉水而興築，導水路皆利用地形地勢變化產生落差原理的自然工法概念沿線循山腰峻坡建造，係集近代水利工程技術之最、產業經濟發展命脈、人河相依情感及美感意象等元素於一身的重要設施，並與新社地區人文歷史及自然生態習習相關，符合文化景觀所著重的人類與自然互動關係的意義，歷史建築包括：白冷圳入水口、抽藤坑倒虹吸管、矮山支線過水吊橋。主題遊程：甜蜜花趣、慢活.漫遊新社趣農遊小旅行、香草拓染.薑糖.果醬DIY。生產作物：白玉苦瓜、高接梨、柑桔、甜柿、葡萄、枇杷、金針花、梅、李、甜蜜桃、香菇。休區景點：白冷圳、蛙境、小溪頭生態園區、抽藤坑親水公園。【交通指南】【開　　 車】從國道1號接國道4號往東勢方向，至臺三線豐勢路後過東勢大橋右轉進入台八線，10.5km處右轉過龍安橋往左方向上坡前行後靠右急轉，過白冷圳後前方有三叉路靠左後直行左轉，直走約1km即可到達本休閒農業區。","戶外空間全天開放","426","臺中市","66000","新社區","中和里中興街158號","農業局","04-25811511#278","24.15976883","120.8262178","2-3小時","","","◆國道一號或三號(中山高.二高)轉國道四號走到底→往豐原、石岡方向→左轉接台3線到【東勢】→從東勢往谷關方向(台8線)於10.5k處右邊會看到【龍安橋】右轉往新社→過橋後就屬於抽藤坑休閒農業區→順著路右轉彎一直直行會看到白冷圳虹吸管，再往前三叉路口左轉則進入中和社區台中市區走文心路接東山路(或市區走太原路) →往大坑方 →上中興嶺 →過香菇街 →往薰衣草森林方向即可到達中和社區","","","https://www.agriculture.taichung.gov.tw/313740/post","","ChIJr-xMgBQfaTQRD0Vwr0FCyjs","公共電話、停車場、公廁、步道","休閒娛樂、生態之旅","","生態類、自然風景區類"
"164","976","387300000H","大甲溪發電廠生態園區(馬鞍壩生態園區)","臺中和平區的大甲溪發電廠轉型為大甲溪發電廠生態園區(馬鞍壩生態園區)，結合森林水資源、電力科技與自然生態，不僅是中部水力發電的核心，還是蘊藏豐富魚類、鳥類、蝶類、獼猴、野豬及植物等生態廊道，兼具能源教育與生態觀察的功能，並且設有鐵馬驛站，可提供自行車友休憩的環境，民眾可規劃來此遊玩，享受附近的森林芬多精，造訪百年水利建設白冷圳，或是搭配鄰近景點谷關溫泉、八仙山森林遊樂區一同前往來趟知性休閒之旅。園區內包含有綠能發電展示、動輪實體、科技展示館、馬鞍進水口、發呆亭、鷺鷥島、天輪白冷吊橋、白冷圳取水口、新天輪尾水、白冷冰棒、白冷肉包、生態魚道展示等旅遊景點特色。值得一提的是，綠能發電展示區，設置相關發電機器，現場可從儀表看出即時發電量，讓民眾了解風力與太陽能發電受到氣候的影響，另外也提供民眾體驗操作水輪機發動，了解水力發電的原理；生態魚道展示區，設置參觀步道、開設觀魚窗，可了解魚類洄游實況。位於馬鞍壩與大甲溪發電廠之間的天輪白冷吊橋，橋長100公尺，橫跨大甲溪，原為白冷地區大甲溪兩岸主要通道，目前因吊橋年代已久，基於安全因素考量，僅供民眾步行，車輛改由馬鞍壩頂道通行。漫步在橋上，往上游可眺望大甲溪發電廠出水口，往下游可眺望鷺鷥翱翔天際，水力資源與自然生態美景盡收眼底。離開園區以前，不容錯過品嘗在地的好滋味，如消費合作社所自產的枝仔冰「白冷冰棒」和超過40年歷史的客家風味包子「白冷肉包」。若需前往參觀，須於參觀前三個工作天先行電話預約。(1) 30人以下：自行參觀。(2) 30人以上：提供導覽參觀。可參觀時間：(1) 早上 9：30-11：30(2) 下午 2：00-4：00預約電話：(04)2594-1574","僅開放平日參觀，上午時段09:30~11:30，下午時段14:00~16:00請於參觀前3日電話預約，當日恕不接受登記。","424","臺中市","66000","和平區","天輪里東關路2段89-1號","","04-25941574#6094","24.1858757","120.9215268","1.5-2小時","","1.請帶著尊重自然的心,來鑑賞園區的鳥類.蝴蝶.魚與植物等自然生態之美,並禁止鳴放鞭炮2.順著步道前行,避免破壞汙染溪床與地形脆弱的環境3.在自然的環境中,宜著與自然環境相調的衣褲,寬緣帽運動鞋或登山鞋,並隨時預防蛇,蜂與蚊蟲叮咬4.謹慎安靜的旅行,避免干擾動物、植物的生息5.溪流湍急並有暗流,為了您的安全請勿進入水域範圍6.發電廠特定區域是具高度危險性的,一定要特別注意安全7.林蔭步道自由行，發電廠廠區實施人員及車輛管制,請於3日前以電話預約，預約電話:04-25941574#625孫先生，每時段參觀人數限額35","國道1號台中系統或國道3號中港系統交流道,轉國道4號往東勢方向,下匝道後接台3線,過東勢大橋,接接台8線,於22.5公里處。","客運：豐原搭乘豐原客運往谷關,於白冷站下車鐵路：豐原轉客運。高鐵：台中烏日站下車，轉台中市公車""153副""線，白冷站下車","內有停車場","https://www.facebook.com/profile.php?id=100057644342038","","ChIJfQq54O3haDQR2FIyono04nM","展示館、停車場、公廁、觀景台、步道、公車站、導覽解說","休閒娛樂、生態之旅、教育資源","","生態類、自然風景區類"
"165","1427","387300000H","大呷麵本家故事館","大呷麵本家將台灣麵條導入文化創意產業第一人掀起台灣麵條新變革 家族從1934年製麵至今超過80年的製麵歷史，2006年第三代傳人劉世欣突破傳統經營模式，創立「大呷麵本家」品牌將傳統麵條加上文化創意，成為賞心悅目的年節最佳伴手禮。經過這10年的改造，我們得獎不斷，分別榮獲2014年中小企業處台灣OTOP十大產品設計獎、2015年中小企業處台灣OTOP十大優質企業、2016年台中市十大伴手禮評審團大獎、2016年台中市商業會十大伴手禮獎…等獎項。擁有80餘年製麵技術與文化傳承的大呷麵本家，本著宣揚台中大甲在地文化選用大甲冠軍芋頭融入麵中，首創台灣第一的芋頭麵。將樸實的麵條帶進一個嶄新的境界。大呷麵本家讓顧客在吃麵條的同時，不僅獲得更多健康的養分，更重要的是將麵條與品牌的一甲子傳承和故事同時傳達給所有人。『大呷麵本家』秉持著要讓愛麵人吃健康麵條的精神，堅持只使用天然、優質的原料、絕不添加任何人工香料、色素、防腐劑於麵條中，只做出最「真」、最「實」在的麵條給國人享用！1934 大甲麵廠成立2006 轉型成立「大呷麵本家」品牌2007 成立大甲本家有限公司2009 進軍中國大陸2012 成立麵本家食品股份有限公司2012 進軍香港2014 手感實作禮盒榮獲經濟部中小企業處OTOP設計獎2015 榮獲經濟部中小企業處OTOP十大優質企業2016 享芋台灣禮盒榮獲台中市十大伴手禮評審團大獎2016 享芋台灣禮盒榮獲台中市商會最佳伴手禮獎2017 臺灣百大鄉村精品入選/享芋台灣2017 麵本家食品股份有限公司工廠完工啟用2017 成立大呷麵本家故事館2018 通過ISO22000&HACCP國際食品安全管制系統認證2018 進軍菲律賓2019 通過有機農產品及有機農產加工品驗證2019 進軍美國2019 榮獲經濟部108年度優良創新老店2019 榮獲台灣服務創新獎店格/行銷創新獎2019 榮獲台中市十大伴手禮好禮標章2020 通過ISO22000&HACCP國際食品安全管制系統改版認證2020 榮獲台中市十大伴手禮好禮標章開館時間：週一至週五/9:00~18:00（公司／故事館）　　　　　週六、週日/接受團體預約參觀（故事館）館舍地址：臺中市大甲區重義二路153號聯絡電話：04-26862239信箱：noodlesorigin@gmail.com圖文由臺中市產業故事館發展協會協助提供。","週一至週五，9:00~18:00；週六、週日接受團體預約參觀","437","臺中市","66000","大甲區","重義二路153號","","04-26861026","24.33536","120.61323","","","","","","","http://www.noodlesorigin.com/","https://www.facebook.com/noodlesorigin1934/?locale=zh_TW","ChIJmdyQQP8RaTQRQNH7EOBrrrs","","休閒娛樂、地方展館","",""
"166","1644","387300000H","自行車文化探索館","自行車文化探索館 Cycling Culture Museum 自行車文化探索館為巨大集團(捷安特)最新成立的自行車博物館場域，展廳由1817年第一輛轉向雙輪車為開端，從歷史演變、產業發展，到深厚的工藝科學技術，再到全球的騎行文化與未來，循序漸進帶民眾認識自行車的不凡魅力。 自行車文化探索館以推廣文化為使命，提供展廳參觀、課程活動、禮品商店、咖啡輕食等服務。 開放時間：週一至週日09:00-17:00，週三休館館舍地址：臺中市西屯區東大路一段997號聯絡電話：04-24627979  導覽解說：■有 □無 (每天兩場定時導覽，18人以上團體請另行預約)預約電話：04-24627979其他服務：■ DIY體驗：彩繪水壺貼貼樂/大熊的自行車之旅/自行車創意玻璃貼，需事先預約	 Design Shop 單車風格禮品店：獨家開發商品、質感選物	 Tour de Café 咖啡廳：職人咖啡與輕食甜點 門票資訊：	全票$400元：一般民眾	優待票$200元：未滿18歲/65歲以上/低收入戶/身障人士其監護人或必要陪伴者一人	團體票$300元：18人以上團體	免費入園：6歲以下兒童/身障人士 (未滿6歲之孩童需家長陪同參觀)圖文由臺中市產業故事館發展協會協助提供。","週一至週日09:00-17:00，週三休館","407","臺中市","66000","西屯區","東大路一段997號","","04-24627979#1","24.2093483","120.6121217","","全票$400元：一般民眾優待票$200元：未滿18歲/65歲以上/低收入戶/身障人士其監護人或必要陪伴者一人團體票$300元：18人以上團體免費入園：6歲以下兒童/身障人士 (未滿6歲之孩童需家長陪同參觀)","","","","","https://cyclingmuseum.com.tw","https://www.facebook.com/CyclingCultureMuseum","ChIJs2NIKUQVaTQRE78k5yM4tp4","遊客中心、展示館、停車場、公廁、無障礙廁所、無障礙坡道、無障礙停車位","休閒娛樂、地方展館","GTS國際標章","其他"
"167","1645","387300000H","3點1刻故事館","石城-3點1刻公司沿革 於1991年成立「石城實業」，廠房榮獲FSSC 22000國際驗證及MUI清真認證，品質更有國家把關 - 經農委會農糧署輔導計畫推動「廠農合作」，實施茶園健康管理，並由茶葉改良廠進行農藥及重金屬殘留檢測，不但通過安檢合格，並獲「經濟部商業司協助服務業研究發展輔導」與「行政院農委會改善外銷產品形象設計輔導」，品質信譽卓越。 出身茶農世家的石城實業創辦人朱俊宏先生，愛著台灣茶，憑藉著家族百年製茶經驗。在2008年成立「3點1刻生技中心」，進行複製古茶樹野茶實驗計劃，重現歷代皇帝的茶品，選在南投縣名間埔中這片擁有純淨環境的紅銀土專區，其富含礦物質，非常適合栽種喬木型茶樹，有利於根部吸收深層的礦物質和微量元素；而在2016年起正式啟動全台唯一「自然護育研發基地」野放茶園暨咖啡莊園計劃，現栽種的咖啡樹種有「Peca-mara帕卡瑪拉」與「Mandheling印尼曼特寧」。 「3點1刻」商品暢銷世界各地，如:美國、加拿大、大陸、香港、日本、新加坡、紐西蘭、馬來西亞、澳洲、歐洲. ...等35個國家以上，廣受世界顧客支持與熱愛! 3點1刻故事館簡介擁有百年製茶經驗，首創「茶包式奶茶」，為發揚茶文化、體驗茶趣味，而成立「3點1刻故事館」，館內透過製茶體驗、教學互動及品茗，帶您認識茶葉文化，3點1刻用心帶給廣大愛好者，隨時隨地享受安心的午茶時光！ 奶茶包手作DIY體驗活動全球首創「真茶葉，真奶茶」的茶包式奶茶，親自體驗製作『茶包式奶茶』，活動中介紹不同原料及茶葉的特性與風味，傳授多款不同風味奶茶的完美食譜配方，讓每位顧客都能調配出屬於自己的專屬奶茶，為自己特調出獨一無二的玩味調飲！同時提供少量客製化服務，自用送禮兩相宜。 體驗時間：約30分鐘(需先預約)收費標準：200元費用包含：親手調配奶茶包3包、50元購物折抵券預約專線：0800-031-503 DIY手作茶包客製化服務：最佳節慶貼心禮，以「少量」客製化，主打親手調配、個性化，打造獨一無二的禮物。 體驗古法製茶日光萎凋→室內萎凋→浪菁→殺菁→揉捻→團捻→成品 擁有百年製茶經驗，堅持遵循古老製茶技法，一條龍五感(視、聽、觸、嗅、味)體驗安排，讓顧客體驗老茶人的製茶方式。 道道工序不馬虎，新鮮茶葉經過日光萎凋、室內萎凋、浪菁、揉捻、團捻、乾燥等過程，重現茶葉最原始的古早好滋味。 不只體驗古法製茶，也從中認識茶葉的種類及性質、了解茶葉製程對茶葉功效的影響，體驗到最完整的茶文化。圖文由臺中市產業故事館發展協會協助提供。","參觀採預約制預約人數：20以上成團；為保證參觀體驗預約最多60人以內","412","臺中市","66000","大里區","東興路506號","","04-24061888","24.1044481","120.6654745","","導覽時間：90分鐘(含DIY課程)DIY費用：200/次","","","","","https://www.scfoods.com.tw/factory.php","https://www.facebook.com/p/3%E9%BB%9E1%E5%88%BB-%E6%95%85%E4%BA%8B%E9%A4%A8-100064133860944/?locale=zh_TW","","","休閒娛樂、地方展館","","觀光工廠類"
"168","49","387300000H","月眉觀光糖廠","位於臺中市后里區的月眉糖廠，以觀光糖廠的姿態帶領遊客認識台灣糖業過去的風華。最早，這裡稱為「大甲製糖所」，屬日糖株式會社，在1909年由日本人創廠。1919年由台灣糖業股份有限公司月眉糖廠接收生產，不僅為台灣爭取了大筆外匯，製糖更是創造經濟奇蹟的功臣之一。隨著時代推進，臺灣糖業在歷經產業轉型後，於1999年結束製糖業務，古老的製糖工廠也因應潮流，華麗轉身為具有教育與休憩功能的觀光糖廠。園區內設有台糖產品展示區、製糖過程解說區等豐富展區，並規劃親水步道與錦鯉魚池，打造適合親子同遊的互動空間。遊客可從參觀昔日運糖的重要據點──五分車站展開行程，接著由專人導覽百年歷史的製糖工廠，深入了解傳統製糖工藝。最後，別忘了來一枝懷舊風味的糖廠冰棒，品嚐冰涼香甜的滋味，為這趟甜蜜旅程畫下最難忘的句點。","園區營業時間:平日:08:30~17:00；假日:08:30~17:00冰店營業時間:平日:09:00~17:00；假日:09:00~17:00","421","臺中市","66000","后里區","甲后路二段350號","","04-25561100","24.3145006","120.6939915","1.5-2小時","免費入園","","一、高速公路：國道一號南下北上由中山高速公路160km==>交流道出口==>甲后路==>月眉觀光糖廠中二高(國道三號)北上或南下在大甲下交流道,往東約5分鐘即可抵達月眉觀光糖廠二、省道： 1. 北上（由豐原往后里）：三豐路（左轉）→甲后路→月眉觀光糖廠  2. 南下（由苗栗往后里）：三豐路（右轉）→甲后路→月眉觀光糖廠  3. 海線（由大甲往后里）：西濱快速公路→甲后路→月眉觀光糖廠","豐原客運：於豐原客運豐原總站搭乘往月眉方向的班車，於月眉糖廠站下車。","提供免費停車場","https://www.taisugar.com.tw/chinese/Attractions_detail.aspx?n=10048&s=191&p=0","https://www.facebook.com/TSCYUEMEI?locale=zh_TW","","販賣部、公廁、步道、導盲磚、無障礙廁所、無障礙坡道、無障礙停車位","休閒娛樂、地方展館、無障礙景點、樂齡專區","","遊憩類"
"169","1356","387300000H","高美海堤自行車道","「高美海堤自行車道」已投保公共意外責任險 高美海堤自行車道是利用清水大排的防汛道路及堤頂規劃而成，沿線經過的海岸美景及豐富的生態已成為愛鳥人士的新興賞鳥據點。遊客可以騎著單車暢遊高美濕地，欣賞日落餘暉之美，還可至梧棲漁港大啖美味海產料理，採買新鮮魚貨，感受港口風情，為一條感受海洋文化兼休憩的最佳自行車道。","","436","臺中市","66000","清水區","高美濕地自行車道","","","24.29986","120.54607","0.5-1小時","","","","","","","","ChIJARBngSITaTQRbpBVe9CcT3w","","休閒娛樂、自行車道","",""
"170","1357","387300000H","清水自行車道/五福圳段","延途景觀充滿昔日古早味，在清幽的鄉間小徑間騎乘自行車追尋圳旁奔馳的火車，遊賞趙家古厝夏季的荷花，或在稻間車道中享受陣陣撲鼻而來的稻香，都可盡情享受健康悠閒又慢活的騎乘樂趣。此路段終點附近可銜接大楊段返回清水市區，騎乘至客庄路銜接至高美自行車道。","","436","臺中市","66000","清水區","中山路422-12號","","","24.27433332","120.5794707","1-1.5小時","","","","","","","","","","休閒娛樂、自行車道","",""
"171","1358","387300000H","中科自行車道","中科自行車道路線一路穿越水崛頭公園、林厝公園、通山公園、橫山公園，一路上可以邊享受騎乘樂趣邊享受臺中美景，到達了交會點還可選擇接往潭雅神綠園道。 科學園區在規劃之初，為兼顧生態保育與科技發展，特意將園區四周以綠帶及公園的設計理念融入園區的整體規劃中；並在回饋地方與睦鄰原則下，將這一切的綠地休憩等公共設施，開放供民眾使用，並以地方原有的地名為公園名稱。 此路段騎乘至返折點時，也可銜接至鄰近的潭雅神綠園道終點處騎乘。","","407","臺中市","66000","西屯區","中科自行車道","","","24.20877","120.61946","0.5-1小時","","","","","","","","","停車場、公車站","休閒娛樂、自行車道","",""
"172","1847","387300000H","清水自行車道/臨港段","2020年榮獲全台10大亮點自行車道之「清水自行車道」匯集五福圳段、臨港段、清水段、高美段及大楊段，隨季節進入春天，騎單車暢遊清水，欣賞古厝、青山及火車交錯而成的田園景緻，還可順遊附近觀光景點如港區藝術中心、清水眷村文化園區及清水神社牛罵頭遺址文化園區等，體驗清水獨特的人文風采。此外，特別推薦到清水遊玩時一定不要錯過代代傳承的美食如米糕、擀麵，聽聽店家回溯著清水眷村的過往回憶。","","436","臺中市","66000","清水區","","","","24.30503586","120.5902672","","","","","","","","","ChIJ52l5O7ETaTQRf48zMx0zDSU","","休閒娛樂、自行車道","",""
"173","1850","387300000H","豐原大道自行車道","「豐原大道自行車道(南陽橋~豐原大道四段303街)」已投保公共意外責任險豐原大道自行車道位於豐原區，全長13.6公里，為環狀自行車道，藉由一般道路可串聯東豐自行車綠廊、后豐鐵馬道、潭雅神綠園道、旱溪自行車道，可安排多日行程，順遊體驗台中市人氣自行車道，享受便利、順暢的鐵馬自由行，感受在地風情。可順遊廟東夜市，夜市內許多必吃老店，以排骨麵、鳳梨冰、蚵仔煎為知名美食。","","420","臺中市","66000","豐原區","","","","24.24374038","120.7300607","","","","","","","","","ChIJHeUvXNUbaTQRNtSR3S8XULQ","停車場、公廁","休閒娛樂、自行車道","",""
"174","1851","387300000H","濱海自行車道","臺中市濱海自行車道全長81.1公里，路經台中港、梧棲漁港、高美濕地、南莊海堤、溫寮漁港、大安媽祖園區、大安溪橋、西勢海堤，完整串聯臺中市海岸風光。梧棲觀光漁港原為小型漁村，經轉型後成為臺中熱門觀光漁港，在欣賞漁港海堤風光的同時，也能品嚐新鮮漁獲。高美濕地（高美野生動物保護區）位於清水大甲溪出海口南側，面積廣達701.3公頃，不僅是目前所知全臺灣最大族群的雲林莞草區，也是國內少數幾處雁鴨集體繁殖區之一，為重要之生態保育區。","","432","臺中市","66000","大肚區","","","","24.15492105","120.5310481","","","","","","","","","ChIJL5oEyoE_aTQRNvAoS2lJ1e0","停車場、公廁","休閒娛樂、自行車道","",""
"175","1852","387300000H","臺中港區臨港路自行車道","臺中港區臨港路自行車道全長11公里，近高美濕地遊客中心。路線由繁榮的臺中港商圈出發，鄰近復古建築及古蹟林立的梧棲老街，跨越時空見證臺中港區的時光變化。MITSUI OUTLET PARK 台中港坐落於台中市梧棲區台灣大道上，結合海洋旅遊、時尚生活與休閒娛樂功能，是臺灣首座海港型購物商城，設施內匯聚約170家國內外知名品牌店鋪、美食餐廳，是度假購物的好去處！來到梧棲老街，這裡沒有叫賣的市集、沒有擁塞的觀光人潮，只有復古陳舊的巴洛克式建築靜靜坐落在此。慢慢地，跟隨時光走過歷史，在靜謐中穿過小巷，在照片裡深藏舊時臺中的淡褐回憶。","","435","臺中市","66000","梧棲區","","","","24.26053161","120.5218774","","","","","","","","","","遊客中心、停車場、公廁","休閒娛樂、自行車道","",""
"176","1853","387300000H","汴子頭堤防自行車道","汴子頭堤防自行車道全長2.4公里，連接龍井堤防自行車專用道。沿途田園風光悠閒適然，放鬆身心。磺溪書院興建於清光緒年間，是大肚區至今留存最古老的建築，也是臺中市現存唯一書院。昔日大肚地區(包含大肚、烏日、龍井三鄉鎮)的文教中心，無論建材、造型、施工技術上均十分精巧，尤其以磚工雕琢之精美聞名，堪稱是清末文教建築的傑出作品。","","432","臺中市","66000","大肚區","","","","24.16627802","120.528999","","","","","","","","","","公廁","休閒娛樂、自行車道","",""
"177","130","387300000H","東豐自行車綠廊","「東豐自行車綠廊(0k~13.6k)」已投保公共意外責任險 東豐自行車綠廊舊名為東豐鐵路，又稱東勢支線，建於民國47年，為台灣山線鐵道的支線之一，貫穿豐原、石岡、東勢三地。當時東勢地區的紅檜、扁柏和杉木需要運送，加上修建石岡水壩工程材料上的運輸，還有民間不下十萬公噸的農特產品貨運，東豐鐵路因此應運而生，對鐵路沿線的居民來說，東豐鐵路是一段過去生活的回憶。東豐自行車綠廊於89年11月15日啓用以來，成為大臺中地區假日休憩新場所，沿線的石岡水壩、東勢客家文化園區、自然生態及景觀建築等，提供遊客無論是親子、情侶或是戶外教學等豐富的遊程規劃，遊客前來騎乘自行車，更能體驗與大自然親近放鬆身心的感覺。東豐自行車綠廊起點→ 綠之戀木屐彩繪館 → 朴子車站 → 石岡水霸及921地震公園(支線)→石岡穀倉(支線) → 0蛋月台 → 遊客服務中心 → 九房童話世界3D彩繪村 → 情人木橋、食水嵙休閒園區及五福臨門神木(支線) → 百年芒果樹 → 梅子車站  → 東豐鐵橋  → 東勢林業文化園區。","全日開放","422","臺中市","66000","石岡區","石城街1號","","04-25722511","24.27604","120.77887","2-3小時","","1. 建議：路況多屬平坦路段、騎乘時舒適度佳，由廢棄鐵道改建的車道，沿途風光明媚、景色宜人，適合一般大眾攜家帶眷在此騎車及紓解壓力。2. 租車資訊：在「東豐自行車綠廊」的起點周圍，以及(國道四號『石岡』終點高架橋)旁，以及鄰近省道三號(豐勢路二段)與明德路交接口的7-11超商附近都可以找到出租單車的店面。","國道三號或國道一號轉國道四號→下豐原端終點→台三線往石岡→石岡水霸國道三號或國道一號轉國道四號→下豐原端終點→迴轉高速公路橋下直行約700公尺即可到達","1. 公車：可於台中火車站前或豐原搭乘豐原客運，往東勢，可於”朴子口”或”石岡水壩”下車。2. 火車：搭乘火車至豐原站下車，改搭往東勢的豐原客運於”朴子口”或”石岡水壩”下車。","設有大型免費停車場。","","","ChIJ-yXXXVkaaTQRJ0yeGvh8Pko","展示館、停車場、公廁、觀景台、步道、公車站","休閒娛樂、自行車道、戶外運動","","遊憩類、體育健身類"
"178","1848","387300000H","環1-4中臺濱海支線","環1-4中臺濱海支線全長32.3公里，全線沿西部濱海快速公路騎行，沿途路經臺中市海岸線，串聯沿岸各景點。建議視自身體力斟酌是否騎完全程，或者以環1-4 中臺濱海支線為連通道，規劃多日鐵馬減碳遊程，體驗完整、在地臺中魅力。臺中市港區藝術中心是一處多功能複合式的藝術展演場所，不定期舉辦戲曲表演，假日文化活動，藝品展覽，藝文研習等等，以藝術築起一片天地，給繁忙的都市生活留下一方心靈綠洲。匠師的故鄉休閒農業區結合大甲當地農村風光和自然體驗，可體驗農家的焢窯、悠閒騎單車、聽浪濤觀夕陽或坐在田埂上聆聽蟲鳴鳥叫，更有松柏漁港新鮮現撈漁獲。各種豐富活動，適合全家大小或朋友結伴，一同走進田園及海風中，捕捉簡單的快樂。","","434","臺中市","66000","龍井區","","","","24.18923874","120.5077101","","","","","","","","","","","休閒娛樂、自行車道、戶外運動","",""
"179","1442","387300000H","大雅麥田","每年三月小麥成熟時，臺中大雅麥田就閃耀著大片金黃。微風吹過，麥穗低下了頭又挺直了身，麥浪搖曳如波，蔚為臺中市迷人的知名景觀。大雅擁全臺九成小麥產量，每年舉行的文化節也以小麥為行銷主題。現場除了風吹麥浪以外，也設計了大小不一的藝術裝置。由於文化節期間正值西洋情人節，藝術展品也多和戀愛相關，所以大雅麥田也意外成為一處情侶約會的熱門場地。如果幸運的話，還能拍到小麥成熟三階段的照片，這頭還是綠油油的一片，相距數百公尺則已經出現銘黃、金黃的麥田，在大雅體驗大自然的神奇。","小麥文化節每年二月底開幕，其餘時間皆可造訪","428","臺中市","66000","大雅區","神林路一段231巷","","04-25662216","24.23792","120.65277","","","","","","","","","ChIJGQKcbMMWaTQR_lSTwDmMj1Q","","休閒娛樂、花園農場","","自然風景區類"
"180","843","387300000H","匠師的故鄉休閒農業區","匠師的故鄉休閒農業區位於大甲區，昔日之藺草編織工藝師傅之發源地，故取名為「匠師的故鄉」，是臺中市唯一濱海休閒農業區，濱臨臺灣海峽，內藏豐富農漁文化和自然生態，海濱有石灘地可以欣賞美麗的夕陽，貝類、候鳥、招潮蟹、水筆仔、潮間帶生態豐富，加上迎風搖曳的向日葵、美味的芋頭創意特色料理與充滿童趣的農村焢窯樂，以及在地文化特色的藺草編織、農特產品、大甲芋頭、親自體驗及創作DIY，很適合農業體驗和環境教育一日遊。休區交通便利，西濱快速道路直通，歡迎來「匠師的故鄉」認識體驗不同季節的大甲，拾起童時的回憶、體驗鄉村風情，感受農漁業之美，享受樂活時光。大甲匠師的故鄉休閒農業園區，是大甲草蓆的發源地區。早期社區媽媽們都以編織藺草來貼補家用，成為藺草編織匠師的故鄉，區內也有農場規劃體驗課程及傳統藺草編織秀，從藺草的製作到編織，親身體驗一睹大甲草蓆編織的奧秘。匠師的故鄉區內一年四季都能看到向日葵花海，讓您彷如置身在歐洲美麗花園，在燦爛陽光與浪漫的海風吹拂下，盛開最美麗的花朵。每家農場都有自己的特色窯，提供場地、在地食材及工具，從燒木材到開窯用餐，想回味早期農村的焢窯，品嚐農村在地風味料理。主題遊程：揪藺香芋 花現匠師、結合海線花海+季節性主題~匠師的故鄉遊花海活動、焢窯體驗、傳統米食.芋圓.大甲芋頭酥DIY、一日農夫體驗、大甲藺草編織、向日葵栽種體驗。生產作物：稻米、大甲芋頭、有機蔬菜、現撈魚獲等。休區景點：向日葵花田、濱海生態、濱海賞日出夕陽。海線花海種植花種與交通位置1. 波斯菊及向日葵: 大甲區東西十一路及東西十六路2. 萬壽菊、百日菊: 分佈於匠師的故鄉休閒農業區之61線道兩旁、如意路長壽會館兩旁【交通指南】．北上：國道1/國道3→接國道4往清水→接台17線直走→右轉接台61線(西濱快速道路)往大甲(北上)→下建興西岐匝道口後即抵達休閒農業區．南下：國道1/國道3→苑裡交流道下→右轉接中苗140線道（往苑裡方向）→行經過台1線後直走接台61線左轉南下行經約3公里即抵達休閒農業區","","437","臺中市","66000","大甲區","如意路31巷7號","農業局","04-26863696","24.4215127","120.6171917","1-2小時","","","沿台61線快速道路至大甲松柏港路口下交流道即可→沿指標前進","","","http://www.tachia.org.tw/artisan/index.aspx","https://www.facebook.com/country.of.master?locale=zh_TW","ChIJI_HCH6gOaTQR7urJuE6sGro","公廁","休閒娛樂、花園農場、生態之旅","","休閒農業類、遊憩類"
"181","1396","387300000H","東勢林場","東勢林場位在台中市東勢區東方的大安溪畔，海拔500-700公尺，平均溫度在20-25度之間，氣候宜人，是渡假納涼的好去處。 林場距東勢區上僅八公里，有勢林街相通，由南北而來，沿高速公路接國道4號而下，至林場僅30分鐘車程，也有豐原客運班車行駛，相當便利。東勢林場一年四季有看不完的花卉：春櫻、夏油桐、秋楓、冬梅，舉凡梅花、櫻花、杜鵑花、油桐花、紫薇、聖誕紅、楓葉…等，多采多姿的花花世界，值得大家欣賞。還有豐富的生態，螢火蟲、獨角仙、鍬形蟲、蛙類、鳥類…等，相當有看頭。（螢火蟲） 森林浴場是林場的主題特色，SPA健康步道讓你恣意徜佯於山林芳香中，沿途並有各種植物解說牌，提供遊客享受知性與感性的森林之旅。（森林步道）本場設有解說員解說服務，接受團體遊客預約。林場內有渡假小木屋，讓您享受遠離塵囂、回歸自然的氣氛。場內附有餐廳供應美味的餐飲，任您選擇；若是您想享受在自然中用餐的樂趣，林場規劃完善的露營烤肉區則是您最佳的選擇。 除此之外，場內還有設備完善的會議室和營火晚會場地可供使用；溫泉泡腳區則提供全家大小同遊，體驗知性與感性愜意的生活。 東勢林場一年四季皆美，值得大家一遊再遊。","早上6：30至晚上10：00","423","臺中市","66000","東勢區","勢林街6-1號","","04-25872191","24.2866074","120.8688022","3-4小時","全票： $250元 (19歲(含)以上成人，65歲以下)學生票： $200元 (須憑學生證購票）優惠票 (軍警票)： $200元(須憑軍警證購票）兒童票： $125元 (7-12歲兒童)敬老票： $125元 (65歲(含)以上長者，憑證件購票）幼童票： 免費入園 (0-6歲(含)以下幼童)博愛票： $125元 (身心障礙者本人(憑身心障礙手冊或身心障礙證明)，及一位必要陪同者。設籍於台中市東勢區、石岡區、新社區、和平區之居民(憑身分證)。)","","","","","https://tsfa.com.tw/","https://www.facebook.com/tsfa.firefly/","","遊客中心、展示館、販賣部、公廁、步道、解說簡報","休閒娛樂、花園農場、生態之旅、主題遊樂園","",""
"182","1637","387300000H","新社莊園休閒農場","「莊園是文化的傳承」，而「新社」則是在地的精神。踏入莊園，就可以感受這鄉里山水的真、善、美；我們要為她打造出國際級的景觀，讓台中有「布查特公園」，也讓台灣永遠是「福爾摩莎」！ 九二一大地震重創台灣中部地區，讓我們了解大自然不可抗拒的力量，為了關懷鍾靈毓秀的新社，使它從歷史的創傷中重生，我們不惜費時費神，以誠心及毅力打造「新社莊園」，讓美麗的新世界不僅是一個願景，而是逐步地實踐在眼前。 步入新社莊園，彷彿置身中古世紀的歐洲，歐式古堡、花園、酒莊……等。令人有時空錯置的感覺，使人忘卻塵世的喧囂。悠遊在粗曠的奇岩、原木建築中，徜徉於層巒綠意間，令人流連忘返。肆意於此，不僅能享受陽光灑落的溫煦及汗水淋漓的快意；微風徐徐，拂面輕輕，又是另番沁心的舒爽。在芬多精的沐浴下，不僅撫慰了疲憊的身心，更具有安心定神的療效。這裡的美，更無可取代，更豐富多元，全方位打造一個不用出國，就可以渡假的仙境。 因地造勢，依勢造形，新社莊園保有最豐富的自然原貌，在莊園的每一步都是驚艷。全方位的規劃，在俯仰之間各有千秋。遊園將為感官帶來全新的體驗與舒暢。以上圖文由臺中市政府農業局及農場協助提供。","˙平日 09：00 AM～06：00 PM˙假日 08：00 AM～06：00 PM˙供餐 11：00 AM～05：00 PM","426","臺中市","66000","新社區","協成里協中街23號","","04-25825628","24.1870141","120.8124292","","✰每張門票贈送餐飲抵用券100元✰(春節期間不適用)˙全 票 ：350元˙半 票 ：250元  (7~12歳、65歲以上)˙博愛票：175元 (持有身心障礙手冊、陪同者)˙清潔費：50元˙六角亭/酒莊餐廳，可折抵餐飲消費","","","","","https://www.summit-resort.com/","","","販賣部、停車場、公廁、無障礙坡道、無障礙停車位","休閒娛樂、花園農場、無障礙景點","","遊憩類"
"183","1426","387300000H","臺中市原住民族文化館","開放時間：週二至週日，08:00-17:00館舍地址：臺中市大雅區仁愛路69號聯絡電話：04-25602710官方網站：https://www.ipd.taichung.gov.tw/Facebook: https://reurl.cc/5M051z","週二至週日，08:00-17:00","428","臺中市","66000","大雅區","仁愛路69號","","04-25602710","24.23539","120.62205","","","","","","","https://www.ipd.taichung.gov.tw/","https://reurl.cc/5M051z","ChIJAy5EeJ4WaTQRdG8bQEYPmo4","展示館、停車場、公廁、無障礙坡道、無障礙電梯、無障礙停車位","休閒娛樂、原民生活","","文化類"
"184","819","387300000H","泰安鐵道文化園區","「后里泰安鐵道文化園區」已投保公共意外責任險 即使現在鐵路已停駛，但坐落於山麓下的泰安車站和橫越大甲溪的花梁鋼橋，成了民眾拍照和婚紗攝影的佳處，當地耆老說：「在停駛前，沒什麼人，是當地居民，停駛後，這裡設立鐵道文化園區，和弄了條形象商圈，人潮多了。」除了舊鐵道懷舊的氛圍外，到了秋冬，這裡的楓葉轉黃，飄落在鐵道上，更有另一番唯美之感。(臺中市政府觀光旅遊局已投保公共意外責任險)","全天開放","421","臺中市","66000","后里區","福興路52號","","0932-633353","24.32318","120.75012","1-2小時","","","國道1號下后里交流道→甲后路往后里市區方向前行→三豐路(台13線)左轉→過中科后里園區下坡後右轉→沿指標前行即可抵達","","","https://goo.gl/BFwhma","","ChIJi5JB0zYFaTQRvphE5OWXnzE","停車場、公車站","休閒娛樂、特色文化","","文化類"
"185","960","387300000H","新社星願紫風車","風車之所以漆成紫色，主要是因為新社是紫斑蝶的中途休息站，且新社商圈也以浪漫、幸福的紫，作為代表色的緣故。每年越冬飛往高雄茂林避寒的紫斑蝶，路途有千里之遙，而新社為這群嬌客廣植上萬株蜜源植物，貼心地讓牠們在此停歇、補充能量，中興嶺停車場的紫斑蝶公共藝術雕塑，宣示新社人復育蝴蝶的決心。 結合新社「幸福、夢想」的概念，將此座風車命名為「星願紫風車」，其造型獨特、色彩鮮艷，營造出幸福浪漫的氣氛。 ","","426","臺中市","66000","新社區","中興嶺停車場","","04-22289111#31613","24.20411","120.79676","0.5-1小時","免費","","１. 高速公路國道三號或國道一號 → 國道四號走到底 → 往石岡東勢方向 → 自豐勢路右轉往石岡國中 → 沿著山路蜿蜒而上 → 約15分鐘到達平路後右轉 → 經種苗繁殖場再直行走到路盡頭 → 於藍色大水塔右轉往中興嶺方向 → 直行即可到達。２. 台中市區過來 → 文心路四段 → 東山路 → 大坑 → 中興嶺 → 往香菇街方式即可到達。","1. 台中客運：台中 → 大坑 → 中興嶺 2. 仁友客運：台中 → 大坑 → 中興嶺 3. 豐原客運：台中 → 大坑 → 中興嶺 → 新社 → 東勢 坐到中興嶺站下車，往香菇街方向步行約5~10分鐘即可到達。","中興嶺停車場。","","","ChIJbX0ooEkZaTQRNvqMRiAnwIw","停車場、公廁","休閒娛樂、特色文化","","遊憩類、其他"
"186","1139","387300000H","審計新村","活絡閒置公有建物，提供產業發展需求之空間，並帶動地方整體發展，臺中市政府以委託經營方式合作開發，另公開招商募集民間、法人團體投資開發。本基地以引入複合式主題文化創意產業為主，本區之區位之交通優勢，及臨近臺中相關之藝術、人文及新興商業活動區都在步行可達之範圍，可串連既有的綠園道及美術館文創商店以形成產業群聚效應，型塑臺中市園道文創產業廊道，並以生活、生產、生態三生共構的基礎，輔導青年族群進行微型創業，增加就業機會。鄰近馬路卻獨出一格的審計新村，便是在這片將近半世紀歷史的老宿舍，審計新村是臺中市第三批臺灣省政府宿舍群之一省府時期審計處的員工眷舍，凍省之後成了閒置空間荒廢多年，面積雖然只有0.52公頃，但所處地點就在臺中勤美綠園道附近，因此更是顯示出審計新村的獨特性，老舊的建築充滿了時代痕跡如今經由政府再規劃，成功轉型為青年創業基地，透過青年活力與創造力，激盪出令人目不暇給的空間韻味與獨特氛圍。","營業時間依各店家為主","403","臺中市","66000","西區","民生路368巷","","","24.1449266","120.6626143","1.5-2.5小時","","","","","","https://www.facebook.com/shenji368/","","","販賣部","休閒娛樂、特色文化","","文化類"
"187","779","387300000H","國立公共資訊圖書館","國立公共資訊圖書館(國資圖)為國立級之公共圖書館及數位圖書館，除蒐集、整理、典藏各種圖書、數位資源，推廣閱讀及提供資訊服務外，還負有輔導全國各級公共圖書館之任務。總館位於臺中市南區五權南路，於民國101年(西元2012年)落成啟用，下設黎明、精武及中興三所分館。總館為地上五層、地下二層建築物，佔地2.164公頃，樓地板面積約41,797平方公尺。大致分為讀者服務區、會議學習區、公共服務區與行政支援區。該館外觀以流線造型的河流意象，象徵乘載無限知識之流。館內空間以outside-in的設計概念，將不同樓層的戶外窗景融入內裝配色和家具中，營造出寬敞明亮而具現代感的室內空間。同時針對不同年齡層如兒童、青少年、樂齡族等設有專區，館內並結合體感、擴增實境、無線射頻、3D電影等新興科技，規劃極具親和力與互動性之體驗裝置，為民眾閱讀、休閒、學習之好去處。 ","週二至週六：上午9時至下午9時 週日：上午9時至下午5時(週一及國定假日除自修室外休館)","402","臺中市","66000","南區","五權南路100號","","04-22625100","24.127401","120.670799","1-3小時","","1. 為維護閱讀環境的舒適與安全，依菸害防制法規定館內外（含公共區域）嚴禁吸菸；館內嚴禁喝酒、服裝不整，並不得喧嘩、吵鬧、 攜帶寵物。2. 讀者攜帶之書籍及其他貴重物品應自行保管，如有遺失本館不負賠償之責。","南下：南下至南屯交流道下，走五權西路右轉五權路，接五權南路至臺中高等法院對面即可到達。北上：北上至南屯交流道下，走五權西路右轉五權路，接五權南路至臺中高等法院對面即可到達。","*公車    站名-公共資訊圖書館(復興路)臺中客運：60、82、101、102巨業客運：166豐榮客運：89仁友客運：105中台灣客運：125、281     站名-公共資訊圖書館(五權南路)統聯客運：23中台灣客運：31(103/07/28起實施)、281     站名-公共資訊圖書館(建成路)臺中客運：35","汽車 NT.10元/半小時（未滿半小時以半小時計費）；機車 NT.10元/次(天)（每日24時後另計一天）；自行車免費停放。身心障礙者車輛，自停車時起，2小時內免費，停車第3小時起依NT.10元/半小時開始收費。","https://www.nlpi.edu.tw/","https://www.facebook.com/ilibrary","ChIJVxLWRgE9aTQRzquzjg4AFno","販賣部、公共電話、停車場、公廁、網路、無障礙廁所、無障礙坡道、無障礙電梯、無障礙停車位","休閒娛樂、教育資源、無障礙景點","","文化類"
"188","1255","387300000H","永信醫藥文物館","醫藥基金會承其志，運用臺中市大甲區鐵砧山上的永信運動公園部分空間為文物館基地，改造1980年代興建的「永信托兒所」六角型建築再利用為展示空間，結合運動公園設施，提供來訪民眾強化身體、活化大腦及淨化心靈的休閒遊憩場所。本館希望透過活潑生動的互動遊戲、用藥安全的情境模擬、介紹製藥流程及展示製藥設備。期盼能夠傳遞給大眾，促進健康身心、認識藥物、安全用藥的觀念，並設有DIY體驗教室&紀念品販售區，喜愛DIY體驗課程的民眾來訪時可別錯過了。特展區每期展示不同主題，詳情請見官網或來電詢問。以上圖片由臺中市政府文化局協助提供。","每週三、五、六，09:00-12:00，13:00-16:00","437","臺中市","66000","大甲區","成功路321號","","04-26879275","24.3607291","120.6481655","1.5-2小時","","","","","","http://museum.ttlbf.org.tw/","https://www.facebook.com/ysmmh","ChIJKWOZ1z4OaTQR1V7ZFL3JpaY","展示館、停車場、公廁、無障礙廁所、無障礙坡道、無障礙停車位","休閒娛樂、教育資源、無障礙景點","","遊憩類"
"189","956","387300000H","PARK2草悟廣場","「PARK2草悟廣場」是一座結合綠植與商場的非典型公園聚落，在這裡不僅可以遊逛品牌嚴選的戶外用品，更匯集了許多臺中獨家異國餐廳及風格點心飲品、以及臺中人氣塊根植物主題店；晚上下班想小酌也可到隱密的酒吧釋放壓力，週週有市集、處處有表演，是一處可以Chill一整天的城市綠洲。 逛累了，下沉式戶外廣場的木棧板供你坐臥，沉浸在充滿大型沙漠植物及闊葉植物的空間裡庇蔭！這裡不只是家人朋友們聚餐的新地標，還可以是調劑身心、放鬆呼吸的城市防空洞，顛覆以往想像的公園場景體驗！ 歡迎玩粉們來到這座新型態公園，為繁忙的生活放個假，體會最自在舒適的PARK2草悟廣場吧！","營業時間依各店家為主","403","臺中市","66000","西區","英才路534號","","04-23050191","24.14957","120.66505","2-3小時","","假日人潮眾多，建議搭乘大眾運輸前往。","中港交流道下往市區方向，至英才路右轉500公尺即達。","1. 公車：英才向上北路口27、51。草悟道(市民廣場)81、107、藍2。2. 高鐵：搭乘159免費接駁專車於科博館站下車步行12分鐘。3. BRT：中正國小站下車步行8分鐘。","1. 廣場附設有停車場。2. 路邊停車為差別費率停車格。","https://www.facebook.com/cmppark2","","","販賣部、公廁、無障礙廁所、無障礙坡道、無障礙電梯、無障礙停車位","休閒娛樂、無障礙景點","",""
"190","1260","387300000H","新盛綠川水岸廊道","綠川新盛橋以水質及防洪為優先考量，打破傳統水岸景觀整治方式，企圖營造為生態棲地、結合低衝擊開發的環境，打造臺中火車站新生水岸門戶意象。綠川水岸以自然及藝文展現為主題，導入公共藝術並運用水元素，創造多元創意藝術舞動空間，並融合多元東協風情。結合宮原眼科及中山綠橋、櫻橋遺跡等歷史建築，營造具人文氣息的景觀河岸，形塑人文水岸空間氛圍。承昔往日沿岸綠蔭的記憶，以台灣原生樹種及護岸垂懸植物，呈現獨特的水路空間，建築新的綠川林蔭步道。周邊還可順遊綠川水文化暨環境教育館，場館展示過去綠川相關歷史、紀錄片播放、綠川老照片及周邊模型，讓民眾對綠川會有更進一步認識。部分圖片由臺中市政府水利局提供，版權歸臺中市政府水利局所有。","戶外空間全天開放","400","臺中市","66000","中區","綠川西街135號","","04-22289111","24.139","120.68451","0.5-1小時","","","","","","","","","導盲磚、無障礙坡道、無障礙停車位","休閒娛樂、無障礙景點","",""
"191","48","387300000H","麗寶樂園渡假區","「麗寶樂園渡假區」 玩樂All in one 大人小孩都滿足全台最受矚目的新魅力景點-麗寶樂園渡假區，不但是全台最大的休閒渡假中心，更是一座精彩的超級娛樂城，3天2夜也玩不完! 渡假區占地200公頃，位於台中后里，渡假區交通位置得天獨厚，雙高速公路比臨，自行開車從國道1號後裡交流道下，3分鐘就能輕鬆抵達歡樂的夢想天堂。麗寶樂園渡假區是臺灣最具規模的渡假園區，園內有水陸雙樂園、五星級渡假飯店-福容大飯店、密室逃脫旗艦館、超級休息站-麗寶道之驛、麗寶OUTLET MALL、國際級賽車場，以及臺灣最大的120米超級摩天輪，不論是玩樂園、嘗美食、住飯店、逛OUTLET、開卡丁車、搭摩天輪，都能一站滿足所有人的需求。轉動臺灣新地標「天空之夢SKY DREAM」摩天輪 2017年5月中旬正式起飛的「天空之夢SKY DREAM」摩天輪，將刷新臺灣的天際線! 不但是全球前10大、臺灣最大的摩天輪，更是臺灣的新地標，與外觀五彩繽紛的麗寶OUTLET MALL共構，摩天輪高度120公尺，海拔總高度384公尺，比101觀景台88樓還高2出公尺，當摩天輪升到海拔總高度384米高空時，還可看到臺灣海峽以及雪山山脈。摩天輪共有60個車廂，每車最多可搭乘8人，轉一圈約25分鐘，車內還貼心備有USB充電插座，完善的WIFI建構讓您高空打卡不卡卡。白天觀山望遠，可遠眺臺灣海峽、一覽群山環繞之美，到了夜晚，摩天輪燈光秀絢爛奪目，與城市的夜景交相輝映，浪漫迷人。 亞洲購物新指標 ｢麗寶Outlet Mall｣          麗寶Outlet Mall營造《歡樂、休閒、輕快、小時尚風格》帶領消費者開心玩快樂買。中部最大的麗寶Outlet Mall，外觀以義大利渡假小鎮 Portofino(中譯：芬諾港)的建築風格，搭配全臺灣最大摩天輪「天空之夢」，展現麗寶Outlet Mall的浪漫休閒異國風情，彙集120個國際品牌，全年2折起，免門票即可逛OUTLET，有全台獨家的寵物狗樂園、兒童專屬用餐區、還有「北海道拉麵四大天王」、「札幌藥妝」、「北海道天使布丁」、日本「Best電器」等特色美食、物販，免出國就能同步感受日本零時差的歡樂購物體驗。亞洲最佳卡丁賽道 ｢麗寶國際賽車場｣ 麗寶國際賽車場，日前經國際汽車聯盟（FIA）給予「亞洲最佳卡丁賽道」的高度評價，麗寶國際賽車場卡丁賽道已試營運，總長超過1.5公里，是全台最長，也是唯一獲得CIK國際認證的全台最高規格，而義大利原裝進口的卡丁車更是全台馬力最大，為了讓遊客有更難忘的體驗，麗寶國際賽車場更獨步全台，推出GoPro錄影加值服務，透過絕佳的架設位置與影像品質，讓遊客將自己馳騁在一流賽道的實況畫面永久保留下來，欲體驗者請於營業時間來電洽詢 04-2558-8856。歡笑冒險天堂  白天晚上都好玩「麗寶樂園」全台最大水上樂園馬拉灣，，園內有多達11項的戲水設施，有剌激必玩的「大海嘯」、「極速勇士」超長滑水道、「阿酋彎」親子互動親水城等多樣好玩設施，還有全東南亞最大的人工造浪池『大海嘯』，在咚咚嘿的興奮喊叫中，迎接2.4米高的超級猛浪「大海嘯」，享受夏日逐浪戲水的清涼快感；陸上的探索樂園，有全球唯一的斷軌式雲霄飛車「搶救地心」，白天可以暢玩32項遊樂設施，欣賞精彩的表演秀，週末假日則是開放星光樂園，有600萬顆LED燈，將全園區妝點出夢幻又浪漫的氣氛，閃亮的繽紛彩燈，讓所有遊樂設施都多了童話世界的感覺，美麗的燈光造景也獲得網友票選樂園夜景第一名，假日入園還能欣賞星空煙火秀。全台首選親子住宿飯店 ｢福容大飯店麗寶樂園店｣ 麗寶樂園渡假區玩累了，逛累了，步行三分鐘即可以抵達五星級的福容大飯店，體驗榮獲2017-2018世界品牌獎（World Branding Awards），享受全台最頂級的卓越服務。外觀以繽紛搶眼的色彩迎接旅客，打造出無限驚喜與現代結合的獨特風格，同時，以親子同樂的角度規劃整體的服務與設備，明亮開闊的客房空間、多重選擇的特色餐廳、豐富有趣的休閒環境，滿足闔家出遊及各種客層的住宿需求，讓所有入住的旅客都能盡情享受快樂假期，14坪舒適寬敞大空間，讓身心徹底放鬆，元氣滿滿。以上圖文由麗寶樂園提供。","09:30~17:00 (樂園/飯店/outlet/賽車場/摩天輪 營業時間請上官網查詢)","421","臺中市","66000","后里區","福容路8號","","04-25582459","24.32305845","120.6955218","3-5小時","","","南下★ 國道1號 中山高速公路於160后里、外埔出口下交流道，經月眉收費站後，沿著指標前進約 5分鐘即可到達園區。★ 國道3號 高速公路於164大甲、外埔出口下交流道，往外埔、后里方向延著指標前進約20分鐘即可到達園區。北上★ 國道1號 中山高速公路經后里收費站後靠右，於160后里、外埔出口下交流道，往外埔方向沿著指標前進約 5分鐘即可到達園區。★ 國道3號 高速公路於164大甲、外埔出口下交流道，往外埔、后里方向延著指標前進約20分鐘即可到達園區。　麗寶樂園提供遊客免費接駁專車(月眉糖廠)乘車地點：月眉糖廠 (豐原客運站牌)預約方式：到達月眉糖廠(7-11)，請撥打客服專線 (04)2558-2459 告知人數(樂園接駁車約 10~15 Mins內到達糖廠接駁處)","高鐵：搭到高鐵台中站 --> 155路公車 直達麗寶樂園客運：統聯台北到豐原/東勢班車 直達麗寶樂園客運：搭車到統聯中港轉運站 --> 155路公車 直達麗寶樂園火車：搭到豐原火車站 --> 豐原客運 215路公車 直達麗寶樂園火車：搭到后里火車站 --> 155路公車 直達麗寶樂園公車：豐原客運站 --> 豐原客運 215路公車 直達麗寶樂園公車：豐原客運站 --> 豐客 92 / 212 / 213路公車到月眉糖廠 --> 麗寶樂園免費接駁車 直達麗寶樂園","","https://www.lihpaoresort.com/LihpaolandApp","https://www.facebook.com/LihPaoLand?locale=zh_TW","","販賣部、公共電話、停車場、公廁、網路、導盲磚、無障礙廁所、無障礙坡道、無障礙電梯、無障礙停車位","休閒娛樂、無障礙景點、主題遊樂園","","遊憩類、森林遊樂區類"
"192","2000","387300000H","大坑溫泉","大坑溫泉位於大坑風景區內。海拔高度約在 300 公尺以下，山陵低矮且多起伏，由於地殼變動與板塊擠壓的地理作用，讓地底約2000 公尺深處生成天然的碳酸氫鈉泉。該溫泉酸鹼值約在7-8之間，溫度介於攝氏 30 度至 60 度之間，目前地區內的開發業者均是以鑽鑿方式取得溫泉水。大坑溫泉與大坑風景區的自然資源緊密結合，四季皆有不同的特色。此地夏天盛產竹筍，秋天盛產柑橘，秋冬季節則非常適合賞楓與泡湯。因為同時擁有豐富的自然生態、溫泉資源以及便捷的交通條件。遊客可以在享受溫泉的同時，體驗大坑地區豐富的物產與季節性自然美景。","24小時營業","406","臺中市","66000","北屯區","大坑風景區","","","24.180193","120.733698","","","","","","","","","","","休閒娛樂、樂齡專區","","溫泉類"
"193","2001","387300000H","烏日溫泉","位於臺中市烏日區大肚山脈的天然溫泉，其泉質為 pH 值 8.1 的碳酸氫鈉泉，屬於弱鹼性溫泉，水質純淨且無色無味。此溫泉區位於大肚山的至高點，地理位置優越，遊客在泡湯時可以俯瞰臺中市區與海線地區的夜景，視野非常遼闊。烏日溫泉的交通便利，距離臺中市區開車約 20 分鐘，距離烏日高鐵站僅需 15 分鐘車程。因其鄰近市區的特性，周邊可串連望高寮夜景公園、彩虹村及知高圳步道等知名地標，適合安排一日或二日的溫泉度假行程。這裡不僅是中臺灣近郊體驗天然泉質的好去處，更是欣賞城市全景與放鬆身心的理想景點。","24小時營業","414","臺中市","66000","烏日區","烏日溫泉區","","","24.108093","120.620463","","","","","","","","","","","休閒娛樂、樂齡專區","","溫泉類"
"194","2002","387300000H","東勢溫泉","東勢溫泉位於東勢林場遊樂區內，是園區內成功鑽探開發的天然碳酸氫鈉泉。該泉質在浸泡時，皮膚表面會呈現微小氣泡，對人體具有輕微的按摩作用，且泡湯後皮膚感觸滑潤，因此在民間俗稱為「美人湯」。除了溫泉資源，園區內具備豐富的自然景觀，隨季節變換展現出不同的景色。春季可以賞櫻，夏季有油桐花，秋季可觀賞楓紅，冬季則有梅花盛開。此外，林場內也是觀賞蝴蝶與螢火蟲的理想地點。園區結合了森林景觀、四季花卉與溫泉設施，是台灣中部地區兼具賞景與泡湯功能的森林花園，適合規劃深度旅遊行程。","24小時營業","423","臺中市","66000","東勢區","東勢林場遊樂區","","","24.2853008","120.8677113","","","","","","","","","","","休閒娛樂、樂齡專區","",""
"195","834","387300000H","摘星山莊","臺中市市定古蹟摘星山莊刻正進行修復工程，休園中。摘星山莊，位在臺中潭子區、潭雅神自行車道旁，又稱潭子林宅，占地約兩千餘坪，由清召勇將軍林其中建於同治10年(西元1871年)，至光緒5年(西元1879年)，耗時九年才完工，迄今已超過百年歷史，是一座兩進多護龍的四合院傳統建築，特別在浮雕、交趾陶、裝飾彩繪以及結構上，都有相當精緻的表現，享有「臺灣十大民宅之首」美譽，遂被指定為市定古蹟。","","427","臺中市","66000","潭子區","潭富路二段88號","","","24.22356","120.69764","1-2小時","","因園區內多屬自然生態環境，盡量避免進入後方竹林範圍，以免遭蟲蛇攻擊。","國道1號下豐原交流道→中山路(台10)→大富路→中興路→三角路→承德路→崇德路五段→潭富路二段","","大門前方設有免費停車場供遊客停車。","","https://www.facebook.com/starsvilla1871","","停車場、公廁、解說簡報、無障礙廁所、無障礙停車位","休閒娛樂、歷史古蹟、教育資源、無障礙景點、特色文化","","文化類、古蹟類、藝術類"
"196","1501","387300000H","中央書局","三層樓高的半圓弧形建築，米白色的外觀掛著中央書局的金色字樣，難以想像這是座老書店。中央書局在設計上貼心地保留採光最好的區域設置為座位區，更結合了咖啡廳及工藝選品，也有親子館及童書區，很適合悠閒的下午在此來杯咖啡配上一本書。","","400","臺中市","66000","中區","台灣大道一段235號","","04-22259024","24.1408452","120.6811557","","","","","","","https://www.facebook.com/centralbook.1927/","","","","休閒娛樂、藝術空間","","文化類"
"197","1646","387300000H","台灣現代音樂鈴博物館","【帶您走進神奇的音樂鈴世界】台灣現代音樂鈴博物館是由霧峰在地已43年的協櫻精密所創立，是唯一生產外銷日本Sankyo音樂鈴的工廠。藏身在富有人文與音樂素養的台中霧峰；北海道小樽音樂盒博物館所傳出的陣陣悅耳美妙旋律，就是來自台灣協櫻公司所製造的音樂鈴，完全就是台灣之光啊！現以博物館的型態開放讓社會大眾參觀與體驗手作音樂盒，歡迎大家一同走進音樂鈴的花花世界。 	音樂鈴博物館:	展出140多年前的歐洲古董音樂盒多台、五花八門各種不同材質不同樣式的音樂盒、可更換曲目的碟片式和圓筒式的各類音樂盒、從30音~100音的各種精美音樂盒、從1台1首曲目到1台無限曲目的智慧音樂盒。	設有解說室，解說標準音樂鈴的構造和原理。並陳列各種不同機種的音樂鈴機芯，和標準音樂鈴機芯的每一個零件，並說明每一個零件的使用材料和製造方法。	振動板調律工程室，現場調律並開放參觀，讓您了解音樂鈴音梳每一片音程高低不同的原理和調律的困難度。	專人導覽，並帶您觀賞聆聽1台價格二百萬元大型音樂盒的絕美音色，敞開您安閒愉快的心扉。	音樂鈴機芯組立體驗教室：走入DIY教室，親身體驗師傅如何將各個零件，組裝成旋律動人的音樂盒，拿出滿滿的細心、耐心、專心，一起來趟博物館體驗音樂盒的職人技藝吧！	蒸氣小火車：軌道式4節16個座位蒸汽小火車，中途並設有夢幻隧道，增加搭乘的夢幻樂趣。	寶樂園休閒運動設施：各式遊憩設施(草皮滑梯、彩色攀岩石、樹屋、彈跳床、搖搖蟲…等)免費供親子休閒同樂。 音樂盒就是有一種奇妙的魔力和魅力，可以收服大人和小孩的心，帶來夢幻、美好的想像。音樂盒所發出的悅耳歌曲，是帶給大家滿滿的回憶與心靈休憩空間，曾經也是創造臺灣外匯奇蹟的音符，更是記錄臺灣40多年來音樂鈴歷史的珍貴聲音。 歡迎大家來趟音樂饗宴之旅，揭開音樂盒的神秘面紗。圖文由臺中市產業故事館發展協會協助提供。","週三~周五(10:00~17:00)，周六、周日及國定假日(09:00~17:30)休館日: 每周一、二(接受團體預約)寒暑假及春節請依網路及現場公告為準。","413","臺中市","66000","霧峰區","南勢里豐正路405號","","04-23393978","24.0328827","120.674538","","博物館票價：-全票 $350-半票 $300（學生、65歲以上、身障者及其必要陪伴者一名）＊以上票價均含參觀導覽+奧菲斯影音劇場+DIY音樂盒手作課程一份-參觀票 $200含參觀導覽+奧菲斯影音劇場-優待 免費（120公分以下的兒童）蒸汽小火車：-全票 $100(一般成人)-半票 $80(嬰幼、兒童、學生均含)","","","","","","https://www.facebook.com/sankyomusical/","ChIJN7PW90M7aTQR_KKWb3hL4iY","","休閒娛樂、藝術空間、地方展館","","藝術類、觀光工廠類"
"198","1146","387300000H","DaliArt 藝術廣場","「Dali Art藝術廣場」定期於每年農曆年期間舉辦「台灣文創藝術博覽會」，引進國內外知名藝術大師展覽、音樂會現場演出、國際拍賣會、藝術文創論壇、國際藝術村等活動及各項大型表演、座談會、藝術影展、手作坊、表演競賽等系列活動。廣場內亦規畫品牌餐飲、伴手禮等，文創商品、精品工藝更是豐富。吸引藝術專業工作者、藝術文化愛好者以及國內外觀光客，藉以提昇台灣藝術文創產業之競爭力，更讓臺灣藝術之軟實力被世界所看見！並提供藝術文化愛好者、國內外觀光客及民眾假日逛遊好去處。園區內部空間包含中央廣場(10000人)、琉璃國際演藝廳(374席)、大型展覽館(450坪及600坪)、商務中心，以及地下室800個停車場。中央廣場及琉璃國際演藝廳採用杜比全景深音響，希望提供每個座位、角落都能感受同樣的聽覺饗宴。","","412","臺中市","66000","大里區","科技路1號","","","24.0851753","120.6962293","2-2.5小時","","","國道3號高速公路 → 霧峰交流道往大里方向","","","https://www.daliartplaza.com.tw/","","ChIJw6LNNrs8aTQR4KNbsrw-cCo","停車場、公廁、無障礙廁所、無障礙坡道、無障礙電梯、無障礙停車位","休閒娛樂、藝術空間、無障礙景點","","藝術類"
"199","798","387300000H","文化部文化資產園區","文化部文化資產園區，佔地5.6公頃，前身為創立於1916年日治時期的民營「大正製酒株式會社」，在1922年日本政府實施酒類專賣制度後被收歸官有，1928年成為當時全台最大的釀酒工場。 1945年台灣光復之後，酒廠兩度更名為「台中酒工場」、「第五酒廠」。1947年政府改菸酒專賣為公賣，由台灣菸酒公賣局接管，1957年再度更名為「台灣省菸酒公賣局台中酒廠」。 隨著時代變遷，及因應台中市都市計劃規劃發展之需，台中酒廠於1998年搬遷到台中工業區新廠，留下大片工業遺址與歷史建築。2002年7月台中市政府將全區主要建物登錄為歷史建築，舊酒廠得以完整保留。現發展成為文化部五大文化創意產業園區之一。舊台中酒廠從此由製酒工業遺址活化新生，蛻變成文化創意產業的推展基地。台中酒廠搬遷至台中工業區新廠之後，舊酒廠留下大片工業遺產與歷史建築，足以見證日治時期迄今的台灣製酒產業發展歷史，於是2002年7月獲台中市政府登錄為歷史建築，而國有財產局將5.6公頃的土地及建物所有權撥交行政院文化建設委員會，使得台中酒廠舊址得以完整保留，並獲行政院文化建設委員會規畫為創意產業發展計畫中的五大創意文化園區之一－「台中文化創意產業園區」，作為台灣文化創意產業推展基地，定位發展成台灣建築、設計與藝術展演中心。另外，掌管全台各地文化資產相關業務的中央主管機關「文化部文化資產局」亦設立於此。其政策推展目標為：有效結合地方政府、大專院校、民間及社區組織，形塑完整的文化資產保護網絡，建構符合文化資產發展之生態環境，並推動文化資產保存國際合作。現今各館廠已有全新的身分，過去渭水樓曾是包裝材料倉庫，今為園區的 圖書館所在地；雅堂館原為米酒成品倉庫 及半製品儲酒庫，如今則作為多功能用途的大型展覽場，為臺灣的文創大業盡力；於中央廣場角落的國際展演館前身為包裝作業使用，目前已展出各類型展覽，顯示邁向國際的 企圖心，共有21一棟建築座落在園區內，待您來欣賞參觀，下方為園區平面圖。 旅遊須知1. 欲使用本園區場地舉辦活動，應依規定事先提出申請，經同意後方可辦理。2. 為維護參觀品質，入館後請勿喧譁、追逐或嬉戲。3. 為保持展場整潔及舒適，請勿抽菸、嚼食檳榔及口香糖，亦請勿攜帶寵物、食品及飲料進入展館。4. 本園區未開放商業用途之攝、錄影。個人用途之攝影請遵守展場規定。5. 為確保您的安全，請勿擅闖非開放空間或攜帶危險物品入館。6. 機動車輛禁止入園及違規停放；活動工程車依本園區規定停放。 ","園區開放：週一至週日06:00-22:00展館開放(依各展館公告為主)：週一至週日9:00-17:00","402","臺中市","66000","南區","復興路三段362號","","04-22177777#6999","24.1334778","120.6816938","1-3小時","","","國道1號台中交流道(里程178)>往台中>中港路，往市區方向(右轉)>五權路(台1乙線)>過地下道 (左轉)>復興路三段到達>台中文化創意產業園區位於右側。國道3號大里交流道(里程209.0)>連接台63線(中投快速公路)直行>五權南路(右轉)>復興路三段到達>台中文化創意產業園區位於右側。","台中客運：33、60、82、101、102—文化創意園區站下車; 12、35、100、107、108、131、132、6100、6107、6131、6132—第三市場站下車，步行約5分鐘抵達台中文化創意產業園區。 *仁友客運：105—文化創意園區站下車。 *統聯客運：125、281—文化創意園區站下車; 18、20、73—第三市場站下車，步行約5分鐘抵達台中文化創意產業園區。*豐榮客運：89—文化創意園區站下車。*巨業交通：166—臺中酒廠站下車。*東南客運：7—第三市場站下車，步行約5分鐘抵達台中文化創意產業園區。*全航客運：58、65、158—第三市場站下車，步行約5分鐘抵達台中文化創意產業園區。*豐原客運：285—第三市場站下車，步行約5分鐘抵達台中文化創意產業園區。*於朝馬或中港轉運站下，可搭乘市區公車—88、83、86、87至台中火車站(前站)，再步行約12分鐘抵達台中文化創意產業園區。","","https://www.boch.gov.tw/","https://www.facebook.com/moc.boch/","ChIJ-cyrQhA9aTQRCQn8aVN27nE","遊客中心、展示館、公共電話、停車場、公廁、公車站、網路、無障礙廁所、無障礙坡道、無障礙電梯、無障礙停車位、無障礙導覽圖","休閒娛樂、藝術空間、無障礙景點、特色文化","","文化類、藝術類"
"200","1502","387300000H","臺灣府儒考棚","臺灣府儒考棚原為全臺考生參加鄉試之用，日治初期曾作為臨時警察官署，大正七年(1918)年因臺中州廳廳舍的擴建工程而拆遷，移現址作為警察俱樂部而得以保留，其遷建歷史見證清領時期官署群落至日治州廳區之都市變遷，極具保存及建築研究價值。走過百年歲月，是目前國內僅存的清代考棚建物，於95年公告指定為市定古蹟，遺構歷經搬遷，僅剩局部建築結構，市府為妥善保存文化資產，以新舊工法搭配使用保護清代既有屋架結構，讓參觀民眾了解傳統建築文化之美，並委託民間公司共感地景創作有限公司營運，邀請民眾走進展覽與咖啡的跨界藝文空間。","週一至週日10:30-18:00每週三休館","403","臺中市","66000","西區","府後街38-8號","","04-22916593","24.13705","120.67681","","","","","","","https://glab.com.tw/?fbclid=IwY2xjawKJfKpleHRuA2FlbQIxMABicmlkETFBOWxpaVRUUGl0c25YYjBIAR65QwJWsaEC5Xz7YECr4zXy19guWkj68IjQCToouWF4Ld7-63JdksT8TfB_yw_aem_lUb3hvSHd8bCkC2NAM3cxA","https://www.facebook.com/graphicmatter","","","休閒娛樂、藝術空間、歷史古蹟","","文化類、古蹟類"
"201","1837","387300000H","臺中驛鐵道文化園區","臺中市因鐵道而生，因鐵道再生！臺中驛鐵道文化園區以臺中車站為核心，新站商場「鐵鹿大街」提供餐飲、伴手禮、租車、主題快閃店等服務；另於舊站月台、臺中驛推動保溫計畫，舉辦展覽、小小站長、主題市集等活動，並將退役火車DR2700、EMU100變身為小賣所及特色咖啡館。回味車站往日時光的同時，又能體驗新生氣息的鐵道日常，賦予鐵道文化新意涵，建立「文化 ‧ 生活 ‧ 創新」的嶄新消費模式！邀您驛起見證臺中人的大事，與臺中車站一起邁向下個百年風華。在紅磚白飾帶辰野式建築風格的臺中驛(舊售票大廳)內，除了有復刻站內1940年售票亭之外，還進駐了老派約會必約的昭和風「奶泡貓咖啡」、體驗名片式車票活版印刷手感的「樂田活版工房」。在真實的歷史軌道上，園區為退役火車們注入新生活力，華麗變身賦予全新使命！在台中舊軌月台上等待搭乘，並繼續服務著往來車站的旅客們，延續著列車的光榮使命。昔日的白鐵仔DR2700化身文青潮流選物店「光華小賣所」，保留特色月洞門，販售各式以鐵道為主題的創意商品。由EMU100型自強號車廂改造The Real火車咖啡廳「Mamonaku Cafe」引用日文「まもなく」的拼音，意指列車即將進站，在攘來熙往的市中心火車站，用一杯咖啡與一份手做甜點，換得一段與舊臺中火車站的新回憶。緊鄰Mamonaku Café的是位於自強號車廂EP111的創意鐵道模型社，由資深鐵道玩家店長打造的鐵道迷天堂，不但收藏、販售各式鐵道周邊，未來更有運轉所，並增設小火車體驗在百年鐵軌上搭車的趣味。以上圖文由臺中驛鐵道文化園區提供。","","400","臺中市","66000","中區","台灣大道一段1段1號","臺中驛鐵道文化園區","","24.1367808","120.6850085","","","","","","","https://www.tcrp.com.tw/","https://www.facebook.com/cri.taichung","ChIJj7ruRUo9aTQRpA92C2cCgW0","遊客中心、販賣部、停車場、公車站","休閒娛樂、藝術空間、歷史古蹟、特色文化","","文化類、古蹟類、遊憩類"
"202","1647","387300000H","丸文食品觀光工廠","發跡於台中市第一市場的丸文食品，是走過近70年、歷經三代傳承的台中在地老品牌，現已是台中當地伴手禮代表。累積半世紀以上的技藝傳承，丸文嚴選大白旗魚，只挑選生魚片等級部位，搭配獨家自榨豬油拌炒，原料天然簡單，獨特工法製作，創造出遠近馳名的金黃色顆粒旗魚鬆。 經典透過重新復刻，老字號風華再現。丸文除了原有忠實老顧客外，亦提升了品牌認知度與好感度，拓廣消費市場。期許透過政府輔導下，能吸引年輕與都會消費者族群認同，將在地品牌拓廣到國際，讓更多人認識優質顆粒魚鬆，認識丸文。 近年更成立觀光工廠，於2021年1/1號正式開幕，為原本的大里工廠擴建而成。其中提供的魚丸DIY手作最受到年輕家長們的青睞。在短短20分鐘的導覽中，透過導覽員的解說可以了解旗魚鬆、魚丸的生產過程。緊接在後的就是魚丸DIY，由專業師傅親自帶領小朋友們做出屬於自己的第一顆魚丸。在過程中師傅會示範正式擠魚丸的手勢，透過這樣的手勢所擠出來的魚丸會保有一定的彈性，就可以品嚐到『QQ彈彈』的魚丸。當然，學員們也可以發揮創意，做出各式各樣不同形狀的魚丸，並且互相分享自己的創意魚丸，留下美好快樂的回憶。圖文由臺中市產業故事館發展協會協助提供。","週三-週日10:00-16:00","412","臺中市","66000","大里區","工業十一路156號","","04-24953600","24.1008362","120.715191","","參觀門票150元","","","","","https://www.wan-wen.com.tw/edcontent.php?lang=tw&tb=5&id=1765&gad_source=1&gad_campaignid=21047418139&gbraid=0AAAAACxo_03qMqFIOX_jy8d563lcNLobT&gclid=Cj0KCQjwrPHABhCIARIsAFW2XBPealKNwh62yWuf2gfCPFy_W3La3Ch-62gaveYFj3BkFKhLscrtJ7kaAjMvEALw_wcB","https://www.facebook.com/Touristfactory/","ChIJobnOZjIjaTQRTft3N9HFVG0","","休閒娛樂、觀光工廠、教育資源","","觀光工廠類"
"203","497","387300000H","南屯麻芛文化館ˍ犁頭店","犁頭店居民早期是以務農為主，種植黃麻為取其長纖維製作麻繩用。最早臺灣黃麻源自康熙年間由中國大陸移植至嘉義縣溪口鄉一帶，日據時期更因需大量麻袋包裝米、糖以利運送出口，在中部地區更鼓勵種植。黃麻並不是犁頭店獨有的作物，但黃麻的嫩葉─麻芛卻是犁頭店的特色食材。 取完黃麻長纖維，嫩葉被丟棄很可惜，惜福的農民想要做為食物，但苦味很重，後來發現如果去除葉脈，葉片經搓柔去苦水後，煮成湯並加入地瓜或小魚乾，就成為夏天一道清涼降火氣的佳餚，拌入白飯更有飽足感，成為最受農民歡迎的田間點心之一。但因為處理過程繁複，後來霧峰農業試驗所改良出甜麻品種，不必經過搓揉的步驟，煮食更便利。在豐原以南，雲林以北地區，麻芛湯是許多人共同的飲食記憶。打蔴繩與吃麻芛，是犁頭店地區早期普遍的生活型態。當地文史工作者將麻芛產業與麻芛文化結合，由財團法人萬和宮文教基金會接受文建會指導，於民國93 年成立「麻芛文化館」，館內展示犁頭店的歷史軌跡、麻芛的文化發展、創意藝廊等有系統的介紹。文化館位於萬和宮文化大樓的五樓，參觀後將對麻芛會有更深刻的體驗。在地文化工作團隊更積極推動許多與麻芛相關的活動，例如透過學校鄉土教學，指導學生認識麻芛的生長過程，體驗結麻繩（打索仔）的樂趣。農會家政班指導班員學習製作麻芛饅頭，老街的糕餅店更開發了麻芛新產品。因為麻芛的需求量增加，也鼓勵農民種植麻芛的意願，造就農產業的發展，增加農民收入。 想來一碗麻芛湯嗎？每年5~9 月麻芛盛產時，在南屯市場、三民路第二市場、向上路向上市場等都有販售，到臺中有機會一定要來品嘗。簡單一碗色澤碧綠有如翡翠的濃稠麻芛湯，延續的是先民的生活文化與飲食習慣內涵。(文字說明截選自 中華文化協會-走讀臺灣)學校單位欲參觀者，請向辦公室詢問，設有導覽志工解說洽詢電話：04-23893285 林小姐","周六周日及農曆初一、十五AM 8：30～12：00PM 1：30～ 5：00","408","臺中市","66000","南屯區","萬和路一段56號（萬和文化大樓五樓）","","04-23843199","24.13757","120.63941","0.5-1小時","","","下中山高速公路南屯交流道，由五權西路往市區方向走，約1公里抵黎明路右轉， 即可到南屯路，於南屯路左轉,，經南屯市場，即到三角街仔。","搭乘10號、11號、30號或40號仁友公車，在南屯站下車，往西走，約100公尺即到三角街口。","","http://www.wanhegong.org.tw/html/cultural/index.aspx","","","展示館","地方展館","","其他"
"204","523","387300000H","石岡土牛客家文化館","土牛客家文化館的成立要旨，首在推動客家生活文化的傳承。園區同時也是劉家子孫日常生活的範疇，以及進行祭典儀式和生命禮俗的場所。除了靜態的展示品之外，訪客也能實際參與真實的客家生活儀典，感受鮮活生動的客家文化。","9:00-17:00，周一及國定假日休館","422","臺中市","66000","石岡區","土牛村豐勢路德成巷10號","","04-25825312","24.26555","120.80969","1-2小時","","","開車：國道四號，下豐原端交流道，左轉接豐勢路二段往石岡方向直走，接明德路直走通豐勢路直走，過土牛國小到達明德巷左轉即可看見本館。","大眾運輸：搭坐豐原客運往東勢谷關方向，到文化館站下車。","","","https://www.facebook.com/TNHAKKA/?locale=zh_TW","","展示館","地方展館","","文化類"
"205","535","387300000H","霧峰菇類產學館","霧峰區農會於1998年時打造佔地400坪的霧峰菇類博物館，是臺灣唯一、世界少數專門介紹菇類的知識博物館之一，對全世界的菇類（尤其是台灣菇種）作了詳細的介紹，是一處珍貴的知識寶地。自1953年台灣首顆洋菇於農試所(台灣省農業試驗所)成功栽培出時，50年代初，霧峰區便在全台菇業經濟中獨占鰲頭，加上政府相關機關相助，使得霧峰成為名副其實的「菇類王國」。2022年在霧峰區農會黃景建總幹事努力規劃與爭取下，得到行政院農業委員會及台中市政府大力支持，並結合農試所、中興大學、亞洲大學、朝陽大學、科博館、台灣菇菌專家學者及台灣菇菌產業業者等眾人協助下，將該館重新改造並賦予其發展霧峰菇菌產業鏈之功能，重新命名為【霧峰菇類產學館】。農會內還有位於四樓設置一處【台灣農漁業物產館】，提供由台灣在地優質菇蕈製成生技產品、文創品及各項生活應用商品讓民眾更能了解產業發展趨勢，該館更有結合台灣農漁會推出在地優質農(特)產品精品組合，讓民眾有豐富菇類知識之旅外還可一次購足台灣優質農(特)產品。以上圖文取自霧峰區農會。","週二至週日09:00-16:30，週一休館","413","臺中市","66000","霧峰區","中正村四德路10號（霧峰鄉農會6樓）","","04-23336765","24.0648638","120.6980625","0.5-1小時","全票 $100 （一般大眾適用）團體票 $80 （20人以上團體及旅遊業適用）孩童 $50（7～12歲適用）學生票 $50 (學生及學生團體適用）敬老票 $50 （65以上長者適用）愛心票 $50 （身心障礙人士含陪同者一名皆適用）霧峰居民、7歲以下孩童 $0 (需出示證件）","","1.經國道3號高速公路霧峰交流道下左轉林森路（外環道）直行1.5公里，接四德路右轉約100公尺處。2.台中—霧峰可搭乘之班車路線：台中市公車50、53、100、107號車至霧峰站下車，再回頭走約20公尺紅綠燈（四德路）左轉約30公尺處。","","","https://www.wffa.org.tw/attractions.php","https://www.facebook.com/WeFengMushroomMuseum/","ChIJ-4cz4Vo7aTQR63oO3O9IHMc","展示館、公車站","地方展館","","休閒農業類、其他"
"206","541","387300000H","臺中市美術家資料館","「臺中市美術家資料館」位於港區藝術中心展覽廳2樓北側，空間面積約340平方公尺，1999年起籌設，2001年正式開館，透過蒐集、紀錄臺灣前輩及當代藝術家的作品圖檔、影音及文獻等方式，期許美資館成為臺中海線地區紀錄大臺中美術發展史的文化基地。20多年來美資館持續蒐集、展示大臺中美術家的相關圖文資料，促使民眾認識大臺中美術發展脈絡，以及美術家們的師承關係、藝術生涯及其成就。2020年起，美資館主體空間轉型為兒童藝術教育空間，新設空間如下：	藝術黃金屋：本區藏書以藝術相關書籍為主，2020年起結合「行動美術家資料館」計畫（現改稱「藝術PaPaGO!」計畫）之藝術體驗課程，希望培養入館學童「美」的鑑賞能力。	藝術體驗教室：本區設置「團體繪畫創作區」、「遊戲裝置區」、「美感教學牆」、「藝術拼圖演出區」等空間，提供到館學校師生或親子家庭使用。	繪本故事屋：本區透過募捐新書、自購二手書等方式，蒐集各類兒童繪本約200多本，提供到館親子家庭閱讀或結合藝術體驗課程使用。2022年起，新增「駐館藝術家作品展示區」，透過邀請本館列冊藝術家進駐提供精選作品展示及藝術體驗課程等方式，以吸引更多在地學校或親子家庭來館上課。開放時間：週二至週日，09:00-17:30(週一及民俗三節日、春節休館)館舍地址：臺中市清水區忠貞路21號","週二至週日09:00~17:30(週一及民俗三節日、春節休館)","436","臺中市","66000","清水區","忠貞路21號(港區藝術中心2樓)","","04-26274568","24.26957","120.55769","1-1.5小時","免費入場參觀","1.請勿攜帶各種食物飲品、傘具、動物、危險易燃物品等進入。2.請衣著整潔，勿穿拖鞋、赤腳進入。3.入館後請輕聲細語，請勿高聲談笑、追逐嬉戲、飲食、吸菸、躺臥、使用行動電話、嚼食檳榔等不當行為。4.可拍攝展陳空間及館內合影留念，但為維護畫作與觀賞品質，拍照時請關閉閃光燈，若因教學、研究或報導有逐幅拍攝作品之需要，請事先申請攝影證。","1.請由國道三號沙鹿交流道下，往沙鹿清水方向，直行中清路循省道臺10線往清水行駛至下高架道路，遇忠貞路左轉，即可到達。2.請由省道臺61線(西濱快速道路)清水出口下，遇中清路或五權路轉往清水方向，至忠貞路右轉即可到達。","1.公車-搭乘111、123、128、303、304、306、306區公車，於清水國中站或港區藝術中心站下車。2.火車-搭乘經由海線火車至清水站下車，轉乘計程車約6分鐘可抵達。3.高鐵-請至臺中站下車，搭乘計程車約40分鐘可抵達。或於臺鐵新烏日站搭乘經由海線之火車至清水站下車，轉搭計程車約6分鐘可抵達。4.飛機-於臺中航空站搭乘計程車約15分鐘可抵達。","車輛可免費停放於港區藝術中心停車場及園區周邊停車格。","https://arttcsac.taichung.gov.tw/home.aspx","","ChIJPcnoN80VaTQRnIsAcL4TkLQ","展示館、公共電話、公廁、公車站","地方展館","","文化類、藝術類"
"207","1409","387300000H","大振豐洋傘文創主題館","展場除了雨傘，還有文創商品區、精品包包和帽子，並針對團體或公司活動，提供專屬客製化DIY課程，讓您體驗製傘的樂趣，除了自己動手DIY組裝傘之外，還可以發揮創意，在圖案上添上個人風格的配色，完成一把屬於你獨一無二的傘喔！開放時間：週一至週日，09:00-18:00館舍地址：臺中市北屯區太原路三段1160號聯絡電話：04-22317689官方網站：https://www.tachenfong.com.tw/ 導覽解說：■有 □無 ■預約制預約電話：0966-447116(團體預約)其他服務：■ DIY體驗：組傘，畫傘■ 文創小舖：大振豐","週一至週日，09:00-18:00","406","臺中市","66000","北屯區","太原路三段1160號","","04-22317689","24.16186","120.72323","1-2小時","","","","","","https://www.tachenfong.com.tw/","","ChIJMVZ5ZOYXaTQRn94i_ySeky8","展示館、販賣部","地方展館","",""
"208","1411","387300000H","霧峰．民生．故事館","霧峰．民生．故事館不僅具在地歷史故事，同時也結合農村教育體驗、農夫市集、農業(學)講堂等活動，提供民眾接觸與體認農業的機會，讓民眾看見臺灣農業議題與多元發展，並以創新的角度，重新詮釋各式各樣農業元素，透過多樣性且富有實驗性的活動，讓民眾感受農業與生活的緊密連結。導覽解說：■有 □無 ■預約制預約電話：04-23391556其他服務：■ DIY體驗：農食手作教室■ 文創小舖■ 餐飲品牌：農學食堂以上文字由臺中市政府文化局協助提供。","週二至週日，09:00-17:00","413","臺中市","66000","霧峰區","中正路369號","","04-23391556","24.0394722","120.6926664","0.5-1小時","","","","","","","https://www.facebook.com/twwfstory/","ChIJs1NHuiM7aTQRX1jw7uCIJZg","展示館、販賣部、公車站","地方展館","",""
"209","1414","387300000H","林之助紀念館","林之助紀念館創建於1928年，前身為臺中師範學校附屬之教師宿舍，亦為膠彩畫之父林之助教授的故居，除保留當時建築構造原貌，也見證柳川沿岸都市的發展，同時記錄了林之助教授一生之教學與創作歷程。2015年修復落成後免費開放參觀，現由國立臺中教育大學自籌經費管理營運。 開放時間：週二至週六，11:00-17:00館舍地址：臺中市西區柳川西路二段158號聯絡電話：04-22183652官方網站：http://www.linchihchu.comFacebook：https://www.facebook.com/LinChihChuMemorial 導覽解說：■有□無■預約制預約電話：04-22183652其他服務：■文創小舖以上圖文資料由臺中市政府文化局協助提供。","週二至週六，11:00-17:00","403","臺中市","66000","西區","柳川西路二段158號","","04-22183652","24.14125","120.67348","0.5-1小時","","","","","","http://www.linchihchu.com","","ChIJF0Vb8gw9aTQRYkcIxT3Jo8Y","展示館、販賣部、停車場、公車站、無障礙廁所、無障礙坡道","地方展館","",""
"210","1416","387300000H","高美濕地遊客服務中心&夕陽漫漫露營場(露營場、二樓景觀餐廳暨一樓咖啡廳至115年1月31日暫停營業)","夕陽漫漫露營場、二樓景觀餐廳暨一樓咖啡廳至115年1月31日暫停營業玩賞攻略◼️生態體驗館-環形劇場、互動體驗區及生態教育中心◼️觀賞高美夕陽及風車、夜晚觀星為避免大量人、車潮破壞當地景觀及生態，台中市政府建設局耗時兩年多建置「高美濕地遊客服務中心」。佔地約八點四公頃，除了遊客服務中心本身外，也闢建公68、公69兩座共可容納二十七輛大客車、五百六十八輛小客車與兩百零五輛機車的停車場。遊客服務中心本體是兩層樓建物，採斜坡造型，外觀呈螺旋狀，宛若海浪從平地而起。二樓設有觀景平台，可在此觀賞高美夕陽及風車，也適合夜晚觀星；戶外廣場則有招潮蟹和貝殼造型的裝置藝術與戶外生態池，供遊客拍照與就近觀察濕地生態。除了提供旅遊資訊、導覽服務外，另規劃「生態體驗館」供遊客獲得更完整深刻的濕地與生態知識。此外，遊客服務中心還設有餐飲區、文創商品區，還不定期辦理音樂會、生態講座等各式活動，藉由多元化、複合式的模式，提供遊客在旅遊與休憩上更舒適便利。景點特色遊客中心內的生態體驗館分為環形劇場、互動體驗區及生態教育中心。甫踏入環形劇場，便可感受到360度投影所帶來的震撼。劇場裡播放的是高美濕地一年四季、一日晨昏等多種風情之美，每一幕都充分展現高美濕地獨有的魔幻地景。來到互動體驗區，入口處的「濕地知識牆」先帶遊客綜觀全球濕地與候鳥遷移路徑；接著帶遊客了解高美濕地的發展史與認識在此棲息的動植物；最特別的是透過科技讓遊客即使在陰天也能有高美夕照的「高美潮汐」；「濕地植物」、「螃蟹共舞」、「展翅高飛」則最受小孩歡迎，藉由體感裝置設計三款互動遊戲，藉此增加孩子對於濕地生態的印象；還可在「高美記憶圖」與朋友、家人共同留下專屬倩影！出口處的生態教育中心則會不定期規劃辦理各式生態講座與活動。生態體驗館要透過多元的方式傳達正確的濕地知識，期待能在遊客們心中種下「濕地永續利用，需要你我守護」的種子。為了響應得天獨厚的自然環境位於海岸邊20公尺的夕陽漫漫露營場，透過一泊二食的住宿體驗，同時結合高美濕地遊客服務中心周邊豐富資源，提供生態體驗課程深入了解藍碳生態系；使用當地直送新鮮食材，透過位於遊客服務中心二樓，擁有無敵海景的「潮嶼餐廳」及位於一樓的「微醺小夕陽」蔬食餐酒館，提供富有當地特色的創意餐點，打造出一個最適合親子旅遊和家庭客群的豪華露營場所。夕陽漫漫IG https://www.instagram.com/slowlysunsetglamp/","09:00-18:00","436","臺中市","66000","清水區","美堤街8號","建設局","04-26111566","24.3052935","120.5476094","0.5-1小時","","","","","","https://hocom.tw/h/index?key=69442570","","ChIJk8xBKTwTaTQRCoOBUoZe3Lo","販賣部、停車場、公廁、公車站、無障礙廁所、無障礙坡道、無障礙電梯、無障礙停車位","地方展館","",""
"211","1418","387300000H","臺中監獄矯正教育館","玩賞攻略◼️藝文展示區定期主題式藝術作品展覽◼️3D彩繪室仿真拍照與模擬舍房體驗◼️VR實境體驗一窺圍牆內的生活1F規劃有接待大廳、自營作業產品展售區、教化作業矯正成效展示區、矯正歷史沿革展示區、中部矯正機關家屬遠距接見中心、世界地圖、互動拍照機及行政辦公區等；2F則設有彈性多媒體教室兼集會堂、模擬舍房、多功能教室、會議室、VR體驗區及3D彩繪室(本館重要亮點)等。藝文展示區主要提供的展示品為各矯正機關之傳統工藝或文創作品，如漆器、交趾陶、竹編、藺草編等傳統工藝作品及各類文創作品，提供民眾認識矯正機關對於傳統工藝保存的貢獻與投入精進創新的努力。模擬舍房是收容人生活日常就寢的地方，基本的舍房外觀除了有舍房門之外，報告燈、收容人名牌、瞻視孔、送餐口及透氣窗皆為不可缺的設施。其中舍房門另有瞻視的設計與兩組門閂，使戒護人員開啟舍房門時，有更好的防護措施。3D彩繪室是特別商請專業3D彩繪設計師林志敏先生精心為本館所繪製，可以看到在彩繪室的外牆以及室內的牆上，有著栩栩如生的3D立體彩繪，代表的即是當前矯正機關的主要使命及功能：監禁、沉澱、蛻變、復歸。","週二至週五09:00-12:00、13:30-16:30 /週六日09:00-12:00、13:00-16:00 /國定假日及每週一休館","408","臺中市","66000","南屯區","培德路9號","","04-23891296","24.14216197","120.5998394","0.5-1小時","","","","","","","","ChIJHbzF4NA_aTQR7tx_DOceXxU","展示館、停車場、公廁、公車站、網路","地方展館","",""
"212","1419","387300000H","立法院民主議政園區議員會館(議蘆會館)","會館前後棟住宿區共有80間客房以及可容納240人之中餐廳、容納60人之咖啡廳各一間、規劃有10人及60人多功能會議室各一間，園區鄰近霧峰交流道交通便利，周遭著名景點有：霧峰區農會酒莊、民生故事館、菇類文化館、霧峰林家花園、亞洲大學現代美術館、光復新村、九二一地震教育園區、國立臺灣交響樂團音樂文化園區等，皆為20分鐘內之車程可到達之處，享有地利之便、人文氣息、環境清幽等諸多優點之勢，提供旅遊大眾『食、住、行、遊、購、娛』消費之所需。「田媽媽議蘆餐廳」全年無休提供午餐及晚餐、喜慶宴客、團體聚餐、菇蕈料理、外燴、農山產、海鮮料理等服務，食材取之大部分為本區特產，其中以菇蕈料理最受好評。菇類含豐富蛋白質、高纖維質、胺基酸、低熱量、低脂肪、低膽固醇，並兼具養生無農藥的特點優勢，是現代人追求健康『享瘦』的最佳選擇。提供舒適溫馨之環境及餐點（午、晚餐簡式套餐及咖啡、果汁、茶類飲品，自製手工甜點）可容納60人同時使用，並提供投影機、音響設備租用。房間設施：液晶數位影音電視、冰箱、獨立空調、乾溼分離淋浴間、吹風機、簡易盥洗用具。另有會議廳及免費停車場等設施可供使用。以上圖片由霧峰區公所協助提供。","","413","臺中市","66000","霧峰區","中正路734 號","","04-23310868","24.0539055","120.6998089","1hr","","","","","","https://www.facebook.com/wffahotel/","","ChIJgRJpzkc7aTQRrNU6Dn8Zitc","展示館、停車場、公廁、無障礙廁所","地方展館","","文化類"
"213","1424","387300000H","臺灣火柴故事館","「臺灣火柴故事館」是以火柴為主題之展覽場館，詳盡介紹火柴的發明史及臺灣火柴工業盛衰，並展示多元文物，包括打火器具、火柴菸具、日治時期火柴盒、臺灣廣告火柴盒、外國進口火柴盒，以及火柴工廠文件、員工制服等，另有本館特地向國立科學工藝博物館借調該館典藏之火柴梗排版機、火柴梗運送車等物件，多樣的館藏提供來訪民眾細細欣賞品味，喚起過往生活回憶，是值得大小朋友發掘火柴故事的探索空間，歡迎闔家蒞臨參觀。開放時間：週一至週五，每日上午8時30分至11時30分，下午13時30分至16時30分。例假日：凡團體參觀人數達20人以上者，開放團體預約申請，經核准後開放假日參觀，若需志工導覽者，得於預約申請時一併提出。館舍地址：臺中市南區工學路72號4樓聯絡電話：04-22626105以上圖文由南區區公所協助提供。","週一至週五，每日上午8時30分至11時30分，下午13時30分至16時30分。例假日：凡團體參觀人數達20人以上者，開放團體預約申請(請於7天前預約)，經核准後開放假日參觀，若需志工導覽者，得於預約申請時一併提出。","402","臺中市","66000","南區","工學路72號4樓","南區區公所","04-22626105","24.11718","120.66364","","","","","","","https://www.south.taichung.gov.tw/2412362/post","","","展示館、停車場、公廁、公車站、解說簡報","地方展館","","文化類、觀光工廠類"
"214","119","387300000H","霧峰農會酒莊","再釀，臺灣清酒傳奇霧峰農會酒莊，是台灣第一個充滿日式美學風情的迷人酒藏，傳承日本杜氏「心魂傾注」的造酒精神，嚴選台灣霧峰區特別栽種的益全香米，汲取台灣最清淨甘甜的埔里山泉名水。竭誠歡迎您來一趟醉人的「酒藏見學」，品賞霧峰農會酒莊最動人的釀酒文化與魅力。酒是以米為主要原料釀成的美酒，含有不可思議的米香！釀造清酒所使用的米，是取決清酒品質的一大關鍵。霧峰區農會於九十一年起，開始輔導農民栽種「台農七十一號」香米成功，更榮獲全國總冠軍米及十大經典好米等殊榮..當時總統為感念農試所郭益全博士的貢獻，特將這夢幻的米命名為「益全香米」。霧峰區農會為提高益全香米的附加價值，營造霧峰成為香米的故鄉，開創香米文化創意產業，特地遠赴日本進行香米釀造清酒試驗，成功以香米釀造出台灣最夢幻、最高級的清酒；霧峰美麗鄉土孕育的自然恩賜。霧峰農會酒莊始終堅持用好米釀好酒的心意，特別呈獻給您。 圖文由臺中市產業故事館發展協會協助提供。","平日9:00至17:00，假日9:30至17:30全年只休農曆春節除夕和初一","413","臺中市","66000","霧峰區","中正路345號","","04-23399191","24.03857","120.69295","1-2.5小時","","","1.行駛國道1號，南下或北上可在彰化系統交流道轉接國道3號，於霧峰交流道下，接省道3號(中正路)往草屯方向1.5公里處右邊即是霧峰農會酒莊。2.中投公路(省道63號)，接國道3號於霧峰交流道下，接省道3號(中正路)往草屯方向1.5公里處右邊即是霧峰農會酒莊。","1.公車請搭台中客運59、107、108、282號，直逹山腳巷站牌下車即霧峰農會酒莊門口。2.員林客運請搭6871、6899、6322號直逹山腳巷站牌下車即霧峰農會酒莊門口。3.如從台中高鐡站來請搭台中客運151號到省議會下車轉搭59、107號直逹山腳巷站牌下車即霧峰農會酒莊門口，請注意轉乘資訊。","","http://www.twwfsake.com","","","販賣部、停車場、公車站、解說簡報、網路","地方展館、特色文化","","休閒農業類"
"215","520","387300000H","臺中市立圖書館石岡分館","民國82年完工的石岡分館，樓高四層，館舍面積逾1671平方公尺，戶外閱讀園區景色優美，早已成為石岡區知名景點。在推廣休閒文化風氣的目標下，圖書館採閱讀與娛樂並重，如今已成為兼具社教、藝術、民俗、休閒等特色的地方文化中心。 圖書館經營理念向來以民眾需求為先，不斷求新、求變的方式，爭取民眾參予及地方人士的認同，並以社區營造的方式，達到永續發展經營的目標。目前館內及周圍戶外空間總共提供232個閱覽席位。除此之外，館內還有客家文物館、特色館藏書類專櫃，保存地方珍貴史料、客家文史書籍。","週二至週日08:30至17:30週一及國定假日休館","422","臺中市","66000","石岡區","明德路175號","臺中市立圖書館","04-25722435","24.2740438","120.7757942","0.5-1小時","","","豐勢路進入石岡區後再轉明德路即達石岡區圖書館。","由臺中或豐原搭乘豐原客運往東勢或卓蘭班車皆可到達。","","https://www.library.taichung.gov.tw/public/lib/index.asp?m1=43","","ChIJh3g12wsbaTQRtbV1Mk_Bj44","展示館、公廁","地方展館、特色文化","","文化類"
"216","525","387300000H","梨山文物陳列館","館內共有四個展示區，分別規劃為中橫開發史、中橫地質地形、泰雅廣場及梨山特產等，每一展示主題都有相關的圖片及影片導覽。 ","09:00~17:00","424","臺中市","66000","和平區","梨山村福壽路14號","","04-25980705","24.2524835","121.256355","0.5-1小時","","","埔里走台14甲線往霧社經合歡山即可到達梨山。","","","https://www.trimt-nsa.gov.tw/zh-tw/attraction/76/","","ChIJ4wnvqi7zaDQRikuR9ohdoow","展示館、公廁、公車站","地方展館、特色文化","","文化類"
"217","538","387300000H","大甲三寶文化館ˍ裕珍馨光明旗艦店","「酥餅」原為大甲地區的訂婚喜餅之一，經過裕珍馨餅店以天然奶油取代豬油，將之精緻化後，「奶油酥餅」之名，透過進香客口耳相傳聲名大噪，而與「大甲媽祖」及「大甲帽蓆」並稱「大甲三寶」。「大甲三寶文化館」位於裕珍馨旗艦店樓上，固定展示「大甲懷舊照片」、「大甲帽蓆編織場景」、「古早奶油酥餅製作場景」及十六尊「媽祖一生故事木雕」，並不定期舉文化藝術展。","10:00-17:00 (配合展覽檔期，休館日以網路公告為主)","437","臺中市","66000","大甲區","光明路67號2樓","","04-26870929","24.3440794","120.6232203","0.5-1小時","","","中二高大甲交流道下→往大甲（甲后路）方向行駛→過地下橋左轉中山路一段→過大甲火車站光明路右轉直行即可抵達。","於豐原或台中搭乘往大甲班車（平均十～十五分一班），至大甲總站下車。","","https://www.facebook.com/YJS.SanBow/","","ChIJr0Jb-f4RaTQR68QBgv6qsFM","展示館、公廁","地方展館、特色文化","","小吃/特產類"
"218","548","387300000H","清水區農村文物館","走入本區農村文物館，就彷彿走進了時光隧道，重溫童年的純樸，又回到富有濃郁人情味的農業社會。本區農村文物館於民國七十九年底開始籌備，利用各大報發佈新聞並請各里辦公處，農事小組長廣為宣傳，獲得農友熱烈的回響，將一些珍貴罕見、極具保存價值的傳統農具及昔日農村生活物品提供出來，甚至有些可列為古董級的文物，也無償提供，使我們非常感動；這些被保留完整的農具和日常生活用品，見證了我們先民不凡的智慧和胼手胝足的開創精神。民國八十年六月很順利的設立農村文物館，總面積二七○平方公尺，由熱心人士152人無償贈供農村文物及生活物品達1104件。依用途及傳統習俗分為生產用具、生活用具、大廳用品、農業副業工具、臥室用品、捕魚工具、廚房用具、飯廳用具、整地農具、插秧農具、中耕除草農具、收穫農具、運輸工具、灌溉工具、草藥用具等十七類展示。內容充分表現出昔日農村文化之演進。也讓後代子孫及參觀貴賓一踏進文物館時好像走入時光隧道。感念祖先辛勤耕作，對社會人群所作的貢獻，為發展農業所付出的心血之情油然而生，亦藉以對照古今農具和生活物品之演進歷史及古今生活之對照。","週一至週五09:00-17:00(需事先預約) 。 休館日：例假日及國定假日 。","436","臺中市","66000","清水區","鎮政路101號（清水區公所三樓）","","04-26270151","24.26816","120.55972","0.5-1小時","","","由中港交流道往沙鹿方向下高速公路，進沙鹿區後右轉中山路即可進入清水區，再於鰲峰路左轉，循港區藝術館指標前行，可抵鎮政路。","遊台中搭乘巨業客運至清水區公所站即可到達。","","https://www.qingshui.taichung.gov.tw/1178052/post","","","展示館、公廁","地方展館、特色文化","","文化類"
"219","1410","387300000H","太平買菸場","太平買菸場興建於1955年，是公賣局向菸農鑑定、收購菸葉的場所，因見證太平菸葉發展歷程，於2013年公告登錄為歷史建築，經修復後規劃三大展覽區塊，一是在地藝文展區；二是介紹菸葉產業歷史的菸葉演繹館區；最後是展示國際知名鐵雕藝術家陳庭詩創作的紀念館區，營造出結合歷史與藝術文化的新場域。太平買菸場興建於1955年，是公賣局向菸農鑑定、收購菸葉的場所，因見證太平菸葉發展歷程，於2013年公告登錄為歷史建築，經修復後規劃三大展覽區塊，一是在地藝文展區；二是介紹菸葉產業歷史的菸葉演繹館區；最後是展示國際知名鐵雕藝術家陳庭詩創作的紀念館區，營造出結合歷史與藝術文化的新場域。開放時間：週二至週日，09:00-12:00，13:00-17:00館舍地址：臺中市太平區東平路464號聯絡電話：04-22790446 導覽解說：■有 □無 ■預約制預約電話：04-22790446其他服務：■ DIY體驗：依特展而定以上圖文由臺中市政府文化局提供。","週二至週日，09:00-12:00，13:00-17:00","411","臺中市","66000","太平區","東平路464號","","04-22790446","24.13406","120.72448","1-2小時","","","","","","","https://www.facebook.com/profile.php?id=100057442359211","ChIJ8dt8fsgiaTQRDKt2R83GRcc","展示館","地方展館、特色文化","",""
"220","1412","387300000H","臺中市纖維工藝博物館","臺中市纖維工藝博物館，是臺中市首座市級公立博物館，也是全國第一座以纖維為主題的專業博物館。整合臺灣人文脈絡及自然資源，以既有典藏之漢人、臺灣原住民、中國西南少數民族、當代創作四大類文物為根基，作為橋接纖維創作者與文物的工藝平臺，傳承纖維工藝文化。本館以「纖維‧時尚‧綠工藝」為立館宗旨，秉持博物館之典藏、研究、展示、教育四大功能。典藏具歷史、文化、藝術價值之纖維文物1,200餘件將深富底蘊、兼具形美與器美之纖維工藝文物與全民共享，透過創新實驗，使工藝與藝術進行對話，活絡傳統技藝在當代社會形塑新面貌。導覽解說：■有 □無 ■預約制預約電話：04-24860069其他服務：■ DIY體驗：新纖玩藝 假日小學堂  ■賣店  ■餐廳","週二至週日，09:00-17:00","412","臺中市","66000","大里區","勝利二路1號","纖維工藝展演中心","04-24860069","24.10083","120.68315","1-2小時","","","","","","http://mofia.taichung.gov.tw/","https://www.facebook.com/mofiataichung/","ChIJrZOmAus8aTQRMCE9R8Kookg","展示館、販賣部、公共電話、停車場、公廁、公車站、無障礙廁所、無障礙坡道、無障礙電梯、無障礙停車位","地方展館、特色文化","",""
"221","1413","387300000H","臺中作家典藏館","臺中作家典藏館為「臺中文學館」的延伸，於2018年1月17日開幕，館址位於精武圖書館的4樓。蒐藏在臺中出生、生活、寫作的臺中作家，保存他們珍貴的手稿、剪報、影像、文物等，展現在地作家的文學故事與文化記憶。臺中作家典藏館是臺中專屬於作家的家，也讓讀者得以窺視、探索作家獨特的文學日常。 開放時間：週二至週日，08:30-17:30(週一及國定假日休館)館舍地址：臺中市北區精武路291之3號4樓聯絡電話：04-22293875分機17 導覽解說：■有 □無 ■預約制預約電話：04-22293875","","404","臺中市","66000","北區","精武路291之3號4樓","","04-22293875#17","24.14597","120.68486","1-1.5小時","","","","","","","","","展示館","地方展館、特色文化","",""
"222","1149","387300000H","新天地西洋博物館","新天地西洋古董博物館二十大西洋古董主題千件私人收藏藏品來自 蘇富比 Sotheby's佳士得 Christie's 及私人收藏帶您體驗絢爛繽紛的西洋文化","","401","臺中市","66000","東區","旱溪東路一段456號1樓","","04-22136222","24.1418863","120.7015109","1.5-2小時","","","","","","https://www.facebook.com/profile.php?id=100057315541813","","","無障礙坡道、無障礙電梯","地方展館、無障礙景點","","藝術類"
"223","1390","387300000H","寶泉甘味手造所","不管是開車或騎腳踏車，由國道四號豐原端往豐原方向走，沒多久在左手邊就會有具高達三公尺的巨大餅模造型招牌映入眼簾，這裡就是製造讓老饕們一再垂涎美味糕點的「宝泉食品」豐原新廠，也是提供DIY 日式甜點的『宝泉 甘味手造所』所在。","08:00-19:00","420","臺中市","66000","豐原區","豐勢路一段468號","","04-25131390","24.258297","120.732051","1-1.5小時","","","","","","https://www.paochuan.com.tw/","https://www.facebook.com/p/%E5%AE%9D%E6%B3%89%E5%AF%B6%E6%B3%89-%E7%94%98%E5%91%B3%E6%89%8B%E9%80%A0%E6%89%80-100063838004345/?locale=zh_TW","ChIJB3I-1hQaaTQRmJjLT0Jhj4Y","展示館、販賣部、無障礙坡道","地方展館、無障礙景點","","其他"
"224","1391","387300000H","Sylvia創意小學堂-miniCNC雕刻體驗館","您聽過CNC嗎？全台首創提供30台mini CNC互動體驗的場地，台灣自行研發生產製造親民化CNC雕刻機，親民的操作介面、讓一般的孩子、學生、青年、成年、樂齡銀髮族均能放心動手去操作，體驗CNC走入每個人的生活中-，CNC走入文創生活全台首創提供30台mini CNC互動體驗的場地，提供體驗、CNC課程規劃研習，機台販售，為台灣自行研發生產製造的親民化CNC雕刻機，親民的操作介面、簡化的操作程序，讓一般的孩子、學生、青年、成年、樂齡銀髮族均能放心動手去操作，與各領域產業結合共好，多元發展，讓CNC創意你我生活~ 營業時間：週二至週六09:00~17:00 日一與國定假日休館館舍地址：臺中市豐原區北陽路8號2樓聯絡電話：04-25228312圖文由臺中市產業故事館發展協會協助提供。","週二至週六，09:00~17:00日一與國定假日休館","420","臺中市","66000","豐原區","北陽路8號2樓","","04-25228312","24.2521","120.72969","1-1.5小時","","","","","","https://www.sylvia.com.tw/","https://www.facebook.com/sylviaminicnc","ChIJpUmKzhYaaTQRcZlGWUolytQ","無障礙坡道、無障礙電梯","地方展館、無障礙景點","",""
"225","1822","387300000H","梧棲海洋驛站","梧棲海洋驛站是海巡署結合政府「向海致敬」政策所打造的12處海洋驛站之一，藉由活化原有的駐用廳舍，成為一個多功能的海洋休憩站。該場館位於梧棲觀光漁港、高美濕地及未來臺中海生館預定地的附近，外觀設計採用地中海風格，充滿海洋氛圍。館內展示了國家海洋研究院、海洋保育署、海巡署等單位的相關資料，並提供便民設施，如飲水機、無障礙廁所、哺乳室、沖洗設施及VR體驗裝置等，為遊客提供舒適的參觀體驗。開放期間，海巡人員也會提供導覽服務，成為您到梧棲、清水一帶旅遊時的理想休憩地點。預約導覽服務可透過電話或臉書粉專私訊詢問。以上圖文由海洋委員會海巡署中部分署提供","週一:休館週二至五:10:00-16:00週六、日:10:00-17:00","436","臺中市","66000","清水區","北堤路21號","海洋委員會海巡署中部分署","04-26583013","24.2930847","120.5171397","","","","","","","","https://www.facebook.com/profile.php?id=100081065585331&mibextid=PtKPJ9","ChIJsQQhuZNtaTQRPWy--QiDyps","展示館、公廁、無障礙廁所","地方展館、無障礙景點","","其他"
"226","1","387300000H","Top City臺中大遠百","TOP CITY台中大遠百建築外觀以一艘巨型傲人帆船為發想，懷抱著環保的理念，立足台灣，與時尚、科技接軌，帶領台灣航向世界各地，和國際舞台零距離。","週一至週五 11:00~22:00，週六、日 10:30~22:00，例假日 10:30~22:00","407","臺中市","66000","西屯區","臺灣大道三段251號","","04-37022168","24.1644656","120.6445957","2-3小時","","","","","","https://www.feds.com.tw/m/53","https://www.facebook.com/TOPCITY53/","ChIJuaGhlow9aTQRfHNZ8O0BGxw","","百貨商圈","","其他"
"227","163","387300000H","新光三越百貨_台中中港店","新光三越台中中港店提供中部消費者寬敞舒適的購物娛樂空間，國際精品、各大化妝品品牌、各類女裝、知名3C品牌、青少年流行品牌旗艦區、生鮮超市、全系列家庭生活賣場…等，另有各國主題美食分層設立，還結合多功能電影城，提供給消費者身、心、靈全面的滿足。讓顧客在一次購足的需求下，享受休閒、藝術、娛樂、資訊等多種服務，讓購物不只是購物，而是一種真正的休閒體驗。","週一~週五 11:00~22:00；週六~週日及例假日 10:30~22:00","407","臺中市","66000","西屯區","臺灣大道三段301號","","04-22553333","24.1647673","120.6434748","1-3小時","","","中山高速公路：台中中港交流道下往台中市方向中彰快速公路：市政府出口下交流道中投公路： 文心路往北屯路方向，左轉中港路","台中客運33、60、69、88、106、146、147巨業巴士 往返梧棲／清水、大甲／通宵，經中港路統聯客運 73、75、77、83搭乘高鐵經150路、151路、152路、153路等新幹線公車，抵達至新光三越台中中港店。","汽車停車位B3~B6：1199個；機車停車位B1~B2：1070個，提供停車服務週邊收費停車場：新市政停車場、惠新停車場、惠安停車場、秋紅谷平面停車場","https://www.skm.com.tw/store_branch/7","https://www.facebook.com/skm200","ChIJacBApYw9aTQRTUxbOQdRHJ0","販賣部、公廁","百貨商圈","","其他"
"228","267","387300000H","中友百貨","寬敞明亮的空間、挑高的設計、橫面流暢的動線、以及隨處可見的綠化點，處處都是出於人性化的設計。許多匠心獨具的顧客休息區，茶吧與咖啡吧錯落於各樓層，漫步其間，不購物也舒暢。以敏銳的流行觸角，不斷感應、蒐集世界一流商品。更透過每年的改裝調整，使樓層商品定位更明確，拉近各個客層與時尚舞臺之間的距離，讓流行隨時躍動在生活裡。從一句微笑的「歡迎光臨」開始，我們提供每一位顧客，人性化而全生活的服務。除了一般服務項目外，極少數百貨公司才有的親子廁所、多功能廁所，育兒諮詢室/哺集乳室等，更顯現無微不至。深入您心的服務，倍感親切的溫馨，好似在陌生與疏離的人際關係中，縫起一條拉鍊，牽緊了你我的心。中友百貨主題廁所，曾獲台中市100年上半年度公廁評鑑「總冠軍」，榮耀傲視全台！ 中友百貨共有十八座主題廁所，發表以來獲獎無數。九十七年C 棟 13樓-浮世光影廁所，曾榮獲台中市環保局「九十七年列管公廁分級管理評鑑檢查計畫」頒發最高榮譽，象徵終身成就獎之「金典無雙獎」。九十八年度更榮獲行政院環保署公廁考核「特優」殊榮，是全國唯一獲獎的百貨。中友百貨引領獨特時尚公廁文化，歡迎您親臨體驗！","週日至週四及例假日 11:00-21:30 週五至週六及例假日前一天(含連續假日) 11:00-22:00。","404","臺中市","66000","北區","三民路三段161號","","04-22253456","24.1522437","120.6848058","1-3小時","","","從中港交流道下，沿臺灣大道直行五權路左轉，育才北路右轉即到","仁友客運/21、105路台中客運/6、8、9、14、15、16、26、29、35、57、70、71、82、88、100、108、132路統聯客運/1、18、25、31、61、73、83、86路豐原客運/12、55、200、203路全航客運/5、58路彰化客運/99 路","本館提供280個停車位、週邊有育才北路食尚風味館、五權中醫停車場、一中街停車場、益民商圈停車場等特約停車場。","https://www.chungyo.com.tw/#","https://www.facebook.com/chungyo.tw/?ref=embed_page","ChIJ_T5sImY9aTQRLwiCTG41h64","販賣部、公共電話、停車場、公廁、公車站","百貨商圈","","其他"
"229","952","387300000H","公益路美食","公益路為臺中市重要道路之一，大致呈東西向，共分兩段，東起臺灣大道及民權路，西抵環中路。公益路商圈為臺中市主題餐廳進駐最多的街道型商圈，亦為西區與南屯區重要幹道。公益路可說是台中美食餐廳的一級戰區，每間餐廳無不想在這個地方佔有一時之地，因為能在這裡開店的幾乎都是台中數一數二的代表名店，每到假日可說是人滿為患，到處都是人，想吃什麼想逛什麼都有，以勤美誠品為中心，跟草悟道聯成交叉網，這裡可說是台中最精華的地方，從傳統的台式便當自助餐開始，到港式飲茶、日本定食、客家小炒、義式料理，一字排開任君選擇。除了多國料理選擇豐富，每一家餐廳紮紮實實的大坪數用餐環境，以及獨具風格的裝潢設計，更讓人可以暫時逃離煩悶的辦公室。　","營業時間依各店家為主","403","臺中市","66000","西區","公益路沿線","","","24.15088","120.65108","","","全線路寬並不大，遇到通勤、假日時有車流大於道路之負載力的問題。","","","","","","","停車場、公車站","百貨商圈","","小吃/特產類"
"230","954","387300000H","綠光計畫","不能少的還是那些創意產業中，可貴的堅持在小眾原創的創作者，希望能讓這些想推廣理念的朋友有一個巿區好地點的聚落落腳，透過團體的互相合作、群聚、共同行銷來達到更好的商業效果。也透過這個聚落來串聯117巷、向上北路口以形成一個足夠的量體，讓外縣市的朋友甚至國外的朋友、背包客覺得值得花時間來這一帶做庶民創意的深度旅遊。希望這裡保留一些都市的記憶，傳承一些不容易在都市中心看到的小眾創意，除了過去的都市記憶，也有進行中的創意發展，更有底藴豐厚的城市行銷，讓努力的創作者有個好的出海口。","營業時間依各店家為主","403","臺中市","66000","西區","中興一巷19號","","04-23050519","24.14758","120.66294","1.5-2小時","","每家店營業時間不一，出發前先查好營業時間避免撲空喔！","1.北上國道1號→於南屯出口(136縣道出口)下交流道，朝龍井/台中前進→於五權西路二段向右轉→環中路三段向左轉→走公益路二段→公益路→美村路一段→向上北路。2.南下國道1號→於台中出口(台12線出口)下交流道，朝台中前進→於台12線台中交流道出口靠右行駛→中港路二段→中港路一段→美村路一段→向上北路。","1.可搭統聯客運81在「經國園道站」下車，往勤美誠品方向步行約10分鐘。2.搭高鐵至烏日站再轉搭免費接駁車（往中國醫藥大學）至科博館站下車往勤美誠品方向步行約15分鐘。搭乘公車：51：後火車站→英才向上北路口27：台中客運總站→英才向上北路口290：台中客運總站→互助新村藍2(右環)：台中車站前廣場→美村向上北路口藍2(左環)：豐原客運台中站→美村向上北路口","汽車可停放美村路與向上路口停車場或停放公益路155巷路邊停車格（也可多利用市民廣場周邊停車場），機車可停放公益路155巷小公園。","","https://www.facebook.com/GreenRay.2013?locale=zh_TW","","","百貨商圈","",""
"231","1383","387300000H","秀泰生活台中站前店","「藝術是人類的天性。」—— 愛爾蘭哲學家伯克秀泰生活台中站前店以「藝術」的同音變體「藝庶」兩字為主軸，將娛樂與大眾藝術緊密結合，讓藝術不再只是僅限於少數人的美麗，經由全館的內部裝潢、戶外及室內隨處可見的趣味裝置藝術和藝文展演，打造全新的台中東區娛樂雙城。S1 館扭轉藝術之於大眾的形象，藉由隨處可見的藝術家創作牆、窗貼和裝置藝術，讓「美」在顧客的日常生活中能被看見，也讓商場除了購物外，更加有藝思！S2 館導入宛如在自家書房閱讀般輕鬆自在的petite étude(小書房)，並透過親子遊憩區和共學體驗等櫃位設置，提供孩子一個激發創造與思考能力的全新空間","週一～週五 11:00am~10:00pm週六日及例假日 10:30am~10:00pm","401","臺中市","66000","東區","南京路76號","","04-22117988","24.1405897","120.6897725","2-3小時","","","","","【開放時間】S1館、S2館 上午 9:30 — 凌晨 4:00【停車位數量】汽車停車位S1館 B1~B2：144個S2館 B1~B2：156個【一般收費標準】汽車停車：平假日30元/小時(不足半小時以半小時計)前15分鐘免收費繳費後須15分鐘內離場【支付方式】持現金至地下停車場自動繳費機進行繳費作業","https://sites.google.com/splaza.com.tw/showtimelive/index?fbclid=IwY2xjawKOrEdleHRuA2FlbQIxMABicmlkETE4MU41VXFQdEVaTkJrb2l1AR485Y_rOVcdzTZkQQDoHA3rSbYxoMdrKxyQc5HjCfzVN8xIpBLosjmaXnakrg_aem_2cjjNyxVLIqU4RocCH5DUw","https://www.facebook.com/SHOWTIMEPLAZA.TCTS/?locale=zh_TW","ChIJUb3zYUA9aTQRrDw-nN_1sBw","停車場、公廁、公車站","百貨商圈","",""
"232","1640","387300000H","Mitsui Shopping Park LaLaport 台中","位於台中東區的三井集團旗下大型購物園區(Mitsui Shopping Park LaLaport台中)，集結購物、餐飲、娛樂等各大品牌進駐，提供一站式購物休憩體驗。商場外觀融入當地元素設計，宏偉的外觀與色彩繽紛的外牆，格外吸睛。周邊景點包含東區建國市場、帝國糖廠、湖濱生態園區及台中火車站，與周邊的大魯閣新時代、站前秀泰，形成新興百貨聚落。圖片由經濟發展局協助提供。","","401","臺中市","66000","東區","進德路600號","","","24.1348846","120.692818","","","","","","","https://www.mitsui-shopping-park.com.tw/lalaport/taichung/tw/index.html","","ChIJs_AuSHE9aTQR53GNrtvGVUk","公共電話、停車場、公廁、網路、無障礙廁所、無障礙電梯","百貨商圈","","其他"
"233","1817","387300000H","水湳市場","水湳市場位於台中市西屯區，是規模龐大的傳統市場，採買人潮踴躍，好吃又好買，早中晚皆有不同美食店家輪番開張營業，是感受台中日常脈動與濃厚人情味的絕佳場域。此外，這裡還有許多在地老店隱身於其中，無論是想品嚐道地小吃，還是想體驗台灣傳統市場的熱鬧氛圍，水湳市場都非常值得親自走訪！","","407","臺中市","66000","西屯區","中清路二段189巷57號","","","24.1770528","120.667704","","","","","","","","","","","百貨商圈","","其他"
"234","1840","387300000H","誠品生活480","誠品生活480｜一座跨界創作的城市生活美學館全棟B1至7F匯集誠品書店及10家大型主題餐廳、逾百個超人氣品牌包括侍老井精品和牛燒肉會所、日本料理名店初魚鮨與初魚鐵板燒、被譽為「美國十大蛋糕」的頂級甜點品牌Lady M等人氣名店齊聚，還有媒體盛讚「當代藝術頂級香氛」的義大利Fornasetti等逾百個超人氣品牌，讓人處處驚喜。「誠品生活480」坐落於台中的心臟－西屯七期生活圈內，相對於周遭商辦林立，迅速流動的人潮，不知道你是否有感受到，這裡似乎有那麼一點點不一樣。走進一樓戶外廣場，台灣原生植物構成流動的森嶼，在這裡迎接著你的到來，時間的流轉，開始趨於緩慢。誠品生活480，將為你的生活注入有如綠洲般的生命泉源。從此日子裡都有這棟療癒之所與你相伴，還給你生活該有的理想面貌。藝術的生活提案｜實驗的創作聚場｜城市生活美學館景點圖文由誠品生活480協助提供。","11:00-22:00","407","臺中市","66000","西屯區","市政路480號","","04-2251-6898","24.16004782","120.6385088","2HR","無","","","","","https://www.instagram.com/eslite480/?igshid=OGQ5ZDc2ODk2ZA%3D%3D&utm_source=qr","","ChIJL81MimM9aTQRWfPD_7Cm2_U","停車場、公廁、公車站、無障礙廁所、無障礙坡道、無障礙電梯","百貨商圈","","其他"
"235","24","387300000H","精明一街","「精明一街」位於大墩十九街和大隆路之間，整條街約百公尺，有美麗的步道、雅緻的招牌、明亮的櫥窗，徒步區兩旁，有精品服飾、茶藝咖啡、異國風味餐館、畫廊等。人行道上設有露天座椅，每逢假日常舉辦露天音樂會、藝文展示等社區活動，猶如法國香榭大道的縮影，是一條兼具購物、休閒與藝術的街道。當時較早進駐的十幾家商店，有感於這條街的景觀條件極佳，希望能塑造成有如歐洲常見專供行人漫步的文化街。因此在幾經協議，在全部商店都同意的情形下，開始以住戶公約的方式，禁止機車進入街道，並由店家設立許多露天咖啡座，及供行人休息的路椅；也由專人限制流動攤販及規劃活動及景觀設計。由於商店街整體所有權人共同努力，終於在西元1995年獲選全臺示範商店街，而打響了名氣，成為臺中的著名景點。2023年因榮獲第60屆金馬獎「最佳動作設計」的動作美學國片《周處除三害》也在精明一街取景，成為影迷朝聖的休閒據點。精明一街小美髮廊-電影《周處除三害》劇照，感謝劇組授權精明一街小美髮廊-電影《周處除三害》劇照，感謝劇組授權在忙碌的都市生活中，每個人都應該很嚮往能有個偷閒的地方，而精明一街就是個夾雜在都市叢林中的藝術街道，享受一下坐在露天咖啡座中，品嚐著一杯香濃的咖啡，看著熙來攘往的人群，別有一種生活情趣，一朵朵不同色彩的洋傘，搭配各式的桌子，彷彿有置身於巴黎香榭大道的感覺。此地的藝文活動相當興盛，常有詩展、裝置藝術展、音樂會或化妝遊行，加上街頭藝術家無預期表演讓精明一街更有活力，除了消費文化外享受另一種感性空間。(本文部分資訊選自 交通部觀光署 觀光景點介紹)","營業時間依各店家為主","403","臺中市","66000","西區","精明一街","","04-23286345","24.15623","120.65583","1-2小時","","","由中山高速公路中港交流道下，往台中市區方向，直行至精誠路右轉，至大隆路再右轉即是。","臺中客運27、72、107 (公益路與精誠路口下車，步行約10分鐘)統聯客運23、77、79、81、86 (文心昌平站下車)","","http://taiwan.net.tw/m1.aspx?sNo=0001112&id=R153","https://www.facebook.com/jingming1street/?locale=zh_TW","","販賣部","百貨商圈、主題街道","","小吃/特產類"
"236","263","387300000H","繼光街商圈","繼光街是屬於臺中市早期發展的商業型街道，該地區在日據時代稱之為「榮町」。在臺灣光復以前，以布店、飲食店、錶店及雜貨店等民生商業為主；日據時代至光復初期，可說是全臺中市最熱鬧的街道之一。 臺中市繼光街原是臺中市中區商業區的主題性商業街道之一，由繼光街、綠川西街、臺灣大道、及其相鄰之自由路商圈而形成的商業性活動街廓。目前已完成繼光行人徒步區造街計畫，其主要目標為串連繼光街周圍之火車站、中山公園、電子街及綠川西東街等，延續嶄新的造街風貌；針對部分動線擁擠、街道結構複雜的情況，進行整體環境優化與街區整合，提升逛街舒適度與商業吸引力。繼光街是當時最繁華的商圈，也是老一代臺中人的回憶；隨著時代的斗轉星移，演變成多元化的經營，展現商圈旺盛生命力。另一項特色，就是美食，品嚐不同風味佳餚，一次滿足你的味蕾，來這絕對讓你吃喝玩樂樣樣足。","營業時間依各店家為主","400","臺中市","66000","中區","繼光街、臺灣大道一段西側至民權路","","","24.1392","120.683","1-2小時","","","●自行開車：國道一號：於臺中交流道下，往臺中方向行駛臺灣大道，直行至繼光街口即抵商圈。","臺中客運： 71(民權繼光街口)、6、9(合作金庫站)、27(民權繼光街口)、33、35(第一廣場站)、82、100 (中山自由路口)、101、107 、108(合作金庫站)、132(合作金庫站或第一廣場站)、290(民權繼光街口)統聯客運：50、59(民權繼光街口)、61(第一廣場站)、73(臺中火車站)、75(民權繼光街口)、81(第一廣場站)仁友客運：21(民權繼光街口)、105(第一廣場站)全航客運：5(民權繼光街口)、58、65 (臺中火車站下車，步行約5分鐘即可抵達) 豐原客運：51、55、200、202、203、270、271、276、277(民權繼光街口)、280、285、286、288、289(臺中火車站)中臺灣客運：1、25 (民權繼光街口)、20、31、125、281(臺中火車站)東南客運：7、67(臺中火車站)優化公車：300~308(臺中火車站)","●停車資訊：龍心商場內附設收費停車場、第一廣場也有地下停車場","https://goo.gl/fFyzGq","","","販賣部、公車站","百貨商圈、主題街道","","小吃/特產類"
"237","782","387300000H","金典綠園道","玩賞攻略◼️最文青的市場-第六市場 金典 綠園道商場台中金典酒店係由勤美集團及太子建設兩家上市公司所共同出資經營之五星級觀光酒店，勤美集團自民國61年創立迄今，主要從事鑄造、建築、商場及飯店等業務；太子建設創立於民國62年，為國內知名大型建商，後跨足飯店業，投資經營五星級飯店，成效斐然。勤美集團自97年以「勤美 誠品綠園道」成功打造結合人文、藝術、觀光與生活機能之綜合性商場後，為提供台中市市民更多休閒娛樂及文化創意空間，再度於100年與太子建設合作於台中金典酒店之B1至6F推出另一融合科技、美食、文創等概念之複合式商場─「金典 綠園道商場」。本商場地處台中市精華商圈，鄰近國立自然科學博物館及美術館，人文氣息濃厚，全館各樓層之空間規劃設計皆別具風貌，營業規劃則以多樣化之風味料理為出發，結合服飾配件及生活雜貨，打造具有文創氛圍之複合式商場，全館無論外觀及內裝均委由國內頂尖建築師及設計師全新打造，期許能以嶄新的風貌提供消費者更多元化的服務。第六市場「第六市場」為全臺灣第一家進駐百貨商場的傳統菜市場，其位處於台中市「金典 綠園道商場」3樓以全新型態發揚不一樣的傳統菜市場之美。 傳統菜市場一直都是臺灣不可或缺的庶民風景，小小的市場照料與滋養著在地人民的生活。而金典 綠園道商場保留了這般美好的傳統精神，並結合百貨商場現代化空間設計與硬體，打造前所未見的菜市場「第六市場」。第六市場匯聚百款物產，舉凡各式常見新鮮肉品、生鮮海產、蔬菜水果、養生雜糧、熟食小吃，乃至生活雜貨等，皆能在市場內一次購足。除了販售種類多元化，更提供有別於其它傳統市場的特色服務，讓民眾享受全方位的滿足與貼心。","商場週一~週五 11:00 ~ 21:30例假日 10:30-22:00第六市場10:00-20:30 (每週一休市)溫體生鮮肉品類 10:00-19:30","403","臺中市","66000","西區","健行路1049號","","04-23198000","24.15569","120.66307","1.5-2小時","","","中港交流道下往市區方向，沿台灣大道直行至健行路口左轉，車程約10分鐘","高鐵  至金典 綠園道由6號出口、13號公車月台搭乘高鐵快捷公車「高鐵台中站－中國醫藥大學－台中公園」路線，於科博館(SOGO百貨)站下車07:35~00:10，約15分鐘一班車，約30分鐘可到達台中市區 公車  至金典 綠園道搭乘台中客運27 / 88 / 106線、統聯客運83線市公車，於科學博物館站下車接駁車往返金典綠園道及勤美誠品綠園道行車時間：毎週六、日及國定假日11:00~23:00行車班距：毎30分鐘自金典綠園道發車接駁路線：金典綠園道→國立自然科學博物館→金典特約停車場(帝國停車場)→勤美誠品 綠園道→金典綠園道","請持購物發票及停車證明至B1服務台辦理折抵，若超過折抵時間，請於B3-B5停車場自動繳費機辦理，憑當日全館消費滿500元發票即可折抵1小時，滿1,000元折抵2小時，滿2,000元折抵3小時，依此類推，最高折抵上限為6小時。","https://parklanes.com.tw/","https://www.facebook.com/parklanebysplendor/","ChIJbTvbKZ09aTQRbG9qhco2g7I","公共電話、停車場、公廁、公車站、無障礙坡道、無障礙停車位","百貨商圈、休閒娛樂","","遊憩類"
"238","828","387300000H","鹿寮成衣商圈","自2012年成立的鹿寮成衣商圈入口意象，為鹿寮成衣商圈帶來了新氣象。位於臺中市沙鹿區錦華街、萊衣街、錦衣街一帶的鹿寮成衣商圈，要追溯其歷史，可以從早期的「挑擔賣布」說起，當時許多賣原布的商人尚未有店面，肩上挑著擔子邊走邊叫賣，漸漸地，有人把賣剩的布料一緞一緞拼接成孩童的短褲，俗稱「接仔褲」，隨後商機漸起，成衣工廠在光榮街、福安街、光正街、福人街和成功東街一帶林立，最後漸形成工廠北邊的鹿寮成衣商圈。在臺中地區頗具盛名的鹿寮成衣商圈，約有二百多間的店家，商圈成立至今已有約50年的歷史，是許多老奶奶們最喜歡前往挑選衣服的地方，非常適宜闔家前往，廣大的購物場所，親切如家人的服飾店老闆、老闆娘，讓人可以輕鬆自在的試衣買衣，還有許多可愛的童裝令人愛不釋手。逛累了，全家人可以一起到附近吃美食。 ","營業時間依各店家為主","433","臺中市","66000","沙鹿區","鹿寮成衣商圈","","","24.2491","120.56449","1-2小時","","","從臺中市沿中港路往沙鹿方向，接中棲路右轉清水路上在左側即可看到。","","","","","ChIJ4XS0-_IUaTQREt2CBrQgUeA","販賣部、公車站","百貨商圈、休閒娛樂","","其他"
"239","1643","387300000H","大安甘醇釀酒故事館","關於大安甘醇釀酒故事館　　大安甘醇釀酒故事館成立於2014年，位於台中市大安區，2019推出自由品牌安貝斯，其產品不僅參與國內酒類專業評比，更送往國外參加國際比賽，多項產品佳績如下： 	53% 安貝斯陳釀白酒 獲 國際風味評鑑獎(比利時iTQi)三星殊榮	16.8% 安貝斯窖藏梅酒 獲 國際風味評鑑獎(比利時iTQi)二星殊榮	52% 海泉珍露 獲 國際風味評鑑獎(比利時iTQi)二星殊榮	52% 海泉珍露 獲 財政部優良酒品認證 　　除了白酒外，也推出許多受女性朋友喜愛的水果酒，以純果實釀造，每一款水果酒都賦有滿滿的天然水果香氣。2022年，我們推出「柑杯」柑橘酒，此酒品是台灣首個產、官、學聯合開發的水果香甜酒，採用石岡農會嚴選的桶柑及椪柑進行釀造，淡橘色的酒液散發著橘子清香，清爽酸甜的口味深受大家喜愛。 　　而來到大安甘醇釀就故事館，會發現周圍是一座座的風力發電風車，這是屬於海線地區的特有風景，故事館旁就是生態公園及大安海水浴場，為了推廣海線的美景與文化歷史，我們更是推出甲安埔禮盒，最在地的酒禮，結合地方歷史、風景及物產，釀造出三種不同風味的酒款，除了是最佳的伴手禮之外，也期待用酒帶你來一趟台中大甲、大安、外埔風味輕旅行。 大安甘醇釀酒故事館釀酒堅持與理念 　　繼承老一輩們的釀酒智慧，20年來，大安甘醇以「純糧固態發酵蒸餾」的釀造形式持續經營著，我們誠實且堅定走忠於自己的路，所釀造出的酒品絕不添加人工酒精與香精，喝的到最純粹天然的風味，堅持慢熟厚工釀造高品質的台灣在地酒。 　　我們不同於其他大型酒廠專注在產量及銷售，我們將眼光放回到台灣這塊土地及人文上，致力於推廣地酒文化，在地的人用在地的作物去釀酒；與大甲青農契作的高粱、大雅生產過剩的小麥、外埔小農的葡萄、東勢的黃熟梅…等，除了在地的原料，在酒體的釀造上，我們以慢熟、厚工的方式用心釀每一瓶酒，不斷的鑽研，讓每一種酒都有自己獨特的風味，每一口都能品嘗到屬於它們的生命力。 　　同時，我們也期盼這樣古老的釀酒工藝能在地深根、延續，將屬於釀酒職人的精神與在地的農業文化傳遞下去。 參觀大安甘醇釀酒故事館 　　來到故事館中，您可以透過導覽了解古法固態純糧釀酒的過程、與現代製酒的差異等，還能參與品酒體驗，透過品酒的五步驟，帶你更深的體驗不同酒品的層次，並搭配不同的小點心，品嚐更多風味。       若是10人以上團體參觀，您還可以預約地酒DIY的活動，配合時令，選擇當季作物原料，搭配純釀米酒，體驗自己釀酒的樂趣，也能品嚐到專屬於自己的佳釀。 參觀資訊營業時間：週一-日 09:00-18:00地址：台中市大安區中山北路330號預約專線：加入官方line ID:@abas，或私訊臉書粉絲專業進行預約 費用：																	項目									10人以下									10人以上													純參觀導覽									免費									免費													導覽＋品酒									NT.300/人									NT.250/人													導覽＋品酒＋DIY製酒									無									NT.450/人						 圖文由臺中市產業故事館發展協會協助提供。","週一-日 09:00-18:00","439","臺中市","66000","大安區","中山北路330號","","04-26886059","24.3928194","120.5995475","","","停車場可容納 約8-10台小客車或1台40人座遊覽車","","","","https://www.dagc.com.tw/","https://www.facebook.com/ABAS.since1989","ChIJT-IqkLkNaTQR48D8bFh8L5U","展示館、停車場","百貨商圈、休閒娛樂、地方展館","","觀光工廠類"
"240","1642","387300000H","瑞成書局","台灣最老書店~~瑞成書局簡介(創立於民國元年)  外觀雖不是古老建築，內在卻蘊含著古老故事；身在悠閒的全新風貌環境中，聽著溫馨感人的故事，就像走時光隧道中，去體驗古老靈魂與新時代的衝擊。 揉合宗教、五術、心靈、保健與人文書籍與文物，讓瑞成成為別具一格的書局，也是一個探索身心靈健康者的天堂；再特聘專業老師提供「身心靈健康---命理.心靈.解憂三項」諮詢服務，更是全台第一家特色書店。 在快速、高壓的世代中，瑞成書局將是您在茫然無依時的最佳陪伴者。圖文由臺中市產業故事館發展協會協助提供。","周一至周六 10:00-18:00","401","臺中市","66000","東區","雙十路一段4-33號","","04-22120708#31","24.1435031","120.6861307","","","","","","","https://www.theregentstore.com/","","ChIJVd1Fq2s9aTQRdcMn7vI8rbE","","百貨商圈、休閒娛樂、教育資源","",""
"241","1417","387300000H","MITSUI OUTLET PARK 台中港","玩賞攻略◼️人氣地標60公尺「台中之星」摩天輪◼️首座海港型購物商城，匯聚約220家店鋪另外設人氣地標「台中之星」摩天輪，高達60公尺設有36座車廂 的摩天輪車廂內有空調設備可載4名乘客， 幸運的話還有機會搭到透明車廂，在12分鐘的歡樂時光中， 可從另一個嶄新的角度欣賞台中港的日與夜， 飽覽台中港優美景緻後， 摩天輪附近還有貨櫃市集提供日式小吃及飲料， 滿足闔家休閒之需求。免費接駁指南(連續假日行駛) 圖片來源：Mitsui Outlet Park","11:00~21:30(特殊時間另行公告)","435","臺中市","66000","梧棲區","臺灣大道十段168號","","04-25218999","24.2588747","120.5184163","2-3小時","","","","","汽車2,640輛、機車1,523輛(全日停車免費)","https://www.mop.com.tw/taichungport/tw/index.html","","ChIJY-bwtRY9aTQRxoY6m3u_ea4","遊客中心、販賣部、公共電話、停車場、公廁、網路、無障礙廁所、無障礙電梯、無障礙停車位","百貨商圈、休閒娛樂、無障礙景點","","其他"
"242","70","387300000H","第二市場","第二市場（全稱臺中市公有第二零售市場），位於臺中市中區三民路與台灣大道一段路口，佔地2,388坪，屬三翼放射狀建築型態，中央以一座六角主樓為其核心，市場內有54間店面、約有300售賣各種貨品的攤位。第二市場原為日治時期的新富町市場，主要販售精美高價的貨品，又有「日本人的市場」之稱，後經台中市政府全面整修而成現今風貌，自創立已有百餘年的歷史。第二市場是台中早期相當重要的民生物品集散市集，因此販賣的商品十分多元，需要分類別劃分攤販的區位，因而使市場的通道呈現六角形放射形狀，故又名為「六條通」。第二市場內集結眾多知名的美味小吃，山河滷肉飯、老賴紅茶、老王菜頭粿、鄒記蔥油餅、李海魯肉飯、茂川肉丸、顏記肉包、福州意麵等，都是在地人難忘的好味道，也是外地人常慕名而來的知名美食。","營業時間依各店家為主","400","臺中市","66000","中區","三民路二段87號","","","24.14236","120.67882","1.5-2小時","","","由台中中港交流道下高速公路，直行至五權西路左轉，約50公尺見成功路右轉，至三民路再又轉過中正路右手邊即是。","1. 由火車站搭仁友客運125線，至第二市場下車。2. 台中BRT：藍線仁愛醫院站下車。","市區停車格。","","https://www.facebook.com/tc2.market/?locale=zh_TW","","販賣部、公共電話、公廁、公車站、導盲磚、無障礙廁所、無障礙坡道、無障礙停車位","百貨商圈、無障礙景點","","小吃/特產類"
"243","268","387300000H","廣三SOGO百貨","「溫柔的笑容、熱情的態度、敏捷的服務」廣三SOGO百貨的誕生位於大台中地區之中港商圈、黃金地段上的廣三SOGO百貨，於1992年3月12日廣三建設與日本SOGO正式簽訂合作契約，並開始籌備展店計劃，百貨大樓由廣三建設機構出資興建，聘請知名建築師，共同精心設計；於1993年6月19日動工，並於1995年11月11日盛大開幕。獨家音樂鐘獨家引進音樂鐘，每個整點的時間，來自世界各國的可愛玩偶會唱著清亮活潑的歌曲迎接所有來廣三SOGO的嘉賓。 也會有許多家長帶著小朋友移往一樓大門口一同享受由音樂鐘裡的可愛玩偶所帶來的歡樂時光。廣三SOGO百貨的誕生，提供中部人一個服務親切、歡樂舒適的購物天堂。文字由廣三SOGO百貨協助提供。","週一至週五 11:00~22:00，例假日10:30~22:00","403","臺中市","66000","西區","臺灣大道二段459號","","04-23233788","24.1556104","120.6615703","1-3小時","","","國道一號中山高速公路→中港交流道→往市區方向直走→美村路→廣三SOGO百貨 中彰快速公路→市政路出口下交流道往台灣大道方向，右轉往市區方向直走→廣三SOGO百貨 中投公路→文心路往北屯路方向，台灣大道右轉往市區方向直走→廣三SOGO百貨","搭乘公車至【科學博物館】站→步行約3分鐘→廣三SOGO百貨優化公車 300~310、324 豐榮客運 48台中客運 11、70、323、325統聯客運 326全航客運 11豐原客運 11台中客運 70統聯客運 77四方電巴 365搭乘公車至【廣三SOGO(美村路)】站→步行約3分鐘→廣三SOGO百貨台中客運 71、72統聯客運 159","","https://www.kssogo.com.tw/","https://www.facebook.com/kssogo","ChIJw1gowJw9aTQRM-THYFiMejE","販賣部、公共電話、停車場、公廁、公車站、網路、導盲磚、無障礙廁所、無障礙坡道、無障礙電梯、無障礙停車位","百貨商圈、無障礙景點","","其他"
"244","781","387300000H","大魯閣新時代","新時代購物中心從7月1日起，正式由大魯閣開發股份有限公司接手經營，更名為「大魯閣新時代」。大魯閣新時代定位為『運動休閒、生活風格』的提案者，強調以「運動娛樂、親子休閒、生活提案、美食購物」為主，同時引進國際獨家差異化創意主題，將成為台中國際級購物中心新地標！『大魯閣新時代』的圖騰，是從「無限大」的精神出發、蘊含「慶祝」與「禮物」的意涵；翩然起舞的緞帶造型更為輕盈而具有都會感。明亮的粉紫與銀色，展現大魯閣新時代的「青春、活力、時尚」，更能適切地演繹「舒適」、「自在」、「歡樂」的場域氛圍，傳遞年輕族群及親子嚮往的「遊逛饗樂新天地」的形象。「運動休閒」、生活風格」提案者，台中國際級購物中心新地標。新時代購物中心為台中市的大型購物中心之一，原為德先公司經營的「台中德安購物中心」，2010年3月更名為「MODE Mall 新時代購物中心」，建築樓層自地下6層到地上11層，商場面積約3.6萬坪，年營業額超過30億元。購物中心由大魯閣開發股份有限公司接手經營，更名為「大魯閣新時代」。大魯閣新時代定位為『運動休閒、生活風格』的提案者，強調以「運動娛樂、親子休閒、生活提案、美食購物」為主，同時引進國際獨家差異化創意主題，將成為台中國際級購物中心新地標！","週一~週五11:00~22:00  週六~週日10:30~22:00","401","臺中市","66000","東區","復興路四段186號","","04-36118888","24.1357726","120.6877477","1-3小時","","","中山高國道1號： 下中港交流道，往台中方向走中港路，接中正路直行到底，右轉走建國路，行至台中路交叉口左轉， 再於復興路交叉口右轉行至大智路口即達。國道3號：下中投交流道，接63號中投快速道路往霧峰方 向直行至五權南路，行至忠明南路交叉口左轉，直行至 大智路即達。","臺中火車站-前站：仁友客運，1、20、21、22、25、29、30、31、37、40、45、48、 105、125 台中客運，9、15、27、35、70、71、82、6101、6873、6100、 6131、6107、6132、88、6106 豐原客運，豐原－樹德路－台中、台中－仁化村－竹仔坑(經大里工業區)、豐原－樹德路－台中。臺中火車站(後站)：仁友客運89 TTJ捷運公車51。","","http://taichung.trkmall.com.tw/","https://www.facebook.com/trkmall/","","販賣部、公共電話、停車場、公廁、公車站、網路、無障礙廁所、無障礙坡道、無障礙停車位","百貨商圈、無障礙景點","","小吃/特產類、遊憩類、體育健身類、其他"
"245","73","387300000H","東協廣場","東協廣場（舊稱第一廣場）,鄰近台中火車站，在綠川西街上，樓高13層，是一間由臺灣大道一段、繼光街、成功路及綠川西街包圍的綜合性休閒娛樂廣場。位於站臺中車站前商圈，內規劃有地下停車場、精品服飾用品店、美食街、電影院（第一影城）、KTV、電動遊樂場、撞球俱樂部、保齡球館、溜冰場、民歌西餐廳等等，多為青少年與移工休閒去處。鄰近於臺中車站、臺中公園、臺中州廳等，因東南亞異國商店聚集，現有「台中小東南亞」之稱號。東協廣場周邊結合了各式各樣的街道，包含了電子街、繼光街和成功路上充滿古味的青草街。","","400","臺中市","66000","中區","綠川西街135號","","","24.139473","120.683635","0.5-1小時","","","下中山高速公路後，往台中市區前行轉走台中港路，再轉走五權路、民權路、中正路就可抵達第一廣場。","可搭乘台中市公車3、5、7、35路和友仁客運有在中正路或綠川西街站下車亦可。","","","","ChIJ8TvakRQ9aTQRtgcWLqEO-F4","販賣部、公車站、無障礙廁所、無障礙電梯","百貨商圈、無障礙景點、特色文化","","文化類、其他"
"246","1354","387300000H","筏子溪自行車道","「筏子溪」溪名的由來，是因為早期該溪景象優美，經常有人在溪岸邊垂釣，並以竹筏作為水上往來的交通工具，所以稱之為筏子溪。 自行車道沿途可觀察到多種類的留鳥、冬侯鳥與多種類淡水魚，仔細觀察還可以尋找到棲息於筏子溪的水生昆蟲和多元的兩棲類動物，讓民眾親近筏子溪寶貴的自然資源，並在享受舒適的自行車騎乘空間中，喚起自身對生態環境的重視。此路段騎乘至終點處，可銜接至中科自行車道中段。","","407","臺中市","66000","西屯區","筏子溪自行車道","","","24.18379","120.62938","0.5-1小時","","","","","","","","ChIJgwGNTwMWaTQREuFbhq_S_Rw","停車場、步道、公車站","自行車道","",""
"247","1359","387300000H","永豐六分線自行車道","全長約17.8公里。主要騎乘於外埔區鄉間小路，氣氛悠閒，適合全家慢遊騎乘。搭乘火車來到懷舊山線的臺中后里火車站，租台自行車，不論是賞花、騎馬，體驗薩克斯風及舊山線鐵道文化，都能讓這趟單車旅行深刻難忘。","","438","臺中市","66000","外埔區","永豐六分線自行車道","","","24.33482","120.70022","4-4.5小時","","","","","","","","","","自行車道","",""
"248","1360","387300000H","頭汴坑酒桶山自行車道","全長約11.7公里。位於頭汴坑「酒桶山風景區」，為利用原有的產業道路闢建而成的山區自行車道，地勢位處低海拔山區，沿途行經天圓彌勒院、仙女橋、石頭公、仙女瀑布、樟湖農路、自強農路等地區，可盡情享受沐浴在山林景致中的暢快感，此車道屬於挑戰型及越野型的自行車道，適合體能較佳的民眾。本車道亦可接136市道，為許多想挑戰爬坡，登上136市道臺中段終點＂赤坎頂＂的車友必騎鍛鍊路線。此車道非自行車專用道，路線起伏不斷，且有多處急彎及連續彎道，部分路段較為狹小，請車友多加注意安全。","","411","臺中市","66000","太平區","頭汴坑酒桶山自行車道","","","24.12081","120.75394","3-3.5小時","","","","","","","","","","自行車道","",""
"249","1379","387300000H","臺中市濱海自行車道ˍ大安段","全長約9公里。 位於大安區濱海之自行車道，沿途欣賞海岸風光及濕地生態，寓教於樂，適合親子同遊。","","439","臺中市","66000","大安區","臺中市濱海自行車道－大安段","","","24.39923","120.59934","2-2.5小時","","","","","","","","ChIJhYbOyTUMaTQRTDSrS9qkVQo","","自行車道","",""
"250","1380","387300000H","頭汴坑溪自行車道","全長約11公里。頭汴坑溪自行車道位於太平區和大里區交界處，介於太平一江橋和大里立仁橋之間，兩岸河堤皆規劃有自行車專用道，來回約11公里，高低起伏小，適合閣家騎乘，享受愜意的親子時間。車道至一江橋盡頭，可接挑戰型的頭汴坑酒桶山自行車道或136市道上赤崁頂。","","411","臺中市","66000","太平區","頭汴坑溪自行車道","","","24.13276","120.73573","2-2.5小時","","","","","","","","","","自行車道","",""
"251","1385","387300000H","龍井堤防自行車道","東起本區與大肚區交接處，西至臺中火力發電廠東側，全長約5.3 公里，平均路面寬 4 公尺。車道兩側除設置造型護欄，維護民眾騎乘安全外，因堤頂視野寬廣，沿線設置觀景台、休憩涼椅及栽植蔽蔭樹木等，為設施相當完善的綠廊道。車道結合周邊景觀設施，沿途依序有享譽全台的金蘭西瓜園區、高灘地整治而成的健康步道及籃球場、銀髮族常於此舉辦球賽的河濱槌球運動場、河濱公園、潮間帶浮游生物帶來豐富漁獲的麗水漁港、賞鳥區及歷史悠久的福順宮等，為親子踏青攬勝的絕佳去處。","","434","臺中市","66000","龍井區","中華路2段15號","","","24.19428","120.5352","1.5-2小時","","","","","","","","ChIJ04TolP0_aTQRmwy17XHOnj8","","自行車道","",""
"252","1397","387300000H","草湖溪自行車道","草湖溪自行車道，不但人車分道，還有景觀燈、休憩座椅等設施，以愛心拱門為其特色，民眾可沿途欣賞草湖溪多變的河岸景觀，是民眾騎車的好所在！美群彩繪梅花鹿巷隱身於美群路巷弄中，民居及車道一帶水泥牆上施以色彩繽紛的童趣梅花鹿插畫。","","412","臺中市","66000","大里區","草湖溪美群橋至草湖溪銀聯","","","24.08203","120.70911","1-1.5小時","","","","","","","","ChIJObUHy7I8aTQRo8aBCV0xWok","","自行車道","",""
"253","1398","387300000H","山線自行車道(專用道路段)","本段自行車道為臺中市山線自行車遊憩系統之建構，以整合既有自行車道路線、銜接路線斷點為主要目標，起點從大峰橋至終點立善橋，長度約5公里，且因本段緊鄰大里溪及烏溪區段，有豐富的遊憩田園風情與河堤景色形成良好的自行車專用道條件。山線自行車道依山傍水，是一條擁有景觀美質、色彩變化及放鬆身心靈的活動路廊，路線中導入舒適的綠蔭環境、高品質的服務機能、趣味的設施設計滿足自行車騎士心理與生理愉悅的遊憩享受，除可提供騎乘中享受御風踩踏的樂趣，亦能活化自行車道沿線閒置空間，提升沿線景觀品質，有效整合串聯週邊景觀資源，帶動地區觀光產業發展。","","412","臺中市","66000","大里區","立善橋","","","24.09861","120.69409","2-3小時","","","","","","","","","","自行車道","",""
"254","1399","387300000H","乾溪自行車道"," 霧峰乾溪自行車道二期於106年8月完工，起點中正橋至終點大峰橋，自行車能讓觀光客深入台中大街小巷，是拚觀光最好的綠色交通工具。乾溪自行車道沿線有霧峰農會、林家花園、九二一地震教育園區、泉水埤生態園區、台灣省諮議會、光復新村、亞洲大學現代美術館等著名周邊景點為霧峰帶來更多觀光人潮。","","413","臺中市","66000","霧峰區","中正橋","","","24.06598","120.69434","1-1.5小時","","","","","","","","ChIJpdGyhFw7aTQRSw4W5-Pybjw","","自行車道","",""
"255","1428","387300000H","甲后自行車道","甲后稻香自行車道銜接后豐鐵馬道、甲后線自行車道—忘憂谷支線及濱海自行車道等，配合外埔忘憂谷一年四季不同的特殊景色，將自行車道地坪彩繪上忘憂谷在地作物，包括水稻、休耕期栽種的油菜花、小雛菊、向日葵、波斯菊等花卉，讓遊客了解在地特色；另也在堤頂專用道終點休憩觀景區設置造型廊架，拍照打卡猶如雜誌封面，更增添景點趣味性。六分路支線行經外埔區，銜接月眉西路自行車道，終點銜接甲后路主線，形成迴圈型路網。為臺中釀酒葡萄大宗產區，沿線酒莊遍布，可體驗葡萄樹下的浪漫餐酒饗宴，品嚐當季釀製葡萄酒。每到五月桐花季節時，騎腳踏車漫遊步賞美景，探索桐花幽徑。忘憂谷支線包括2公里長的堤頂自行車道。沿途可與鐵道共乘，欣賞溪底路水圳風光、忘憂谷美景等。終點銜接月眉觀光糖廠，全線皆為農田景觀與自然景觀。於磁瑤堤頂上溪谷視野一覽無遺，盡覽農村溪谷風光。壯闊花海與殷紅夕照為忘憂谷的二大景觀，十分適合騎乘。周邊串聯景點	大甲區：大甲鎮瀾宮、裕珍馨觀光工廠、大甲老街、鐵砧山風景區	外埔區：麗寶樂園、虎腳庄假日農夫市集、高鐵桐花步道、樹生酒莊（葡萄酒金牌獎）、桐花步道、忘憂谷	后里區：月眉糖廠、后豐鐵馬道、東豐自行車道綠廊、泰安鐵道園區","","421","臺中市","66000","后里區","大甲區、外埔區","","","24.31880551","120.6230569","","","","","","","","","ChIJyzi0vZYRaTQRdbwGYpcntws","","自行車道","",""
"256","1903","387300000H","綠空廊道","自豐原站一路往南串聯至大慶站，途中跨越豐原、潭子、北屯、東區、中區、南區6個行政區，10個站點，總長21.7公里，超越東豐及后豐自行車綠廊，成為台中最長的綠色廊道，提供民眾安全、順暢的綠色休閒環境。可自起點豐原車站出發，至終點約為大慶車站。豐原車站(臺中市豐原區中正路1-1號)大慶車站(臺中市南區樹德里7鄰大慶街2段130號)","","420","臺中市","66000","豐原區","臺中市豐原區中正路1-1號","","04-22289111","24.2541286","120.7230501","","","","","","","","","","","自行車道","",""
"257","25","387300000H","潭雅神綠園道","「潭雅神綠園道(0k~14k)」已投保公共意外責任險 玩賞攻略◼️全長約13.6公里◼️沿途四季風情植栽 沿途四季植栽展現不同風情：初春櫻花綻放、仲夏黃金雨如瀑飄落、入秋楓葉金黃飛舞，綠蔭隧道彷彿城市中的綠洲。平緩的路面坡度，適合親子一同騎乘，讓人在悠閒漫遊中放鬆身心，享受自然療癒的愜意旅程。利用原軍方舊鐵道神岡支線興建而成，從潭子區中山路起，經大雅區、神岡區，終點在大雅區忠義里的中科腹地，全長約13.6公里，目前潭雅神綠園道已連接到中部科學園區，與中科園區周邊自行車道相連接，成為當地民眾及遊客最佳的遊憩場所。紅圳頭義民祠位於神岡區庄前里，潭雅神綠園道5.25K處旁休憩景點，是往來遊客騎乘自行車必經之地，許多外地遊客會將義民祠誤為土地公廟，事實上這裡有著歷史走過的痕跡，也是當地具有祭奠、紀念價值意義的景點。而義民祠周邊田園景緻風光美，加上潭雅神綠園道自行車步道和人行步道設施佳，成為當地居民最喜歡悠閒散步的地方。乾隆十二年(1747)葫蘆墩圳開發完成，灌溉區域概括今日之豐原、神岡、潭子、大雅、北屯及西屯等地，水利既興，農墾日進，閩粵移民沿其流域集結村落。當時，東至打蘭溝(今橫山圳)，西至浮圳，計有三支線分流，分別為頭條(浮圳)、二條(中央圳)，三條(橫山圳)，即今神岡、左前、山皮村等地，其流域延伸至大雅，至今尚稱為「紅圳溝」，因初闢時，其地為紅土壤而得名，並為紅圳頂端，而稱「紅圳頭」。乾隆五十一年(1786)林爽文之役，北庄客家人以李橋基為首，組成鄉勇保護鄉里，而鄰近「紅圳頭」福佬人(閩南)聚落抵擋不住，死傷不計其數，屍骨據傳就埋在義民祠下方的土堆，滄桑幾歷，從此「紅圳頭」遂成歷史陳跡。「紅圳頭義民祠」於2006年6月動土建置年底完工，周邊景觀另於2020年7月改善完成，主神為義民爺。潭雅神綠園道自行車路線潭子站(起點)→筱雲山莊→萬興宮→社口林宅→大雅區市民農園(大雅國際花市)→清泉崗空軍基地→大雅中科公園(終點)租車資訊：位於「潭雅神綠園道」附近“崇德路”與“大豐路”交叉路口旁、“承德路”及戰車公園附近皆可找得到出租單車的店面。停車資訊：	潭子火車站附設停車場(收費)，地址：台中市潭子區潭興路與鐵路高架橋交叉下方，座標：24.21147884741923, 120.70571188308473	城市車旅停車場(收費)，地址：台中市潭子區人和路39-87號，座標：24.2178161347044, 120.70760559739313	台灣聯通停車場(收費)，地址：台中市潭子區雅潭路一段99巷2號，座標：24.216563697319152, 120.70249867184354	寶雄漁業碼頭停車場(收費)，地址：台中市潭子區中山路三段11號，座標：24.220336112685576, 120.70599804643462	和平場站(免付費)，座標：24.256788270090315, 120.64688322658249	大雅中科公園(免付費)  ，座標：24.22030841840061, 120.61840958084991 ","","427","臺中市","66000","潭子區","中山路三段1-2號","","04-25152575","24.23280421","120.6944408","2-4小時","","路況屬於平坦路段、騎乘時舒適度佳，沿途可以體驗潭子區的美景，車道兩旁栽植著不同充滿綠意的樹種，適合一般大眾攜家帶眷在此騎車及紓解壓力。","由國道1號中清交流道下，往大雅方向至清泉崗機場前即可到達。由國道1號中清交流道下，往市區方向至文心路左轉直行，至崇德路左轉直行往豐原區方向，至崇德路自行車專用路橋即可到達。由國道1號中清交流道下，往市區方向至文心路左轉直行，至中山路左轉直行往豐原區方向，至潭子加工區入口處旁即可到達。","國道一號大雅交流道下→走中彰快速道路經雅潭路到潭子。","1.潭子火車站附設停車場(收費)，地址：台中市潭子區潭興路與鐵路高架橋交叉下方，座標：24.21147884741923, 120.705711883084732.城市車旅停車場(收費)，地址：台中市潭子區人和路39-87號，座標：24.2178161347044, 120.707605597393133.台灣聯通停車場(收費)，地址：台中市潭子區雅潭路一段99巷2號，座標：24.216563697319152, 120.702498671843544.寶雄漁業碼頭停車場(收費)，地址：台中市潭子區中山路三段11號，座標：24.220336112685576, 120.705998046434625.和平場站(免付費)，座標：24.256788270090315, 120.646883226582496.大雅中科公園(免付費)，座標：24.22030841840061, 120.61840958084991","","","ChIJDfFZfkYXaTQRJxvCWohoeXk","步道","自行車道、戶外運動","","體育健身類"
"258","89","387300000H","后豐鐵馬道","「后豐鐵馬道(0k~5.8k)」已投保公共意外責任險 「后豐鐵馬道」路段由原來的臺鐵舊山線整建，沿途景觀多樣化，除了青翠田園與寧靜的鄉村景緻外，還有雄偉壯觀的花梁鋼橋，橫跨在大甲溪寬廣的溪谷上。后豐鐵馬道招牌「花梁鋼橋」建於日治時代(明治41年) 1908年完工，其下部結構是混凝土砌塊石沉箱，橋座是磚角石構成，為罕見之交通工藝品。站在遠處觀望，立即能感受到它的氣勢雄偉。「花梁鋼橋」亦處臺鐵舊山線最南端的景點，全長382公尺，每兩個橋墩上都有一組俗稱花梁的鋼製桁架，為結合力與美的工程作品。鐵馬道路段上會經過花梁鋼橋 可以眺望遠方的高山與流水。「后豐鐵馬道」另一個熱門景點——「9號隧道」，亦建於西元1908年，全長1.2公里，是臺鐵舊山線最長的一座隧道，隧道南口由日治時代第5任總督佐久間左馬太題字『氣象雄深』，隧道北口為民政長官後藤新平題字『潛行不窒』。「后豐鐵馬道」除了可欣賞大甲溪沿岸風光，景色絕佳，以及特殊的隧道穿越經驗，一個接一個的景觀盛宴，讓這趟悠閒的單車之旅，既豐富又令人驚豔。自行車道也與13.6餘公里的「東豐自行車綠廊」相接，形成總長19公里的自行車道，各路段有不同的風景特色，相信足以讓民眾充分享受乘騎自行車的樂趣。東豐鐵路綠色走廊是全國第一條由舊鐵道活化再利用的自行車專用道，也是國內唯一封閉型的自行車專用道，沿途風光明媚、景色宜人，田園、樹蔭相伴，沒有車輛干擾，充滿騎乘樂趣，找一天好氣，騎上單車，綠色的大甲溪等著你去體驗。 ","9號隧道開放時間：夏令時期06:00~19:00；冬令時期06:00~18:00","420","臺中市","66000","豐原區","國豐路三段","","04-25724511","24.27231","120.74082","2-3.5小時","","1. 建議夏日攜帶傘、帽，注意防曬，冬季攜帶防風外套。2. 自行車道起點、終點皆有自行車出租。","由國道1或3號接國道4號，由豐原交流道下左轉，沿臺13線至馬場路(寺山路)右轉直行至后里馬場前即可到達。由國道1或3號接國道4號，由豐原東勢交流道下廻轉，沿國道4號橋下約50公尺可到達。","火車：搭乘火車到后里站下車，改搭乘往豐原的豐原客運，在后里馬場下車。公車：可於台中火車站前、豐原火車站、統聯豐原站搭乘豐原客運，往大甲班車，可於「后里馬場」下車即可。","適合開車，附近停車位多。","","","ChIJAQAAQBM9aTQRXASVVs5t3aI","販賣部、停車場、公廁、步道、公車站","自行車道、戶外運動","","遊憩類"
"259","785","387300000H","旱溪親水式自行車道","「旱溪西路自行車道-東區自由路橋至東門橋」、「旱溪東路自行車道-松竹2號橋至聚興橋段」已投保公共意外責任險本自行車道沿旱溪東路設置，橫跨大里、太平、北屯、潭子、豐原等五個行政區，由於經過許多路口，因此設有自行車道專用之號誌燈，自行車道前半段部份路段則由橋下經過，沿途公共設施包括：休憩座椅、自行車架、導覽牌、護欄、里程標示、休憩節點、反光設施、路燈、自行車道專用號誌燈等；主要植栽包括：大花紫薇、臺灣欒樹、小葉欖仁、馬纓丹、七里香等。民眾騎單車往北經過育英橋、樂業橋，沿途也因為靠近偏郊、車流量減少，每個路口都有的單車形狀交通號誌，且穿越十字路口也有明顯的單車路線指示。經過自由路橋後，自行車道的圍牆有著顯眼的塗鴉牆，穿越精武橋的單車道則轉入水岸邊，此後，自行車道與通車路線隔離開來，成為親水路線的封閉式車道。此外，位在旱溪東路與振興路口，還有旱溪夜市，每週二、四、五、六晚上都可湧入2至3萬人次，裡頭約有300多個攤位，吃喝玩樂應有盡有，歡迎車友們來一『騎』來逛夜市。","","406","臺中市","66000","北屯區","旱溪東路","","","24.1727489","120.7090401","1-3小時","","1. 來這條穿越城市的路線，沿途都有商店，因而不需要準備太多補給品。2. 在夏日晨跑或黃昏練跑，輕裝上陣即可。3. 附近無租車點，建議自備單車，開車至東門橋附近於旱溪沿線停車後，從旱溪東路一段南端往北騎行。","1. 從交流道方向來：國道一號大雅交流道下，走環中路，右轉松竹路，右轉旱溪東路直行。2. 從中港路方向來：文心路往北邊走，接東山路，右轉旱溪東路直行。3. 從火車站方向來：台中火車站後站復興路往北直行，振興路右轉，過東門橋即可到達。","1. 搭乘 72、77 路台中市公車於軍福十九路 [葳格高中] 站下車。由中港路台灣大道周邊搭乘至此約需40~50分鐘。2. 搭乘 1、15、16、21、31、68、85、203、270、271、276、277 路台中市公車於東山路一段 [水景頭] 站下車，再由水景街往北走至旱溪東路葳格高中附近區域，步行時間約5~10分鐘。3. 搭乘 53 路台中市公車於東山路一段 [三和里] 站下車，由東山路接旱溪東路往北走至葳格高中附近區域，步行時間約15~20分鐘。","路邊停車。","","","ChIJJxfG4_AXaTQRq2DOJE0wrDQ","公車站","自行車道、戶外運動","","體育健身類"
"260","1849","387300000H","臺中市136線自行車道","臺中市136線自行車道，全程皆為山路，陡坡、狹彎路段多，富挑戰性，適合經驗老道的自行車友。太平蝙蝠洞原為太平林家為了灌溉農田而開鑿的人工灌溉渠道，附近的蝙蝠洞登山步道保留了原始自然山林風貌，為多種昆蟲、動植物棲息地。太平赤崁頂路段爬坡困難，但也增添許多攻頂後的成就感，可由此俯瞰山間美景。","","411","臺中市","66000","太平區","","","","24.13169301","120.7377465","","","","","","","","","EiHlj7DngaPlj7DkuK3luILlpKrlubPljYAxMzbnuKPpgZMiLiosChQKEgklQFo8wCNpNBFgiFyNT60kIRIUChIJlbVybVIiaTQRC0WRiBgf30s","販賣部、停車場、公廁、公車站","自行車道、戶外運動","",""
"261","1854","387300000H","環河自行車道","環河自行車道全長118.4公里，以環狀路線串聯臺中市區及河岸多個自行車道，其中包括烏溪、大里溪、旱溪、大甲溪、筏子溪等等。建議視自身體力斟酌是否騎完全程，或者以環河自行車道為連通道，規劃多日鐵馬減碳遊程，體驗完整、在地臺中魅力。注意事項路途較長，建議自行斟酌時間及體力。敬請遵守公園公告注意事項，共同維護公園生態及公共設備。","","414","臺中市","66000","烏日區","","","","","","","","","","","","","","","停車場、公廁","自行車道、戶外運動","",""
"262","1855","387300000H","環島1號線（臺中段）","環島1號線（臺中段）全長42.9公里，途中騎經大安溪橋、大甲溪大橋等等，乘風體會西臺灣水岸壯闊景緻，此路途較長，建議自行斟酌時間及體力。大甲區鎮瀾宮為全臺最知名的媽祖廟之一，已有二百多年歷史，全年香火鼎盛、信徒絡繹不絕，加上每年農曆三月舉辦的遶境出巡，已是世界級的宗教盛事，吸引國內外遊客前來參與，是大甲最具代表性的景點之一。鐵砧山位於臺中市大甲區東北方，總面積有五十多甲，清領時期即以「鐵砧晚霞」名列台灣十二景之一。風景區內有劍井、國姓廟等人文古蹟；提倡藝術生活化的雕塑廣場等等，近年更以親子共融、人文歷史、自然景觀及運動野營為主題成為假日熱門景點。如進入大甲鐵砧山風景區，敬請遵守風景區公告注意事項，共同維護自然生態及公共設備。","","437","臺中市","66000","大甲區","","","","24.4325045","120.631645","","","","","","","","","","停車場、公廁","自行車道、戶外運動","",""
"263","129","387300000H","東光園道","台中市氣候宜人，擁有獨一無二的園道系統，近年來更大力推廣自行車專用道，整合不同生活機能，規劃兼具人文、感性、觀光等主題的自行車道。東光園道自行車道屬台中市環市休閒自行車道的一部分，此段騎乘路線從太原車站出發，沿著縱貫鐵道乘風追火車。接著轉入旱溪老街區，被譽為四大媽祖廟之一的樂成宮就坐落於此。樂成宮擁有多年的悠久歷史，是市定古蹟。騎在東光園道，有四季翠綠的小葉橄欖遮蔭，因樹木都很高大，樹蔭覆蓋面積廣，是整段環市休閒自行車道中，最涼爽舒適的一段。東光園道自行車道非常適合親子遊，此外，更引領著單車騎士們騎到大智公園及東峰公園。穿越高大聳立的黑板樹林，即可通往中興大學。","","401","臺中市","66000","東區","北起東光園道446-1號前，南至忠明南路","","04-22289111","24.13681","120.69671","1-2小時","","東光園道自行車道的起點台鐵太原站，設有自行車租賃點，不妨來個兩鐵小旅行吧。","臺中火車站前建國路，接台中路左轉復興路四段接復興東路，過建成路即達東光路。臺中火車站前新民街直走接南京路，右轉建成路再左轉復興東路，直行即達東光路。","臺中客運36、100、103、107可達 。","路邊停車格。","","","ChIJgfDC9Dg9aTQRyJmwVb_F12E","步道、無障礙坡道、無障礙停車位","自行車道、戶外運動、無障礙景點","","遊憩類、體育健身類"
"264","1355","387300000H","臺中市濱海自行車道ˍ大甲段","全長約12.1公里。 位於大甲區濱海之自行車道，沿途欣賞海岸風光及濕地生態，寓教於樂，適合親子同遊。","","437","臺中市","66000","大甲區","臺中濱海自行車道－大甲段","","","24.41975","120.60969","0.5-1小時","","","","","","","","","無障礙坡道","自行車道、無障礙景點","",""
"265","3","387300000H","柳原教會","柳原教會為臺灣基督長老教會於日治大正4年(1915)，依梅甘霧（Rev.Campbell N. Moody）牧師提供的英國教會圖樣所興建，隔年(1916)10月竣工。戰後，在舊教堂南側增建新聖殿，民國87 年（1998）又大興土木，完成地下停車場、主日學教室、辦公室、牧師館等。 柳原教會舊教堂為簡單的長方形平面，屬於早期基督教教堂的基本型式，稱為「巴西里卡」（Basilica）平面，其造價低廉，採光良好，視線絕佳。民國91年（2002）市府以其為中部最早創立之長老教會建築名作，見證本地區百年教會發展史，亦為臺灣歷史建築保存及再利用之佳例；保存區右側及後側之建築物，分別為1970年代及2000年代所加建，全區見證教會分為三期的百年發展空間歷程，公告登錄為歷史建築。以上文字轉載自臺中市文化資產處。","依活動而定","400","臺中市","66000","中區","興中街119號","","04-22222749","24.1461561","120.6811681","1-2小時˙","","","* 南下：中清路交流道下，往台中市區走中清路接大雅路接公園路，至興中街左轉。* 北上：中港路交流道下，往台中市區走台中港路（臺灣大道），至五權路左轉，至公園路右轉，至興中街左轉。","公車站牌臺中公園（三民路）> 台中客運100路，台中客運41路光復國小（三民路）> 巨業168路仁愛醫院（中正路）> 台中客運146路臺灣體大游泳池 > 統聯50路中興堂 >全航58路","","","","","公共電話、公車站","宗教寺廟","","文化類"
"266","109","387300000H","紫雲巖","主祀觀世音菩薩的紫雲巖，建於清康熙年間，三百年來多次翻修整建，民國六十一年至民國六十九年歷經八餘年的擴大重建工程完成後，煥然一新。在地人習慣稱紫雲巖為「觀音亭」，是中部地區重要的信仰中心之一，並興建文化大樓結合宗教、文化、觀光等，成為清水知名的景點。紫雲巖的正中央為好幾落的大殿，左右各有一座三層樓的鐘樓，琉璃瓦閃耀的光芒，層層相疊，直伸殿後，正殿主祀觀世音菩薩，為二層樓建築，令人目炫的藻井裝飾，使廟貌顯得富麗堂皇。文化大樓的外觀具有中國傳統風格與宗教氣息，設有閱覽室、廟史館、藝文活動中心、圖書館、書報期刊室、兒童室、大禮堂及香客房等設施。由正殿向後面走，有一座小花園，園內奇石假山、小橋流水、繁花異木處處，設計匠心獨運，園中並立有乾隆43年所遺古碑一座，為廟中古物之一。名聞遐邇的紫雲巖，吸引許多外來客遠道而來參拜，不論是假日或平日，香客總是絡繹不絕。 ","","436","臺中市","66000","清水區","大街路206號","","04-26225500","24.27112","120.57929","1-2小時","","宗教場所請勿大聲喧嘩。","由北南下，開車者可由高速公路中清交流道下，往清水方向走即可達，或由台1線省道轉入市區。","","內有停車場。","http://www.tzuyunyen.org.tw/","","ChIJbWx0qoATaTQRa87VwTYEB8o","公共電話、停車場、公廁、公車站","宗教寺廟","","廟宇類"
"267","144","387300000H","張家祖廟","張家祖廟於日治時期（明治37年）興建，二戰以後，歷經幾次大修，現存的臺中張家祖廟坐西朝東，是一座兩進兩廊四護龍的四合院祠宇建築。祖廟前有寬廣的前埕及半月形的門口塘，建築格局與中部地區的傳統民居似，建築本體以中軸線左右作法各有不同最具特色。以上文字資料取自臺中市文化資產處。","周一公休周二至周日開放上午 9：00-12：00下午13：00-17：00","407","臺中市","66000","西屯區","安和路111 號","","04-23582805","24.17611","120.62205","0.5-1小時","","參觀民眾請由福星路與福星北路交叉T字路口旁張廖家廟廣場小公園進入。","由中港交流道下高速公路，往臺中港方向，安和路左轉，直行即可抵達。","臺中客運22、27、47、48、103、106、108線或仁友客運38、39線可以抵達。","","http://www.tchac.taichung.gov.tw/building?uid=33&pid=7","","ChIJnRvvif89aTQR3MYrM4OW28M","","宗教寺廟","","廟宇類"
"268","161","387300000H","台中城隍廟","城隍爺是民眾的信仰中心。城隍爺奉祀城隍尊神、關聖帝君、註生娘娘、城隍夫人、天上聖母、福德正神、文昌帝君、文 判官、武判官、謝將軍、范將軍、牛爺、馬爺、陰陽司公。城隍爺原由前清台中知縣黃承乙於光緒十年公元一八八四年建於本市東區樂業里，即今台中糖廠廠址。 甲午戰爭後台灣蒙塵，原廟址被日人改建為糖廠，神位經播遷者再。民國十年，由林子瑾、吳子瑜、林焰墩、林祖藩、賴慶炎、林澄坡等仕紳發起，在台中市南區合作街九十四巷五十號重建新廟，以迄至今。台中市城隍廟所奉祀的城隍爺是管理原省轄臺中市的地方官，由於民間的信仰篤定虔誠，城隍廟至今香火仍非常鼎盛，而每年農曆六月十五日則為城隍爺的祭典日，也是當地宗教盛事，廟方會舉行隆重的祝壽祭典。從農曆六月初起，廟中便湧入從各地而來的大批香客，除了祭典，也會有遊行、演戲等民俗活動，因此，廟前的戲台也會鑼鼓喧天上演酬神的戲碼，呈現一番熱鬧景象。","週一 至週日06:00~20:00","402","臺中市","66000","南區","合作街94巷50號","","04-22875350","24.1285411","120.6812482","1-2小時","","宗教場所請勿大聲喧嘩。","臺中後火車站復興路西行，至合作街左轉，至建成路前即可抵達。","可搭臺中客運31、32、36、100、103、107、108、135至臺中路下車。","附停車場。","https://www.facebook.com/profile.php?id=100064467138896","","ChIJz9gHTRo9aTQRyC2LSjz_mT4","停車場、公廁、公車站","宗教寺廟","","廟宇類"
"269","162","387300000H","慈善寺","全台聞名的佛剎─台中慈善寺，前身為慈善堂，建於光緒十八年，也是清末台中市的佛教道場之ㄧ。光復後的台中佛教，日本宗派撤離，中國大陸佛教傳入。台中佛教進進入另一嶄新局面。1955年慈善堂改名慈善寺，在善智、律航、廣化、振光諸師的相繼住持之下，寺務漸興。慈善寺建廟歷史悠久，民國五年日據時期由林通等地方人士創建「慈善堂」，迄台灣光復後，由律航法師主持，從事整頓，樹立道風，以持戒念佛為宗旨，為慈善寺建立深厚基礎。民國五十二年振光法師接任住持，發願整頓老舊佛寺，經多方奔走募款，完成大雄寶殿、安老院、華藏塔等工程，慈善寺規模初具，民國六十年並舉行第一屆護國千佛大戒，此乃佛門盛事，儀式莊嚴隆重盛況空前。民國七十三年，慈善寺再度翻修，擴建講堂、齋堂、寮房等多項建設，歷經二十年的努力，振光法師銳意革新發揚光大，建築宏偉的慈善寺已成為全台知名的莊嚴佛剎。民國八十年，惠空法師成立「財團法人台中慈善寺文教基金會」，創辦佛學院與台中觀音線，以慈悲為懷的精神加入社會服務行列。民國八十七年成立「財團法人台灣省台中市慈善寺」，民國九十年由宏燦法師接任董事長，除推動寺務並廣開善門，在講堂推廣藝文活動，走入社區與民眾結緣。慈善寺寺貌，壯觀雄偉，庭園風光雅致，環境清幽，儼然成為北屯地區郊遊觀光之勝地。近年來在宏燦法師的主持下，積極走入社區，推廣書法、鋼琴、插花等課程，並以入世精神與民眾結緣。","週一至週五08:30–11:30、14:00–17:00，週六日公休","406","臺中市","66000","北屯區","天津路四段198號","","04-22337182","24.1686506","120.6907657","1-2小時","","","由中清交流道下高速公路，網市區方向直行至文心路左轉，昌平路右轉即可抵達。","臺中客運14、34線，仁友客運3線可以抵達。","","","","ChIJg-xkbecXaTQRA6O7ovpLVQc","觀景台","宗教寺廟","","廟宇類"
"270","165","387300000H","萬春宮","1721年（康熙六十年），台灣發生朱一貴事件，總兵藍廷珍奉命平亂，於是，藍廷珍親赴湄洲朝天閣，恭請聖母正身，隨船保護來台，登台後，將聖母駐奉祀於台南大天后宮，亂事平定後，再迎聖母奉祀於大墩庄店（今天台中市三民路一帶），定名為「藍興宮」媽祖廟。後因年代久遠，建築受風雨侵蝕，地方仕紳募資整修，並更名為萬春宮。經日治時期拆毀、光復後重現，力圖恢復莊嚴肅穆的舊觀，除舉行慶成大典，向媽祖禮行三獻，以酬謝聖恩，並陸續修建正門「天后閣」牌樓，於廟門額書「入得之門」，宣導媽祖信仰除了本身具有敬天畏神的宗教性質外，信徒的德性修持亦能彰顯孝順之德行。","6:00~22:00","400","臺中市","66000","中區","成功路212號","","04-22245964","24.14214","120.68165","0.5-1小時","","","於中港交流道下，往台中市區方向行駛（台中港路），至平 等街左轉，到成功路交叉口即可抵達","可搭臺中客運8、14、15、32、34、36、108線至興中街下車。請於台中站下車，車站前之道路為中正路，至平等街右轉，到成功路交叉口即是","","http://www.lswc.org.tw/","","ChIJt33WyGw9aTQRpyZFZtWD8CY","","宗教寺廟","","文化類、廟宇類"
"271","609","387300000H","大甲鎮瀾宮","大甲區鎮瀾宮據說是清雍正8年（西元1730年）自湄洲天后祖廟恭請媽祖神像來臺。後因香火鼎盛，於雍正10年（西元1732年），在臺中市大甲區大甲里興建小祠，直到乾隆35年（西元1770年）改建小廟為「天后宮」，乾隆52年（西元1787年）重建，才被載於臺灣淡水廳水獻中。往後由大甲士紳屢次發起重建並改為「鎮瀾宮」。每年農曆三月初「遶境進香」場面浩大，追隨的信眾無數，各地廟宇均有迎媽祖的慶祝活動。大甲區鎮瀾宮媽祖繞境進香相傳已有數百年的歷史，主要是為了增添神像的靈氣。每次進香的人數之龐大，規模之壯觀，受到海內外的學術界和大眾傳播界的重視與研究。大甲區鎮瀾宮建築有前殿、後殿、南北殿、南北室、鐘鼓樓等，都佈滿了人物、花鳥、走獸等石刻木雕，精雕細琢，色彩絢麗。內正殿供奉媽祖，南殿供有貞節媽祖。廟前龍柱為精細渾厚的石刻鏤雕，屋頂佈滿五顏六色的人物、花鳥、走獸剪黏，檐下大片雕飾按金，正殿神龕周遭更是富麗，層層疊飾，金碧輝煌，散發出華麗不俗的莊嚴氣象，鎮瀾宮歷經多次整修，使殿宇建築更加穩固宏偉，雖部分古物因時代更迭未能保存，但仍保留乾隆與光緒年間的珍貴匾額，見證歷史軌跡。 ","","437","臺中市","66000","大甲區","順天路158號","","04-26763522","24.34523","120.62357","1-2小時","","宗教場所請勿大聲喧嘩。","國道1號→台中系統交流道→國道4→臨海路(台17)→西濱快速道路(台61)→大安港路(132)→大甲市區。","火車：搭乘火車至大甲火車站，步行約200公尺即可到達大甲鎮瀾宮。客運：1. 由台北北站搭乘台汽客運往大甲方向至大甲站即可到達大甲鎮瀾宮。2. 由台中市區搭乘台汽客運往大甲方向之班車至大甲站即可到達大甲鎮瀾宮。3. 由台中總站搭乘豐原客運大甲方向之班車至大甲總站即可到達大甲鎮瀾宮。","鎮瀾街小客車停車場、遊覽車停車場。","http://www.dajiamazu.org.tw","https://www.facebook.com/Dajiamazu/?locale=zh_TW","","遊客中心、展示館、公共電話、停車場、公廁、公車站","宗教寺廟","","廟宇類"
"272","759","387300000H","梧棲真武宮","日治時期曾於昭和10年(1935)震災後重修，就整體廟宇建築而言，尚能保有原本閩南式寺廟的建築風格與形制。寺廟坐北朝南，三川殿、拜殿、正殿格局完整，然因建築基地較為狹小，拜殿延伸而與三川殿相接，至為特殊。三川殿門面尚為木作，是為硬山式建築，大木結構造型典雅，瓜筒造型優美，屬泉派之作法，線條流暢簡潔，細部裝飾樸實素淨，完全展露地方匠藝的傳統風貌。為避開沿海強烈的東北季風，真武宮建築整體高度較低，營造出獨具一格的沉穩氛圍，並因此完整保留傳統廟宇原貌，成為梧棲老街珍貴的文化資產。文字出處：臺中市文化資產處","週一至週日08:00-21:00","435","臺中市","66000","梧棲區","西建路104號","","04-26574890","24.25667","120.52899","0.-1小時","","","","","","https://www.tchac.taichung.gov.tw/building?uid=33&pid=25","","ChIJx_dkQcsUaTQRtsBPw3R8VCA","","宗教寺廟","","廟宇類"
"273","809","387300000H","豐原慈濟宮","位於中正路與信義路交叉路口，慈濟宮是豐原地區民眾的信仰中心，主祀天上聖母-媽祖。創建於清雍正年間，迄今已有兩百多年歷史，初名為「觀音亭」，日治時期曾被充為學校，日治大正6年(西元1917年)在地方士紳張麗俊先生積極推動下修繕廟宇，奠定慈濟宮今貌的基礎。後經郭石來先生與多方人士努力下，於九二一大地震後再度以仿古修復，並完成慈濟大樓、文化大樓等工程。慈濟宮另設有圖書館、頌經團、慈明團等。正殿供奉媽祖，同祀神明為神農大帝、文昌帝君、觀音菩薩、地母娘娘、註生娘娘等。前慈濟宮主委曾表示：「引炷入爐，不如誠心向天；求神禱拜，毋寧修身自持」。信徒只要誠心向天，修身自持，雙手合十參拜也可。每年的媽祖聖誕前夕，慈濟宮會舉行祭典，場面莊嚴。媽祖聖誕(農歷3月23日)即有繞境活動，是每年一度的重要慶典。","","420","臺中市","66000","豐原區","中正路179號","","04-25223184","24.25167","120.71901","0.5-1小時","","","","由臺中火車站步行約134公尺，到達臺中火車站，搭乘55、6500、6501、6504、6506或6603路公車到達媽祖廟，再步行約 54 公尺到達慈濟宮。","","https://www.fyma.com.tw/","","ChIJnyn6XA8aaTQRR4e6QAtYq2k","遊客中心、販賣部、公共電話、公廁、公車站","宗教寺廟","","文化類、廟宇類"
"274","812","387300000H","金陵山宗教休閒園區","金陵山宗教休閒園區座落於霧峰，視野開闊，環境清幽。園區整體以步行參觀為主要方式，空間配置明確，動線規劃完整，適合安排半日以上的參訪行程，讓遊客在自然環境中從容走覽園區建築之美。圓滿教堂為園區內主要的宗教建築之一，外觀融合古羅馬、巴洛克、洛可可與哥德式建築語彙，建築量體完整而醒目。教堂內部採十字形空間配置，透過屋頂引入自然採光，使光線隨時間變化灑落於室內，搭配彩繪玻璃與宗教藝術，營造層次分明且莊重的參觀氛圍。白陽聖廟展現東方宗教建築的穩重風格也是園區最具代表性的建築物，建築線條簡潔內斂，空間安排講求秩序與寧靜，提供信眾與遊客進行參拜與短暫停留之用，與園區內西方宗教建築形成風格對照，呈現多元宗教文化並存的景觀特色。至善園為園區重要的戶外景觀空間，園內綠意豐富，步道平緩，串聯園區各主要參觀節點，適合遊客散步、休憩與欣賞園景，使整體參觀節奏更加舒緩。整體而言，金陵山宗教休閒園區結合宗教建築與自然景觀，參觀內容以靜態走覽為主，適合文化參訪、宗教觀光及景觀導向之旅遊安排，為區域內具特色之觀光景點。","","413","臺中市","66000","霧峰區","峰谷路900號","","04-23331777","24.03269009","120.7199702","1-2小時","成人：100元，團體票（40人以上）：80元，優惠票：50元","社會大眾皆可自由參觀、歡迎遊覽車預約參觀、專人解說。若遇寺廟舉辦法會活動時，遊覽車參觀恕不開放。","從臺中往霧峰方向→中正路(台3線)到霧峰左轉峰谷路→沿金陵山指標前行即可(於峰谷國小旁)","1. 台中市公車100在省諮議會下車。2. 台中市公車103、107、108在光復新村（坑口）下車。","備有大型停車場。","https://mituobliss.com/","","ChIJQ52DFPUlaTQR6CEElAFH-BY","停車場、公車站","宗教寺廟","","其他"
"275","1443","387300000H","靜宜大學_主顧聖母堂","屋頂的玻璃十字架在陽光的照射下，呈現出不同的光影變化；教堂自空中可俯瞰出魚的外型，及通往大門的一條筆直路徑，處處巧思傳達了聖經的寓意，因此成為婚紗拍攝的新地標。彌撒時段不開放參觀，但歡迎入內參與禮儀。","週一至週五：12:00~17:00、 週六：13:00~17:00、 週日：09:00~12:00、13:00~17:00 (10:00~11:10舉行彌撒感恩祭，不開放參觀，但歡迎入內參與禮儀)","433","臺中市","66000","沙鹿區","台灣大道七段200號","","04-26328001","24.2258027","120.5771913","","","","","","","https://chapel.pu.edu.tw/","","ChIJGQvINFMUaTQRc_ibKhjEZxU","","宗教寺廟","","廟宇類、藝術類"
"276","1455","387300000H","白陽聖廟","斥資10多億，歷經20多年打造的「一貫道祖師紀念館-白陽聖廟」，仿北京天壇，全棟外牆採用景泰藍，純銅鑲崁金碧輝煌，面積、高度均比北京天壇大，足以甚稱為今古奇觀，曠世鉅作。全棟高54米，內坪300坪，外坪300坪，天壇造形三層屋簷，象徵天、地、人，內部中間四支大柱代表著一年四季春、夏、秋、冬，分給12個月，再分給24節氣，將道之宗旨結合在建築物中，實現陳 前人老的目標，也讓全世界的道親一同參與，為實現彌勒家園而努力。文字出處：臺中市政府民政局","","413","臺中市","66000","霧峰區","峰谷路900號","","(04)2333-8899","24.0307982","120.71872","","入場門票一人$50元，停車費一台$50元","","","","","https://www.baiyangtemple.com/","https://www.facebook.com/p/%E7%99%BD%E9%99%BD%E8%81%96%E5%BB%9F-%E5%A4%A9%E5%A3%87-100064208404181/","ChIJ9aG0vdYkaTQRJjMT-O2H0sw","停車場","宗教寺廟","",""
"277","1641","387300000H","元保宮","◎建廟年代清乾隆56年(1791)，三川殿、正殿建築於日大正13年 (1924)落成，迄今233年。◎神明介紹						保生大帝			黑面保生大帝			殷岳元帥							趙康元帥			關聖帝君			文武財神							觀世音菩薩			月老星君			註生娘娘							十八羅漢			五斗星君			道姥元君							太歲星君			文昌帝君			至聖先師							魁斗星君			神農大帝			玄天上帝							三官大帝			城隍尊神			濟公禪師							玉皇上帝			東華帝君			瑤池金母			◎慶典活動1.每年農曆春節、元宵－燒火獅、放煙火、提燈籠2.每年農曆三月十日至三月十五－保生大帝聖誕遶境3.每年農曆七月－中元普渡祈安法會4.每年農曆十二月－叩謝太歲、圓滿禮斗◎特殊保存文物「平頭案神桌」、「文普仙蹤」陽刻牌匾、「影柱達觀」匾、「鼓架」、「頂桌」「賴厝庄保生大帝鉎鐵大鐘」、「三足八卦紋鉎鐵爐」、「閤族蒙庥」匾、「澤潤生民」匾。以上圖文由北區公所及元保宮協助提供。","","404","臺中市","66000","北區","梅川西路三段109號","","04-22052123","24.1628328","120.676291","","","","路線1：國道一號下大雅交流道->中清路往市區方向直走->至進化北路左轉續行->於梅川西路右轉即可到達路線2：國道三號轉74號道路->太原路交流道下->左轉直走過地下道直走太原北路->梅川西路左轉約100公尺即可抵達","【搭乘高鐵High Speed Rail】臺中烏日站下，建議轉搭計程車或臺中公車33號，於大道公廟(進化北路)站下車【搭乘火車train】臺中火車站下，建議搭乘計程車或臺中公車25、33、52、61號在大道公廟(進化北路)站下車【搭乘公車Bus】搭臺中公車25、33、52、61號在大道公廟(進化北路)站下車；搭臺中公車6、9、29、32、101、108號在中清忠明路口站下車","","https://www.yuanbao.org.tw/","https://www.facebook.com/taichung.yuanbao.temple/","ChIJIfgiPn09aTQRkcAjatiUa2M","停車場、公廁、無障礙坡道","宗教寺廟","",""
"278","1835","387300000H","大肚萬興宮","臺中市大肚區的萬興宮是歷史悠久的廟宇，也是大肚區的重要信仰中心，有頂街媽祖廟之稱。擁有悠久的歷史和豐富的文化底蘊，在地方社區中佔有重要地位，同時也是地方慶典和活動的舉辦地點，是香客來臺中大肚區旅遊參拜的重要廟宇之一。","","432","臺中市","66000","大肚區","榮華街154號","","04-26993956","24.1592683","120.5449972","","","","","","","https://www.dadu.taichung.gov.tw/980667/980668/980670/980676/984001/","https://www.facebook.com/p/%E8%87%BA%E4%B8%AD%E5%A4%A7%E8%82%9A%E8%90%AC%E8%88%88%E5%AE%AE%E5%A4%A7%E8%82%9A%E9%A3%9B%E5%AA%BD-100064934640312/","ChIJwTh9KJo_aTQRZGmV041dphY","無障礙坡道","宗教寺廟","","廟宇類"
"279","1838","387300000H","三陽玉府天宮","三陽玉府天宮也被稱為龍井天公廟，占地約三公頃，主祀玉皇大帝，被譽為全台最大的天公廟，擁有莊嚴的建築和深厚的文化底蘊，金碧輝煌的外觀看起來氣勢磅礡，其中特色便是兩米的巨大龍香及香爐，可供信徒鑽爐腳，因此吸引許多信眾前來祈福。","","434","臺中市","66000","龍井區","竹師路二段112巷50號","","04-26352690","24.19116464","120.5528203","","","","","","","","https://www.facebook.com/Sanyang.Yufu.Jade.Emperor.Temple?mibextid=ZbWKwL","ChIJPXOyIGAVaTQRkOxJ0q3X8sU","停車場、無障礙坡道、無障礙停車位","宗教寺廟","","廟宇類"
"280","1839","387300000H","太平會幕堂","夢幻的外觀，彷彿走入童話世界裡。⁣原本教堂是鵝黃色的外牆，重新粉刷後成為浪漫粉紅色，成為IG熱門的打卡景點。提醒：太平會幕堂位於社區巷子內，拍照時請勿喧嘩，也請注意不要影響交通","","411","臺中市","66000","太平區","中平路順昌巷77弄4號","","04-22782330","24.1283549","120.7187319","","","","","","","","","ChIJtUlYTMkiaTQRgr9vIm4uKfQ","無障礙坡道","宗教寺廟","","廟宇類"
"281","967","387300000H","鎮瀾文化大樓","成立宗旨鎮瀾宮為弘揚媽祖文化，推動民俗才藝活動，發展地方藝文風氣，提昇地方文化水準，利用鎮瀾宮和平營盤口段土地興建鎮瀾文化大樓，民國七十九年十二月廿九日(農曆十一月十三日)舉行鎮瀾文化大樓奠基盛典。 設計理念大樓規劃六熡，仿國父記念館外型設計，內設有中小型會議室、媽祖文物館、圖書館、舊廟五朝門及文物等。樓層介紹B1 華年廣場提供給石雕、木雕、雕塑、國畫、書法、水墨、手工藝、盆景、各種大型藝術、民俗 文物展示用。1F、2F 演藝廳座位786位，提供給各界機關團體 、佛教、托兒所、幼稚園、畢業典禮、說明會、才藝比賽、各類表演、演講、頒獎、表揚、說佛講經、大型演唱會用。4F 會議廳提供給各界機關團體開說明會，研討會用。","大樓內部未開放參觀，開放時間可洽連絡電話。","437","臺中市","66000","大甲區","和平路223號","","04-26763566","24.3539722","120.6211581","1-1.5小時","免費","","開車：路線1：國道三號 → 大甲交流道下 → 往大甲方向(甲后路)行駛 → 中山路右轉 → 育英路左轉直行，即抵達路線2：國道一號 → 后里交流道下 → 往大甲方向(甲后路)行駛 → 中山路右轉 → 育英路左轉直行，即抵達","公車路線可搭乘97、181、211區、213路公車","","http://www.dajiamazu.org.tw/content/culture/culture02.aspx","","ChIJPQeiQAcOaTQRXpAj_JIaYA4","展示館、停車場、公廁","宗教寺廟、地方展館","","文化類"
"282","178","387300000H","金華山媽祖文物館","                           導覽解說：■有 □無 ■預約制預約電話：04-26765678其他服務：■ DIY體驗：紀念造型馬口鐵、木製小宮燈、紀念存錢筒 ■ 文創小舖","週二至週日，09:00-17:30(週一休館、例假日除外)","437","臺中市","66000","大甲區","光明路119巷9號","","04-26765678","24.3440692","120.6207656","","一樓開放參觀，二樓以上展廳須參觀費用。一般民眾$150：可抵消費$50。優待$100：年滿65歲，身高90cm~150cm 12歲以下孩童；可抵消費$50。特惠$50：身高90cm以下孩童3歲以下孩童，身心障礙者，大甲區居民，志願服務榮譽卡。","","","1.開車：循鹿港鎮中山路即可以到達該館2.大眾運輸：無","","http://www.mazu888.com.tw/","https://www.facebook.com/ghs5678/?EMPLOYEES=","ChIJP7RZb_8RaTQRUap3OvicWOM","","宗教寺廟、特色文化","",""
"283","832","387300000H","梧棲朝元宮","梧棲早期的居民主要是以「討海」為生，朝元宮大殿上「永康四海」之匾額是最好的寫照，座落在梧棲老街上的朝元宮，在地鄉親一向恭稱為「媽祖宮」，宮內供奉的主神，即民間俗稱媽祖婆的天上聖母，對媽祖婆的信仰在梧棲是非常重要的，因為早期梧棲的居民以漁業起家，無論是與中國之間的通商貿易，或是直接和海洋博鬥的漁撈及近海養殖，都得祈求海上守護神媽祖庇祐風平浪靜、一帆風順。朝元宮現保存一尊「開基媽」，因係分靈於中國福建湄州祖廟天后宮，據傳為鹽務司爺林殷德由湄洲租廟恭請聖像至梧棲奉祀，其後於咸豐年間在梧棲的西海岸上興建媽祖廟，因所恭迎之媽祖聖像為湄洲祖廟昇天洞中六尊開基媽祖之一，故信眾皆稱此聖像為「開基媽」 。","","435","臺中市","66000","梧棲區","梧棲路140號","","04-26562387","24.25645","120.52975","0.5-1小時","","","國道3號(清水交流道轉國道4號往臺中港方向)→接省道17號→轉中棲路往臺中市方向→第一個紅綠燈左轉約150公尺即達。","","","https://www.facebook.com/wucimazu/","","ChIJ62iwbssUaTQRBeIv1xOsk9Q","","宗教寺廟、特色文化","","文化類、廟宇類"
"284","963","387300000H","磐頂教會","台灣目前有三座船型教堂，包括磐頂教會，位於台中市龍井區；加拉教會，位於桃園縣復興鄉拉拉山卡拉部落；以及樟原教會，位於台東縣長濱鄉樟原村。位在龍井區的磐頂教會，是目前保存相當完整的建築，船艙外壁外圈配色為天空藍、中間為白色，船艙外壁漆上地中海建築的藍與白，與天空相互輝映，猶如一艘航行海上的巨型大船，看那獨特醒目的外觀，很快就成為當地熱門景點之一。藏身於東海大學商圈巷弄裡的磐頂教會，是繼東海路思義教堂之外，台中海線地區另一造型別致的教堂，於1983年完工的磐頂教會，其獨特的船身外型，是根據聖經故事中的諾亞方舟建造而成，連牆上的船錨、提燈等裝置，皆與聖經相互呼應。醒目的建築加上帆船型外牆後，讓磐頂教會建築主體宛如諾亞方舟的船屋，也使造訪的虔誠信徒感到格外的安心。完工已近三十年的磐頂教會，以明亮藍白系為主軸，讓人感覺開朗又寧靜，而園藝造景都與諾亞方舟有關，別具巧思。","週日早上主日崇拜","434","臺中市","66000","龍井區","遊園南路361巷15號","","04-26312522","24.1774568","120.5834218","0.5-1小時","","宗教場所請勿大聲喧嘩。","國道1號→中港交流道→直行台中港路三段(東海大學、龍井方向)→遊園南路左轉→遊園南路361巷左轉即可到達。","1. 淙豐原客運台中總站搭乘往沙鹿方向的班車，於國際街口下車。2. 於仁友客運綠川西站搭乘35號公車往東海大學方向，於東海大學站下車。3. 台中客運22、46、47、103、106線或仁友客運38、39線可以抵達。","附有停車場。","https://www.pct.org.tw/churchdata.aspx?strOrgNo=C05017","https://www.facebook.com/PanDingchurch","","停車場、公廁、公車站","宗教寺廟、特色文化","","廟宇類"
"285","1505","387300000H","大里杙樹王公","大樹的本體為茄苳樹，當地流傳一段嘉慶君遊台灣的民間故事，內容為嘉慶君一人行經這棵大樹，被匪徒襲擊時，樹上降下一紅衣異人擊退敵人。而另一版本是嘉慶曾在此樹避雨，因此這棵大樹被封為「樹王公」，又因枝葉茂密狀如傘，而有別稱「涼傘樹王公」。","","412","臺中市","66000","大里區","東興路633 巷201號","","","24.0985712","120.6639075","","","","","","","","","ChIJjYg_l2E8aTQR9RJFVP43P18","","宗教寺廟、特色文化","",""
"286","41","387300000H","臺中市孔廟","現今的孔廟雖以宣揚儒學為主，但對其他學說亦兼容並蓄，而有先儒先賢之陪祀。來到臺中孔廟，可了解孔廟緣起、孔廟建築群、祭孔大典儀節、大成樂章、孔廟文物、孔廟聖賢事略、禮運篇大同章、八佾舞動畫等介紹。孔廟也是舉辦大型藝文活動、拍攝影片或講習會的最佳場所。建築型式本有典籍可循，惟為審慎再三斟酌，除參考曲阜縣誌及闕里文獻等外，尚廣徵學者專家意見，且為了與相鄰的忠烈祠（清代宮殿式建築與彩繪）做區分，最後決定採用宋代宮殿式建築，以取其渾厚、雍穆、樸實而壯觀，而平面配置係參照曲阜孔廟佈置規模縮小而成。孔廟建地總面積為23,653.20平方公尺，建築物總面積為2,363.88平方公尺。因是古典建築，是臺灣少有的宋式型式，結構複雜多變，裝飾繁疊細緻，在施工上如混凝土之澆灌，由模板組立至鋼筋排紮，每一細部皆精確校正，外表粉飾裝修，尤須棈工細琢。孔廟各殿宇彩繪亦全部採用宋式，以捲草花卉為主，用顏色的深淺來描繪造型，施工相當細膩且繁複，可說是全臺少有的建築典範，值得民眾研究與欣賞。孔廟整體建築群包括下列建築元素：牌坊（道貫古今、德侔天地兩座）、照壁、櫺星門、泮池前院、觀德門、毓粹門、燎亭、瘞所、大成門、大成殿、東廡、西廡、崇聖祠等，可說是全臺最為完備的孔廟之一。除了平面圖仿曲阜外，同時引用曲阜建築語彙名詞與元素，例如觀德門、毓粹門，有別於閩南式建築的禮門、義路等，雖是鋼筋混凝土的新建建築，但孔廟建築復古精神與整體形象表達，堪稱是中國古典式樣新建築的先驅。 ","上午9：00至下午5：00，星期一休館","404","臺中市","66000","北區","雙十路二段30 號","","04-22342264","24.15432","120.68997","1.5-2小時","免費參觀","宗教場所請勿大聲喧嘩。","臺中火車站右行建國北路至雙十路即可抵達。","41路. 131路. 142路. 163路.BRT綠能街車(右環)藍2東南客運：7路.67路公車至「臺灣體大體育場」或莒光新城下車 豐原客運：51路、270路、271路、276路、277路公車至「莒光新城」或「臺灣體大體育場」下車 全航客運：65路公車至「莒光新城」或「臺灣體大體育場」下車 高鐵快捷公車：159路「莒光新城」下車 統聯客運：50路.56路.59路.73路.81路公車至「莒光新城」或「臺灣體大體育場」下車 彰化客運：99路公車至「莒光新城」下車","路邊設有停車格。","https://www.confucius.taichung.gov.tw/","","","遊客中心、展示館、公共電話、停車場、公廁、公車站、解說簡報、網路","宗教寺廟、教育資源","","廟宇類"
"287","133","387300000H","台中南天宮-關帝聖君","南天宮目前樓高六層，每層供奉神祇有：至聖先師、精忠岳武穆王、財神爺、福德正神、月下老人、文昌帝君、聖母娘娘、註生娘娘、觀世音菩薩、保生大帝、玉皇大帝﹑南斗星君﹑北斗星君﹑孚佑帝君、玄天上帝、天官大帝；登上六樓向下望，台中東區街道盡收眼底，讓人頓覺心曠神怡。","","401","臺中市","66000","東區","自由路三段309 號","","04-22111281","24.14292","120.69537","1-2小時","","","臺中火車站沿建國路、雙十路至自由路右轉即可抵達。","搭乘臺中客運33路或是台中市公車75路在明功堂醫院下車。","","","","ChIJxUc0t0Y9aTQRFm_J0nNoAfQ","無障礙廁所、無障礙坡道、無障礙電梯、無障礙停車位","宗教寺廟、無障礙景點","","廟宇類"
"288","271","387300000H","樂成宮","台中市旱溪媽祖廟一「樂成宮」之歷史淵源，溯自乾隆初年，林氏祖先渡台拓墾，為冀求一帆風順及其墾業順利，遂恭迎湄洲天后宮之「老二媽」金尊一道來台，林氏一行人，行經至本宮現址，因神靈顯異，乃擇定聖地，暫奉祀神祇於此。時光荏苒，眾等皆拓墾有成，有志人士乃於清朝乾隆十八年﹙公元１７５３年﹚，毅然創建「樂成宮」於現址，供信徒 朝夕頂禮膜拜。迨至大正十年〈公元１９２1年〉，因人口增加，聚落形成，為因應日益增加之信眾，旱溪庄保正林源泉、張昧、賴為堯三人，乃有重建廟宇規模之議，遂協同地方熱心人士林大發、龔顯柴、賴為堯、林阿堂、林同、林均等人，推動重建工程，工程萬端艱辛，歷經數載之施工，廟宇正殿於大正十三年〈公元 １９２４年〉建造完成，三川殿於昭和四年〈公元１９２９年〉竣工，及至民國八十年擴建後殿，「樂成宮」宏偉莊嚴完整之廟宇建築終告呈現。綜觀「樂成宮」的創建、修賈、擴建，有如一部地方開拓史。依據清道光十二年〈公元１８３２年〉之《彰化縣誌祀典志》中記載，縣內天后聖母廟計有二十一座，其中載有「一在旱溪庄」，因此足資證實，「樂成宮」在前清道光年間，即已屬縣內著名之媽祖廟。簡　　介：奉祀主神：天上聖母〈媽祖〉 奉祀配神：觀音佛祖後　　殿：一樓 - 聖父母、玄天上帝、關聖帝君、斗姆星君 六十尊太歲將軍　　　　　二樓 - 玉皇上帝、觀音佛祖、註生娘娘　　　　　　　　文昌帝君、五路財神爺、月老星君、華陀先師 建立地址：台中市東區旱溪里旱溪街四十八號 創建年代：清朝乾隆十八年〈西元一七五三年〉重建年代：正殿：民國十三年、歲次甲子，西元一九二四年 前殿：民國十七年、歲次戊辰，西元一九二八年 廂房：民國八十年，歲次辛未，西元一九九一年增建年代：後　　　殿：民國八十年，歲次辛未，西元一九九一年 建築總面積：二、二四五．三九九平方公尺","","401","臺中市","66000","東區","旱溪街48 號","","04-22111928","24.1407","120.69802","1-1.5小時","","","從臺中火車站直行至自由路右轉，至旱溪旁右轉旱溪西路，旱溪街再左轉即可抵達。","可搭黃線高潛力公車(朝馬→黎明新村→樂成公園)在樂業路口下車","","http://www.lecheng.org.tw/Index.aspx","","ChIJvdhTU0Y9aTQRHvQRHvobfZM","無障礙坡道","宗教寺廟、無障礙景點","","文化類、古蹟類"
"289","164","387300000H","萬和宮","萬和宮在清康熙二十三年，前浙江定海總兵張國提倡創建，並由張、廖、簡、賴、黃、江、何、楊、戴、劉、陳、林等12姓氏，捐資創建，命名為萬和宮。萬和文化大樓五樓的「麻芛文化館」，是萬和文教基金會接受文建會指導，在民國九十三年十月廿四日設立。這是台中市第一座民間地方文化館，展示內容包括：南屯區的歷史軌跡、黃麻輝煌史、珍品典藏、麻芛文化在南屯，以及創意藝廊等五大區域。定位為地方歷史暨常民文化館。「麻芛文化館」每逢農曆初一及十五，以及周休假日開放參觀，由導覽志工隊派員解說服務。 萬和文化大樓的地下室為餐廳；一樓為辦公室、二樓為會議廳、三樓為圖書館、四樓為文物館、五樓為麻芛文化館。大樓面向萬和宮廟埕，背臨犁頭店溪畔，高聳矗立，外貌雄偉壯麗，環境幽雅，五樓頂上增建一樓作為「眺望樓」，可以西望大肚山嵐美景，東眺台中市區，南屯舊街風貌盡收眼底，頗具詩情畫意。 歷史悠久、香火鼎盛的萬和宮，至今仍保有全國僅有、已經傳承將近兩百年的字姓戲重要民俗廟會活動。道光五年（西元一八二五年）農曆三月廿一日起開演字姓戲。首日為漳洲戲，22日廣東戲（即潮州、嘉應州、惠州等），24日泉洲戲，25日汀洲戲，接著就是各姓氏的字姓戲、謝神戲與兵仔戲，持續一、兩個月，迄今歷代不斷，已成為地方重要傳統民俗活動。","AM 6：00~PM 9：00","408","臺中市","66000","南屯區","萬和路一段51號","","04-23893285","24.13786","120.63926","1-2小時","","宗教場所請勿大聲喧嘩。","由中港交流道下高速公路循中港路方向直走，至黎明路右轉，遇南屯路再右轉續行，遇萬和路即可抵達。","可以搭乘30、40、29、54、72及75號公車","設有停車場。","http://www.wanhegong.org.tw/","","","公共電話、停車場、公廁、公車站","宗教寺廟、樂齡專區","","文化類、廟宇類"
"290","278","387300000H","寶覺寺","寺內以友愛鐘樓、七寶塔、彌勒大佛塑像三樣建築最為著名，其中全身彌勒佛塑像高有七層樓是寶覺寺最醒目的指標，也成為來訪遊客駐足拍照的定點之一。大佛前有一庭園廣場，又叫同心公園，園內陳列了許多小歡喜佛，或斜倚，或端坐，各具姿態。廣場上還陳列了一個80年前的運煤火車頭，古意盎然。而友愛鐘樓的樓頂安置有日本人所贈送重達一千台斤之大鐘，另地藏殿前方設有紀念空間，每年所到之日本觀光客不勝之數。","9:00~17:00","404","臺中市","66000","北區","健行路140號","","04-22335179","24.1591683","120.687711","1-2小時","","","由中清交流道下高速公路，往市區方向直行至大雅路，遇健行路左轉直行即至。","搭乘台中客運6、12、14、15、16、34、36、100、102線或仁友客運1、2、21、31、32、27可抵達。","","","","","公車站","宗教寺廟、樂齡專區","","廟宇類"
"291","335","387300000H","臺中市文昌公廟","台中市文昌公廟，位於南屯區南屯里文昌街100號。南屯區昔日為平埔族巴布薩人貓霧社所活動的生活領域，清領（1684）後，漢人入墾日盛，於雍正四年（1726）即開墾有成，建立萬和宮（今萬和路一段51號，市定古蹟），供奉媽祖。又本地為昔日半線城（今彰化）至葫蘆墩街（今豐原）之中途站，以打製犁頭等農具聞名，故稱「犁頭店街」。據清道光《彰化縣志》卷五〈祀典志〉所載，清道光以前，彰化縣內共有七座文昌帝君祠，其中「一在犁頭店街，嘉慶二年，歲貢生曾玉音等捐建。」可知「犁頭店文昌祠」由歲貢曾玉音發起倡建於嘉慶二年（1797），與西螺街外之文昌祠同為彰化縣內最早建立之文昌帝君祠，為今台中地區文化之發祥地。創建之初，係由簡姓族人以其洪源一世祖簡會益與先祖南京主事簡貴信之名義捐獻基地，並由歲貢曾玉音集資，擇址於今南屯市場處建廟，命名為「犁頭店文昌祠」，即本廟創建之名。依大正13年(1924)版《宗教台帳》記載之祠會組織，有嘉慶19年 (1814)由陳日新創設「新蘭社」。嘉慶24年（1819）由張天德發起創立「騰起季」（又名文林社）。同治6年（1867）成立「崇文社」。光緒2年 (1876），由烏日區學田庄陳吉輝發起成立「大觀社」。由各社集資購置田地，其放租與收成所得，於文昌祠廂房設置鄉學，聘請地方碩儒執教，推動地方文風，培育英才。並每年在文昌祠舉行兩次鄉試，頒發膏火（學費）獎勵，促使地方人才輩出，而享有台中地區文化發祥地之盛名。而大觀社為本廟唯一僅存之祠會，每年農曆8月10日於本廟舉行祭典。乙未（1895）割讓後，台灣與澎湖成為日本殖民地。日治明治三十一年（1898）借用本廟為「犁頭店公學校」校舍，明治三十八年（1905）始遷至今南屯國小現址。文昌祠的建物格局與建地面積之考據，依日治大正年間調查之《宗教台帳》記載，已發展為坐東北朝西南，三開間正殿帶拜亭及左右兩廂房，廟前並有一堵照壁，建物共約94坪，整體佔地則約660坪，廟域堪稱宏敞。而當時所奉祀之主神，僅有梓潼帝君、朱衣帝君、魁斗君等三尊神像。  ","","408","臺中市","66000","南屯區","文昌街100號","","04-23891827","24.13798","120.63861","1-2小時","","","由中清交流道下高速公路，直行至文心路左轉，見到昌平路左轉即可抵達。","臺中客運14、34線仁友客運3、27線","","http://www.wcgt.org/","","ChIJmYM23sg9aTQR_wSNPtJMiAM","公廁、公車站","宗教寺廟、歷史古蹟","","文化類、廟宇類"
"292","355","387300000H","張廖家廟","參觀民眾請由福星路張廖家廟公園園區進入西屯張廖家廟於光緒12年（西元1886年)倡議興建，獲得族人響應，至日治時期明治42年（1909）開始動工，大正5年（西元1916年）完成所有建築。張廖家廟是由三川殿、左右護龍及二個山門連接形成一格局頗為壯闊的長形立面，由空中鳥瞰，可發現三川殿透過二條過水廊連上拜殿、正殿形成封閉性的空間，此空間於祭祀儀典時正可顯現其神聖性。精緻的木結構的彩繪、屋樑上具有鎮邪和穩定大樑作用而造型奇特的獅座，以及藍漆圓窗配以灰色條紋的萬字圖案，其協調而樸拙的建築藝術風格表露無遺。","參觀民眾請由福星路張廖家廟公園園區進入：星期二至星期日9:00~17:00  ;  星期一公休","407","臺中市","66000","西屯區","西平里西安街205巷1號","","04-27057979","24.18231","120.64562","1-1.5小時","","參觀民眾請由福星路與福星北路交叉T字路口旁張廖家廟廣場小公園進入。","由臺中交流道下高速公路，直行臺灣大道，遇河南路左轉，福星路左轉，至西安街右轉205巷內。","台中市公車可搭乘45、63、125、157、藍13 號路線公車前往。於福興西安街口下車後步行即可到達。","","https://www.tchac.taichung.gov.tw/building?uid=33&pid=8","","","公共電話、公廁、公車站、解說簡報","宗教寺廟、歷史古蹟","","古蹟類、廟宇類"
"293","835","387300000H","大甲文昌祠","位於大甲區文武路上的大甲文昌祠，其建築與工藝文化保存完繕。 大甲文昌祠建於西元1887年(清光緒13年)，又稱文昌宮、孔子廟，廟裡供奉文昌帝君、孔子與韓愈，文昌祠的興建，開啟了大甲地區的教育風氣。文昌祠最早為義塾，是大甲地區首開設立的學校。現在的文昌祠，香火鼎盛，尤其考試季節，廟裡更擠滿了考生、家長，帶著供品前來祈求考試順利。從文昌祠的格局、彩繪、雕刻等都可見傳統工藝的文化的精瓍，值得現代人去了解與欣賞。近年來在各方人士的努力下，相繼舉辨許多像是獅藝文化等藝文活動，不僅別具文化傳承意義，也凝聚了地方居民的情感。導覽解說：■有 □無電話：04-26803401駐點時間：每週六、日10:00-12:00其他服務：光明燈、祈福卡、以米代金等","每週一~週日07:00-19:00","437","臺中市","66000","大甲區","文武路116號","","04-26803401","24.34776","120.6228","1-1.5小時","","","由臺中火車站步行約198公尺，到達臺中站，搭乘168路公車到達大甲站，再步行約 518 公尺到達大甲文昌祠。共經過 78 站。","","","https://www.facebook.com/djwenchang","","ChIJcXlFLQAOaTQRaFGbMcSbiUw","展示館、停車場、公車站","宗教寺廟、歷史古蹟","","廟宇類"
"294","1449","387300000H","社口萬興宮","本宮建於清雍正年間，已近三百年，歷史悠久。雍正九年大甲西社番亂，總土官潘敦仔率其子士萬、士興及通事張達京，統領壯丁平番亂有功，於雍正十一年張達京率士萬、士興上京受賞，蒙賜蟒袍(現存張氏家族)。返台時感於聖母恩澤，特赴湄洲天后宮恭請天上聖母神靈，奉祀於神岡社南瓦磘腳(因籌建廟宇需琉璃瓦、磚等料特建窯燒瓦，故稱瓦磘腳)，後因地理欠佳移廟現址。萬興宮的由來傳有取士萬、士興，社口昔為岸裡大赦之出入口，漢人入墾後稱此地為萬興莊而得名。 圖文出處：台中神岡社口萬興宮","5:00 -21:00","429","臺中市","66000","神岡區","昌平路五段337號","","04-25626090","24.2453951","120.6840539","","","","","","","https://www.facebook.com/profile.php?id=100064878180342","","ChIJu1oHhzQXaTQRY9a1jW4b3yw","","宗教寺廟、歷史古蹟","",""
"295","1453","387300000H","臺中清真寺","台中清真寺座落於台中市南屯區大墩南路457號，民國79年建成竣工，民國109年全面新裝完成，是目前全台灣最具伊斯蘭風格的建築，也是中部地區唯一的伊斯蘭建築的地標，新裝的建築參考伊斯蘭聖地麥地納先知清真寺的色彩及元素，有宏偉的白色大穹頂，兩座高聳的喚拜塔以及粉桔色的外牆中搭配著十一座黑白相間仿石材的大拱門，堪稱全台最美的清真寺。台中清真寺宏偉莊嚴同時設有環保的太陽能發電設施，109年榮獲台中市政府盧秀燕市長頒發屋頂綠能貢獻奬，擁有綠能宗教場所的殊榮。並於民國109年入選中華郵政出版代表台灣形象的年度郵票，台中清真寺己成愛好攝影人士及各地遊客喜愛的打卡景點。歡迎訪客預約入內參觀，預約電話：04-24732519文字出處：臺中市政府民政局","教友：每日4:30-21:00。一般民眾，採預約制：每日09:00-17:00對外開放（預約請至台中清真寺粉絲專頁填寫預約參訪表單）","408","臺中市","66000","南屯區","大墩南路457號","","04-24732519","24.1362054","120.6497922","","","","","","","","https://www.facebook.com/TaichungMosque/","","","宗教寺廟、歷史古蹟","",""
"296","213","387300000H","昇和香菇農園","一般來說，香菇是種植在培養土之中，然後依不同的種類，培養出不同的菇菌，在採收過後這些培養土大部分都會丟棄，而昇和香菇園則是利用廢棄的培養土，拿來繁殖獨角仙與鍬形蟲，還製成標本，每當小朋友來到這邊的時候，都會對這些昆蟲充滿興趣，而園長也會詳細的介紹。園長也會帶領小朋友們參觀各式各樣不同的美麗昆蟲，並教導小朋友尊重生命，讓小朋友們來此進行一趟知性之旅。昇和香菇農園非常適合小朋友到此一遊，不僅有活蹦亂跳的昆蟲可以觀賞，小朋友們還可以透過園長的導覽解說了解昆蟲的生長過程，另有精美的昆蟲標本，帶小朋友到此一遊保證會讓他們滿載而歸。","8:00~17:00","426","臺中市","66000","新社區","協中街263號","","919825497","24.1984165","120.8012221","1-2小時","","早晚溫差大，民眾到此遊玩建議多加件外套，以免著涼。","中山高速公路接國道四號，下東勢自豐勢路右轉往石岡國中，自此沿著山路蜿蜒而上，約15分鐘即可抵達新社鄉。從台中走文心路接東山路，抵大坑經中興嶺往谷關方向到協成村，沿指標即可以到達。","可在台中或豐原火車站對面公車站搭乘豐原客運。","","https://www.facebook.com/profile.php?id=100064208496721","","ChIJL_ZgqDUZaTQRZQUM4QiDXUA","展示館、停車場","花園農場","","生態類、小吃/特產類、休閒農業類、遊憩類"
"297","265","387300000H","福壽山農場","福壽山農場位處臺中梨山南側五公里的山坡上，海拔高2,100至2,614公尺之間，合歡山與雪山等群峰環抱，佔地約八百多公頃，原為安置榮民栽種溫帶水果、高冷蔬菜與高山茶葉的純農業經營型態，因社會變遷，傳統農業日趨沒落，配合國家政策發展觀光休閒結合農業生產多角化經營，獨特的高山氣候環境，孕育出豐富的人文自然景觀，另有「臺灣小瑞士」美名。氣候四季變化分明的福壽山農場，十二月份各有不同的美麗風情，相當引人入勝，宛如來到世外桃源。春季百花爭艷，櫻花、李花、桃花等花卉相繼綻放，適合漫步花海、拍照留念；夏季氣候宜人，黃金貓耳葉菊盛開點綴山谷，適合避暑踏青、露營觀星；秋季物產豐收，蘋果、水蜜桃、水梨等果實纍纍，適合採果體驗、觀賞晨曦夕陽；冬季景觀蕭瑟，楓葉紛紅飛揚，梅花枝頭開展，白雪覆蓋山頭，適合賞楓、眺望雲海山嵐，感受猶如北國般迷人的異國情調，令人難以忘懷。農場內部設施與服務規劃完整，用餐、住宿、觀光、導覽一應俱全，可在最高處的天池觀夕照俯瞰雲霧山海、古色古香的日式建築松盧前賞楓紅，或是製茶廠旁賞波斯菊花海，都是此處很熱門的活動行程。此處出產的農特產品更廣為大眾喜愛，特別像是蜜蘋果，香甜可口，汁多肉脆，以及福壽長春茶也頗負盛名，清香甘醇、喉韻無窮，被品茗者奉為珍貴極品，時常供不應求。","AM06:00~PM21:30","424","臺中市","66000","和平區","梨山里福壽路29號","","04-25989202","24.2494676","121.2461894","2-4小時","1.全票NT$100元2.優待票NT$80元－軍公教(現職)、原住民族、學生(國中、高中、大學)、陸一特、僑胞卡、團體(20人以上)。3.半票NT$５0元－長者(65歲以上)、兒童(國小/6歲以上未滿12歲)、低收入户。免費(僅收保險行政費) NT$20－榮民與第二翔退除役官兵(本人與其隨行之配偶或直系血親)。身心障礙者(與其必要陪伴者1人)、榮譽志工、幼兒(未滿六歲)、設籍台中市和平區居民、持數位榮福卡(本人)。停車費(維護清潔費)大型車:每輛NT$100元（甲、乙類型大客車等）小型車:每辆NT$50元（自小客車、貨車等）機車:每輛NT$20元（二輪或三輪車輛等）","","臺北走北宜或濱海公路經宜蘭，轉台七省道往員山經牛鬥，接台七甲中橫宜蘭支線 經棲蘭、武陵、梨山到福壽山。 南下北上走中山高王田交流道經台14省道到草屯 ; 國道三號(二高)草屯交流道下往 埔里，經埔里往合歡山、梨山到福壽山。","國光客運： 宜蘭、羅東站每天各有二班次往梨山。 豐原客運：台中市經豐原、東勢、埔里、梨山，每天三班次，梨山到本場客運每天二 班次。花蓮客運：花蓮往梨山每天二班次。","","https://www.fushoushan.com.tw/","https://www.facebook.com/fssfarm","","遊客中心、展示館、販賣部、公共電話、停車場、公廁、觀景台、步道、公車站","花園農場","","生態類、國家公園類、休閒農業類、自然風景區類、遊憩類"
"298","344","387300000H","公老坪會館農場","會館大樓會館大樓是公老坪會館全新完工的新大樓，環境優美、設備完善，優越的地理條件，位於台中豐原區，豐原球場旁，綠樹環繞，恬靜清幽，離塵舒適的好地方。10分鐘車程進豐原鬧區；國道四號豐原交流道下10分鐘車程到會館，居中台灣中心點。會館一樓大廳接待處設有客服中心、商務網路資訊區、休憩區、便利店..等。會館大廳接待處接待大廳簡潔俐落的陳設，明亮的設計空間，舒適寬敞，服務親切。商務中心提供免費上網服務，亦可自備手提電腦無線上網，並提供傳真及影印之服務。室內休憩區可以來一泡好茶、喝個茶聊聊天。還有露天楊桃休憩區、就在一樓大廳的落地窗旁，休憩咖啡座對外的視野寬闊，讓您自然自在的享受、香醇咖啡。商務資訊中心，提供免費電腦使用及寬頻上網服務，以及書報雜誌，給您片刻休憩閱讀與上網。親親便利屋提供許多商品，陳設簡潔俐落，便利明亮的空間，有文具用品、活動商品、零食泡麵、冰冷飲品、裝飾品及農特產品和紀念品....還有現磨平價咖啡。會議室從30-250人高級會場五間，有專業不同需求的會議設計及功能，除了專業的音響設備及燈光設備加上最新專業影視（電腦資訊投影）廣播系統設備。是中部專業級的會議場所。第一會議室：會館大樓(3F) 第二會議室：會館大樓(2F)采 豐 廳：會館大樓(2F) 高級會議室：田園大樓(2F) 101會議室：田園大樓(1F)餐飲廳秉持著新鮮衛生、美味口感，所有的菜餚全是專業廚師用心料理，純然鄉村口味，多變的料理、紮實的口感，色香味俱全的餐宴，真讓人食指大動。同時提供有中、西式精緻套餐、自助Buffet、各式精緻點心料理，適合公司團體、社團聯誼或家族聚會，餐會自助Buffet。)美食廳：會館大樓(1F)采豐廳：會館大樓(2F)田園生活咖啡館：咖啡廣場(1F)田園茶莊：咖啡廣場(3F)住宿會館公老坪會館提供您休閒舒適的庭園住宿環境，房間均可獨攬明媚風光，有中部的夜景．．也有遠望群山，盡入眼簾美不勝收，特別規劃有雙人套房、親子雙大床套房、四單床套房，方便來賓住宿安排，不論是公司活動，家族聯誼均是很好的選擇，讓您感受全家踏青,舒適的住宿環境，讓您享受悠遊自在的田園風情遊。住宿會館大樓，座落位於農場園區之中，環境優美。可提供200人的套房住宿。烤肉區烤肉區分戶外庭園烤肉區及團體烤肉區:◆戶外庭園烤肉區，位於果園旁，被綠樹包圍，有鄉村烤肉的樂趣。(戶外庭園烤肉區能容納100人。)◆團體烤肉區，位於半室內屋簷下，可遮陽避雨，並設有舞台是大型團體最佳的烤肉場地。(團體烤肉區能容納450人，並設有KTV舞台。)◆農場提供有碳烤味風全套餐，除了有新鮮入味的烤肉材料，同時也提供熟食服務、讓我們吃起烤肉餐來更加方便豐富。果樹觀賞區農場規劃有果樹觀賞開放區，一年四季全年開放參觀，同時配合農場專業導覽介紹..透過風趣的口語來介紹。當然果樹生態的奧妙更是深入淺出的有趣。有婆羅蜜、嘉寶果、神秘果、樹葡萄...種植多種奇珍異果樹及各種果樹解說課題。還有稀有水果可參觀像長在樹上的葡萄，樹上的咖啡豆哦。農場也特別規劃，學生戶外教學參觀活動專案。歡迎各級學校單位預約參觀。採果區公老坪農場有十餘公頃，種植果樹數拾種，一年四季都栽培不同節令，可成熟的果實。由於公老坪位於中央山脈分脈一台地，海拔四到五百公尺左右，早晚間有一定的溫差，使這裡栽培的果樹長得特別好，這裡的土壤土質好以及陽光日照數又比其他地方長，所以成熟的果實甜度比較高。農場採果區依季節性及果實成熟期，開放遊客新鮮品嚐、讓您全年採不完。(開放採果種類請參考水果成熟期)。田園藝術館農場與藝術結合，這座藝術館收藏先民遺留的古老農具與郭奇康先生近百幅作品，長期開放給遊客觀賞。最值得一提的是這位年過半百的智慧型樸素藝術家，真是台灣畫壇的寶貝，他的創舉不僅在於其個人畫風的經營，更可佩的是致力於【藝術落實鄉土】的推動與實踐。","週二至週日09:00~18:00，週一公休","420","臺中市","66000","豐原區","水源路坪頂巷12號","","04-25245907","24.2622125","120.7610587","1-3小時","","","◆國道：國道1號(中山高166K)、國道3號(中二高168K)→轉國道4號(往東向終點下右轉)→接省道3號往豐原(約168K處)(第三紅綠燈左轉)→富陽路(底左轉)→接水源路(行4公里)→公老坪。◆縱貫路：苗栗→后里→省道台13往豐原→轉豐原大道六段→(直走接五段)→轉水源路(行4公里)→公老坪。台中→潭子→省道台3往豐原→轉圓環東路(省道台3約170K處)→轉水源路(行5公里)→公老坪。","請於豐原撘豐原客運223車往公老坪，車程約30分鐘","","http://www.gorop.com.tw/","","ChIJ1Q1O7q8baTQR9Uc3A15LSi4","停車場、公廁","花園農場","","休閒農業類"
"299","813","387300000H","食水嵙休閒農業區","食水嵙溪是大甲溪的支流之一，全長約15公里，除提供飲用水及農田灌溉外，更擁有許多水生動植物，生態資源豐富且多元，是自然生態教室也是體驗大自然的最佳去處。食水嵙休閒農業區結合區內多元生態及遊憩資源，包括有景觀木橋情人木橋、五福臨門神木、樹之王觀光植物花園等知名景點，位於情人木橋旁的石農廣場則設有石農咖啡，是食水嵙休閒農業區中重要的景點之一，區內設有石農廣場河岸觀景台。石農咖啡美食館位於情人木橋旁，海藍配上純白色，簡單的建構營造出地中海式的風格，彷彿來到異國鄉村。情人木橋位於食水嵙溪上，全長40公尺，寬3.5公尺的木橋，最大特色是整座橋沒有橋墩支撐，材質是北美進口大原木，特聘美國技師親自來台指導，引進具防震性木橋技術的景觀膠合木橋，夜間燈火點亮，營造浪漫氛圍，另週邊亦設有石農廣場河岸觀景台。沿途風光明媚、景色宜人，已成為臺中市熱門的休閒旅遊景點之一，騎單車感受食水嵙自然景觀，暢遊於綠色隧道，透過大自然療癒心靈。主題遊程：梨饗石岡趣~像極了愛情、季節性主題農業遊程~愛妳愛妳幸福花海活動、採果體驗、咖啡體驗等。生產作物：椪柑、枇杷、葡萄、高接梨、桃子等。休區景點：情人木橋、東豐自行車綠廊、石農咖啡館、觀光果園。【交通指南】【開　　 車】走國道四號由豐原交流道下，沿臺3線往東勢的方向行進約5公里，即可到達休閒農業區範圍。【大眾運輸】由豐原市區搭乘往東勢或卓蘭的豐原客運，在情人木橋下車即可到達本休閒農業區核心地帶。","全天開放","422","臺中市","66000","石岡區","九房巷127號","農業局","04-25721246#36","24.2758371","120.780605","1-2小時","","","走國道四號由豐原交流道下，沿臺3線往東勢的方向行進約5公里，即可到達休閒農業區範圍。","由豐原市區搭乘往東勢或卓蘭的豐原客運，在情人木橋下車即可到達本休閒農業區核心地帶。","","https://www.agriculture.taichung.gov.tw/313734/post","","ChIJ2xwDJ3EbaTQR_tB0Mis4gq0","觀景台、步道","花園農場","","生態類、休閒農業類、遊憩類"
"300","816","387300000H","馬力埔休閒農業區","馬力埔休閒農業區榮獲110年休閒農業區評鑑茁壯獎殊榮，內有豐富水果和花卉，結合花海發展在地農特產品及採果採菇賞花多樣體驗、原生植物、溼地生態解說，讓新社花海的美麗感性和知性兼具，區內更有具歷史意義的古厝，老厝中有豬寮、古井、大灶等、馬力埔彩繪小徑、導覽解說及水頭水尾古樹，為超過400年2棵老樟樹，歷史人文與自然生態展現現代農村美感，週邊亦有休閒旅遊設施與景點，包括休閒農場、觀光休閒果園、特色美食。每年結合新社花海節，展售臺中市休閒農業區農特產品及體驗遊程，宣傳本市休閒農業旅遊景點與特色，吸引遊客造訪。除有大面積的繽紛花海景觀之外，結合庭園佈景方式、農場特色作物、山城多元文化之艷麗景緻圍繞與作物生態，營造戶外庭園之虹彩，值得前往遊賞體驗，來趟浪漫臺三線小旅行。終點與馬力埔遊憩區相通，彩繪出新社農村的景象，包括豬寮、農舍、果園及菇園等，懷舊的農村景色，喚起早期農村的那份單純與美好。主題遊程：慢活.漫遊新社趣農遊小旅行、甜蜜花趣、新社花海季暨農事體驗、杏鮑菇菜泡菜DIY、手做咖啡體驗等。生產作物：菇類、枇杷、葡萄、高接梨、桃子、文心蘭、百合花等。休區景點：馬力埔彩繪小徑、新社花海、雙翠湖(夢幻湖)。【交通指南】【開　　 車】高速公路: 台中市大坑→中興嶺→129縣道→馬力埔社區 國道1號中清交流道→中清路→崇德路→松竹路→東山路→大坑→中興嶺→129縣道→馬力埔社區","全天開放(需先知會協會 0926620597)","426","臺中市","66000","新社區","永源里中和街一段118號","農業局","04-25811511#278","24.2220262","120.7935328","1-3小時","","","國道1號下豐原交流道，轉台3線往石岡，在東勢大橋前「土牛」轉接129線道至新社。國道1號下台中交流道，從台中市區出發走台3線至太平，在轉接12縣道經大坑抵達新社。","搭客運或火車到臺中或豐原，搭豐原客運台中往中興嶺的班車，抵新社市區。","","https://www.agriculture.taichung.gov.tw/313730/post","","ChIJMZoD3jQdaTQRtTofRwr8BbU","步道","花園農場","","休閒農業類"
"301","1420","387300000H","國光假日花市","每當週六、日，往往擠滿了愛花、愛園藝的人前往採購，花市後方有停車場，交通便利。假日休閒的日子，不妨扶老攜幼一起到大里國光花市來享受一下綠意盎然、百花齊放的園藝世界。","每周六、日9：00 至 18：00","412","臺中市","66000","大里區","國光路二段100號","","04-24832770","24.10322","120.68242","1-2小時","","","","","","http://www.ttfa.com.tw/flora.php","","ChIJJculIQQ9aTQRb_X7MDQa2k4","停車場、公車站","花園農場","",""
"302","258","387300000H","酒桶山","海拔977公尺的酒桶山並非形似酒桶，而是山峰連綿如九個水桶，其間產業道路迂曲蜿蜒，別具特色。山頂平台休閒農場、民宿花木扶疏，從觀景台上可俯瞰整個大臺中、彰化和南投，山脈丘壑溪流盡在眼前，經常連臺灣海峽海面往來船隻也清晰可見。日間有晨曦雲海、傍晚有橘紅夕陽、夜間有美麗夜景，尤其雨後，雲海盤踞山間，峰巒或沒或出，猶如海上小島，山谷中千變萬化雲海引人入勝。","","411","臺中市","66000","太平區","東汴里酒桶山","","","24.13814783","120.8143115","","","","","","","","","ChIJ8-0bh1kfaTQRhUTTnVeb7Ok","","花園農場、生態之旅","","生態類、自然風景區類"
"303","810","387300000H","優恩蜜溫室蔬果觀光農園","優恩蜜溫室蔬果觀光農園所採用的經營方式是以栽種品質優良的蔬果，如：各式番茄、玉米、甜椒等，吸引消費者前往園區，並且親自體驗採果的樂趣。對首次前往的旅客，園方會給予仔細地解說，讓消費者了解園內的產品特色以及簡單的栽種過程。園區也接受團體預約套裝行程，讓遊客體驗親手DIY種植蔬果，詳盡的解說讓遊客也可以在家中種出安全健康又好吃的蔬果。","週二至週日08:00-17:00(週一公休)","422","臺中市","66000","石岡區","豐勢路391之10號","","933443320","24.2674412","120.8043428","1-3小時","","","下4號國道左轉豐勢路，往東勢至台三線北上160K處即到","","","https://www.facebook.com/TheFruitFarmYouAndMe","","ChIJX_ODyYEcaTQR1WeF1y--wCM","","花園農場、生態之旅","","休閒農業類"
"304","974","387300000H","梨之鄉休閒農業區","梨之鄉休閒農業區榮獲107年和110年休閒農業區評鑑卓越獎和模範獎的殊榮，整合軟、硬體規劃包含梨文化館導覽、開放觀光採果、咖啡及蘭花生產、登山步道、特殊景觀、自然森林生態、陶藝木雕漆藝工程等，區內滿山遍野果園，鮮豔翠綠，果農工作穿梭其中，構築最美的景色。沿途中，路旁的落羽松在秋天時期更顯色彩繽紛，高聳五葉松蒼綠勁挺，在每個轉彎都能發現新的視野、新的驚奇，登上頂峰，不同的時節與氣候，或許會發現雲海，或雲霧繚繞，或夕陽餘暉，一年四季有著不一樣美麗奇景！由於地勢較陡峭，林相也非常豐富，五葉松、落羽松、櫸木、楓香、櫻花、油桐樹等，入秋之際，整個山頭悄悄的換上色彩鮮豔的外衣，美不勝收，梨之鄉休閒農業區，是一處可以讓洗滌心靈，放鬆心情的地方，晚上可以看星海，聽蟲鳴鳥叫自然野趣，享受大自然的生活體驗，歡迎大家來享受慢食、慢活、慢遊的慢生活。本區內有豐富的生態環境，並以友善環境方式經營，且近年積極復育螢火蟲有成，於每年4月開始的賞螢活動結合當地客家美食－大地餐桌的農遊套裝行程，已成為梨之鄉休閒農業區的年度盛大活動之一。梨樹認養期間，可事先與果農預約，親自到農園體驗從嫁接梨穗到套袋種植過程，感受大自然農村環境優美與樸實風光，品嚐鮮採水果最新鮮的原味，把美好旅遊記憶通通帶回家。主題遊程: 螢戀梨之鄉賞螢火蟲、獨角仙生態、高接梨文化導覽、國蘭組合盆栽、陶藝DIY、漆藝體驗DIY、梨樹認養、梨果巴士、阿尼斯特地景藝術佈置體驗農樂活動、野餐。生產作物：高接梨、蘭花、甜柿、柑橘、火龍果、咖啡、各類筍子、梅子、桃子等。休區景點：穿霧步道、五葉松林、落羽松林、櫸木土地公。【交通指南】【開　　 車】走國道一號或三號接國道四號往東，走至底，接豐勢路左轉往東勢方向，過東豐大橋右轉，於東關路七段與第一橫街左轉，接東崎路四段242號即可到達","","423","臺中市","66000","東勢區","東崎街四段242號","","04-25881829","24.25464","120.84898","2-2.5小時","","","","","","https://pearshomeland.com/?fbclid=IwY2xjawKQCcNleHRuA2FlbQIxMABicmlkETFsTkl2bW1LWHB5dUgwQzZWAR4_v2cQhp5l7MdiOtNbXRDY1h7E2esvHM48xZNxeToGqebxLAFIei3qeJ4Vsg_aem_MCi4DusImla6JH0UKqLVUg&v=255a5cac7685","https://www.facebook.com/top.grafting/?ref=embed_page","ChIJR6VEKxYdaTQRLn_a0Iz7E3Y","步道","花園農場、生態之旅","","休閒農業類"
"305","975","387300000H","水流東休閒農業區","水流東休閒農業區榮獲107年和110年休閒農業區評鑑茁壯獎的殊榮與第一屆金牌農村競賽優等，外埔區以葡萄產業及製酒產業最為著名，素有「葡萄酒的故鄉」之美譽，另外結合特有「水流東」河階台地景觀、桐花步道、高鐵觀景台、農夫市集等景點，推廣深度農村旅遊。在地農產品透過農夫市集展售，達成地產地銷，並可直接了解食物的生產過程，且強調從農場到餐桌的最短食物里程，不定時亦推出市集活動。　步道位於水流東休閒農業區內，是賞油桐花私房景點，沿途綠蔭遮蔽，在地有專業導覽解說員導覽豐富的動、植物自然生態資源。每到花開的季節，欣賞桐花如下雪般的美景，感受浪漫又具療癒的桐花美景。四季主題遊程：臺中農JOY來遊程、水流東紅酒食農教育、葡萄樹下的餐桌、水流東紅酒音樂祭、紅酒路跑變裝嘉年華、洋蔥紅酒、氣泡酵素及紅龜粿DIY等。主要生產作物：水稻、紅龍果、葡萄、高接梨、花卉等。景點：桐花步道、公婆樹、高鐵觀景台、農藝傳坊、虎腳庄農夫市集、耕牛園-文心蘭園等。【交通指南】【開　　 車】．國道一號下往麗寶樂園走月眉東路，右轉月眉南路到底，左轉月眉西路即可到達。．國道三號下大甲交流道走三環路接甲后路往后里方向，左轉月眉西路即可到達。【大眾運輸】從台中火車站搭區間車至后里車站，步行約4分鐘至后里國小搭155號公車至月眉站下車，步行約16分鐘即可到達。","","438","臺中市","66000","外埔區","月眉西路588號","農業局","04-26832311#205","24.32177345","120.6886869","1-1.5小時","","","","","","https://www.agriculture.taichung.gov.tw/313736/post","https://www.facebook.com/waipu.sldata#","","遊客中心、無障礙廁所、無障礙坡道","花園農場、生態之旅、無障礙景點","","生態類"
"306","372","387300000H","薰衣草森林 台中新社店","我們希望來這裡的客人都可以感受到，生活中難得的寧靜與在寧靜後身、心、靈的滿足感與豐厚的踏實，在薰衣草森林您可以隨興的看看書、 聊聊天，或者坐在樹下聽風的聲音，用全身的每個感官去感受自然環境的變化。感謝您不辭辛勞、不畏路途遙遠，來到薰衣草森林。 我們誠心歡迎您到山上走走，看風入林間，聽山川草木唱歌。或是體驗三五天的山居歲月，過一種簡單樸實的生活，認識、照顧香草，學做手工餅乾與香草料理。","平日10:30~18:30，假日10:00~18:30","426","臺中市","66000","新社區","中興街20號","","04-25931066","24.1284777","120.841348","1-3小時","進入園區須購買入園券（不分平假日）全票：200元(贈送市值200元以上入園禮乙份)免費：12歲以下孩童、好厝邊鄰居(新社區中和里)、身心障礙及一位陪同","","經台中市台中市 → 大坑 → 中興嶺 → 協中街 → 新六村 → 中和 村 → 薰衣草森林經卓蘭、東勢、豐原、石岡往谷關方向經台3線省道 → 東勢 → 台8線省道至龍安橋 → 轉中95道路 → 白冷圳 → 中和村 → 薰衣草森林經谷關、國姓往東勢、豐原方向經台8線省道至龍安橋 → 轉中95道路 → 白冷圳 → 中和村 → 薰衣草森林1號國道北上方向過清水休息站，南下方向過大甲收費站，轉四號國道 → 接台3線省道 → 石岡 → 東勢 → 台8線省道至龍安橋 → 轉中95道路 → 白冷圳 → 中和村 → 薰衣草森林","搭乘高鐵至「高鐵台中站」，直接轉搭計程車至薰衣草森林。搭乘台鐵至「台中站」後，直接轉搭計程車至薰衣草森林。","","https://www.lavendercottage.com.tw/","https://www.facebook.com/lavender2001","","販賣部、停車場、公廁、觀景台、步道、解說簡報、無障礙坡道","花園農場、無障礙景點","","生態類、休閒農業類、自然風景區類、遊憩類"
"307","633","387300000H","新社花海(農委會種苗改良繁殖場第二農場)","活動時間：每年11月~12月舉辦新社花海，歡迎民眾前往享受花香。花海中心種植各類波斯菊品種，賞花步道廣設其中，但卻不破壞大區塊美感，呈現數大便是美的境界；圍繞著花海的外圍區域輔以種植植株較高的向日葵及太陽麻等，讓遊客尚未進入花海區時，即能於外圍或停車場區看見整片艷麗景緻。未辦活動期間，周邊道路四通八達，亦可在這騎自行車采風採菇，喜愛自然景觀的民眾，不妨選個風和日麗的好天氣造訪，既省錢又愜意。","","426","臺中市","66000","新社區","協成里協興街30號","","04-25825466","24.20332","120.80604","1-3小時","","","1.國道：由國道1號或國道3號轉接國道4號從豐原端下，至臺三線豐勢路後左轉 往東勢方向，循129縣道前往新社，沿花海標誌到達花海展區。2.省道臺三線：苗栗以北往南下經卓蘭、東勢，過大甲溪東豐大橋，土牛派出所前 左轉，循129縣道前往新社，沿花海標誌到達花海展區。3.臺中市區：北屯區東山路經大坑、東山樂園至中興嶺，沿花海標誌到達花海展區。","","","","","","展示館、停車場、無障礙坡道","花園農場、無障礙景點","","休閒農業類"
"308","337","387300000H","臺中線震災復興紀念碑","如果你坐火車經山線通過泰安站時，往窗外留意一下，便會發現一座『砲彈型』的建物立在鐵道邊，它就是『臺中線震災復興記念碑』。這個記念碑是為了記錄日治昭和10年(西元1935年)4月21日拂曉，在大安溪中游發生的強烈地震而樹立的。這次地震為當時的官營鐵道台中海線帶來未曾有的災禍。","隨時可參觀","421","臺中市","66000","后里區","泰安村泰安車站側","","04-25562116","24.32285","120.7491","0.5-1小時","","","從后里進入泰安，往左即可到達大安溪鐵橋及神秘洞，往右即可到達舊泰安車站，台中市震災復興紀念碑即在舊泰安車站。","(1)坐火車到豐原火車站，轉搭豐原客運(豐原－泰安－大甲)(很少班)，在泰安站下車。(2)坐火車到泰安火車站，再走路約20分可到舊泰安火車站。","","","","ChIJMWwaFCwFaTQRLdPRvyYi9Ao","步道","特色文化","","文化類"
"309","340","387300000H","追分車站","近來鐵路局所販賣的「追分－成功」紀念車票，使得車站又一度再現人潮。分站的站房有自己的特色，木材結構全部檜木搭建，建構相當紮實，許多地方更留有原木色澤；加上又是海線鐵路中少數改建的車站，因此受到鐵路局完善保護。","隨時可參觀","432","臺中市","66000","大肚區","王田村追分街13號","","04-26933106","24.12062","120.57018","0.5-1小時","","","高速公路下王田交流道延沙田路往大肚方向直行，行約1.5公里於追分街左轉即可抵追分車站。","從臺中站搭乘通勤電車至追分站下車。","","","","","公廁","特色文化","","文化類"
"310","349","387300000H","成功車站","雖是地方性的小站，卻承載著無數人的青春記憶。作為成功嶺的進出口車站，曾見證許多新兵入伍的腳步，也成為當兵旅程的一部分。近年因與追分站之間的「追分成功」紀念車票走紅，不少面臨升學考試的學子也特地前來祈福，盼能為自己的人生旅途添上好運的起點。。","隨時","414","臺中市","66000","烏日區","中山路三段550 號","","04-23371986","24.11422","120.59016","0.5-1小時","","","從王田交流道下高速公路，往臺中市區方向，至烏日成功嶺即可見。","從臺中站搭乘通勤電車至成功站下車。","","https://www.railway.gov.tw/tra-tip-web/tip","","","公共電話、公廁、公車站","特色文化","","其他"
"311","503","387300000H","忠信市場","忠信市場位於台中國美館對面，包括五權一街、五權西二街、五權西三街圍成的小區域。建造於民國50年代的忠信市場，在60、70年代時人口相當密集，隨著產業型態轉變，市場也逐步轉型。 現在，漸漸演變成藝術空間，這裡都是藝文工作者保留原有歷史建築風貌，再重新設計規劃的藝文空間。忠信市場可供遊客參觀，影像創作播放空間裡頭還有二手書籍和有機產品的販售。忠信市場企圖提倡一種生活美學及慢活的態度，或者做為一個自我的實踐領域，也讓新一代的藝術工作者可以交流的場地。逐漸地，忠信市場慢慢成為新一代藝術工作者或是對美非常有鑑賞的遊客們，都可以來這裡挖到許多寶物。 ","14:00~22:00 (實際營業時間依各店家為準)","403","臺中市","66000","西區","臺中市五權西路一段67號","","","24.1399266","120.663469","1-2小時","","假日人潮擁擠，建議步行或搭乘大眾運輸前往。","1.國道1號，中港交流道→中港路→右轉美村路→五權西路口→美術館→美術館對面。2.國道1號，南屯交流道→五權西路→美村路→美術館→美術館對面。","1. 高鐵搭高鐵至台中站下，再轉搭其他大眾運輸工具。2. 火車/公車搭乘火車至台中火車站下，轉乘(仁友客運)59、89號(後火車站搭車)；台中客運71號、統聯75號等市內公車至美術館→美術館對面。","路邊停車格或臨近停車場。","","","","販賣部、公車站","特色文化","","其他"
"312","766","387300000H","台中市魚市場ˍ哈漁碼頭","「哈漁碼頭」在2010年1月10日正式開幕，位於五權西路與環中路上的台中觀光休閒魚市場，曾為中部指標性的魚貨拍賣中心，現今轉型為具休閒魅力的觀光漁港，持續發展多元體驗。近年在農業局支持下不斷精進，除了規劃建置製冰廠、冷凍庫等強化冷鏈系統，持續提升市場交易品質外，也成立販魚所、煑魚所等零售與廚藝中心，提供市民購買新鮮國產、優質漁貨的場所，另與市府水利局合作成立「筏子溪水文化暨環境教育館」，幫助民眾認識環境生態。 ","","408","臺中市","66000","南屯區","環中路四段二號","","04-23811737","24.1482129","120.6216732","1-2小時","","","","","","https://www.tcfish.com.tw/","https://www.facebook.com/TCfishMarket","ChIJP_eu2Ng9aTQRRFWYAnzGC2o","販賣部","特色文化","","文化類"
"313","833","387300000H","國道臺中清水服務區休息站","國道三號上的清水服務區，被許多遊客喻為高速公路上最美的休憩站點，地處於中心的位置，提供給往來南北的旅客不只是休憩，還富有休閒的感受。 白天到黑夜，南來北往的旅客往返國道之間，清水服務區以遊輪意象為設計，如同揚起了風帆，加上頂層大型船桅裝置，像是徜徉在無限天際裡，航向遠方台中港的方向。服務區內的意象設計「清水夜明珠」，燈塔意象的精神地標，延伸出「清水光點、台灣飛帆」的主題概念，引領方向。服務區二樓則是絕佳的觀景平台，從日落到日出想像乘坐遊輪之中，遠瞭台中日夜風情。白天清晰明亮的大台中景緻，到了夜晚則成為觀星賞月、遠瞭台中點點星光亮起的絕佳高點，吸引許多遊客慕名而來，欣賞感受夜晚的寂靜之美。往返國道三號上，到了中台灣一定要進到清水服務區停歇，吃個飯、或是喝杯咖啡，靜靜感受、觀賞夜晚帶來的靜謚之美。","24hr","436","臺中市","66000","清水區","吳厝二街87號","","04-26201380","24.2816304","120.6013066","1-2小時","","","國道三號南下過大甲後，遇到清水服務區的指示牌即可進入國道三號北上過沙鹿後，即有清水服務區的指示牌。","","","https://www.freeway.gov.tw/CentralService/Qingshui/","","ChIJv5mb9uwTaTQRF3E5w9UwFJY","遊客中心、販賣部、停車場、公廁、無障礙廁所、無障礙坡道、無障礙停車位","特色文化","","文化類、其他"
"314","842","387300000H","縱貫鐵路海線清水車站","清水火車站與舊山線泰安車站在同一時期興建，也都在日治時期昭和十年(西元1935年)大地震中震毀重建，廊下列柱同樣是縮柱式但清水車站外牆以溝紋面磚貼飾，呈現樸素的美感，由於鐵道後方沒有高聳的建築，視覺景觀十分遼闊。站房候車室中內兩旁坐椅，鑄鐵製椅架曲線流暢優美，僅在有歷史的車站才可以見到的特有風情，車站曾獲選為臺中市歷史建築十景，民國93年4月公告為歷史建築。文字出處：臺中市文化資產處","","436","臺中市","66000","清水區","中正街115號","","04-26222021","24.26362","120.56918","0.5小時","","","國道3號下沙鹿交流道→走特一號高架道路往清水方向前進→於清水市區指標下交流道後左轉中山路→即可看見清水車站指標","","","https://www.tchac.taichung.gov.tw/historybuilding?uid=34&pid=75","","ChIJha_hEIYUaTQRt_1c2ytuRM0","公廁、公車站、網路、無障礙廁所、無障礙坡道、無障礙電梯","特色文化","","文化類"
"315","962","387300000H","光復新村","玩賞攻略◼️經典電影場景◼️青年創業文創基地◼️假日市集位於霧峰區的光復新村，是早期台灣第一個新市鎮，濃厚的眷村味，是拍攝婚紗取景的好去處，也有不少電影也在此取景。昔日，光復新村為省政府教育廳、衛生處、印刷廠員工的眷屬宿舍。資金為美援提供，並由當時的建設廳副廳長劉永楙到英國考察，帶回最新的「花園城市」設計概念，將工作、居住區合一，設計低人口密度、高比率綠地的生活空間。住戶最多時達四百多戶，內部公共設施完善，有學校、公園、市場等，環境清雅，街道整齊。村內具有台灣第一座雨水、污水分流的下水道系統，在台灣的都市建築史上有其特殊的意義。九二一大地震後三年，居民再度意識到閒置宿舍再公共化的價值，希望以社區生活博物館，引入藝術家的文化創意，讓光復新村脫離「省府宿舍」的宿命，轉化成與地震博物館相互輝映。然而，精省後的「光復新村」分屬中央各部主管，計有財政部、衛生署、教育部，使得管理與再利用均不易推動，同時，在法令限制下，社區居民也無法對自己的居住環境做出變更，生活環境因此更加惡化。​如今，光復新村經過社區活化再利用，再度給予當初的光復新村新的生命，並經由70位充滿理想的店主組成的小聚落青年夢想地，搖身一變成了文創藝術的眷村，可以在街道巷弄找到各種不同的裝置藝術，文創小店，讓光復新村再次帶著大家探索光陰足跡。","","413","臺中市","66000","霧峰區","(光復新站)和平路2-3號","","","24.04366","120.69521","","","不定期會有展覽，參觀前可先查詢相關資訊。","1.    行駛國道 3號(福爾摩沙高速公路)：直接由國道 3號211霧峰交流道下，閘道靠右順行至盡頭紅綠燈，右轉後直行(中正路；省道台3線)往草屯方向，循指標至本區。2.    行駛國道 1號(中山高速公路)：南下－北部來車，最晚於192彰化系統交流道接國道 3號南下(往南投方向)下211霧峰交流道。3.    北上－南部來車，建議於埔鹽系統交流道207轉台76線快速公路，東行(往員林)經八卦山隧道至32中興系統(隧道出口靠左線)，接國道 3號北上(往草屯方向)下211霧峰交流道。","1.    台中客運6100、6107、6871、6873 坑口(921地震園區)站。2.    豐原 / 彰化客運聯營6876、6877、6878 光復新村站。3.    搭公車於 光復新村 / 坑口(921地震園區)站下車，從新生路步行約15分即可抵達。4.    統聯台中市公車 50 (新民高中 - 921地震教育園區) 直達921地震教育園區（光復新村）。","九二一地震園區停車場","https://www.facebook.com/GuangFuVillage/","","ChIJ0R03gzw7aTQRuSatOCUCJKc","公車站","特色文化","","文化類"
"316","964","387300000H","大肚瑞井里","經專家學者一致認為瑞井社區的古井、紅磚厝、動植物生態等相當具有保存價值與發展價值，瑞井是大家溯古尋幽之戶外生態教室，空間發展內涵係以「生態、休閒、遊憩」角度來檢討未來之土地使用。瑞井舊稱井仔頭，根據彰化縣誌記載，井仔頭地名始見於清道光年間，其地名由來係因村西南山谷有三口井，聚落在山泉湧出之上頭處而名。相傳此三口井，有其使用機能區別：第一口井位於湧泉上游，為地方居民之飲水井;第二口井為儲水井，以備第一口井不足之需；第三口井位於湧泉下游，為當地洗滌衣物之井。隨著文明開發，自來水使用普及，古井飲水使用逐漸減少，然而所在保安林地豐富之自然資源，成為大肚山台地居民喜愛之踏青據點。緬槴花老樹則位於瑞井村瑞井古井附近的福德祠前，傳說在多年以前有一對情侶經常在緬梔花老樹下約會，因在緬梔花老樹及土地公的庇佑下，終於有情人終成眷屬。 這裡有3棵百年「緬梔」老樹，每當到了落花繽紛的時節，走在老樹下都可以聞到一股淡淡幽香的氣味，陣陣撲鼻而來。 ","","432","臺中市","66000","大肚區","瑞井里","","04-26991105","24.1634","120.57108","0.5-1小時","","","大肚火車站走華山路直走，看到兵營(瑞井路)騎左轉，直走看到廟左轉即到達瑞井古井。","搭乘台鐵於大肚火車站下車。","路邊停車。","","","","","特色文化","","文化類"
"317","965","387300000H","清水眷村文化園區","位在臺中市港區藝術中心對面的「臺中清水眷村文化園區」，是原空軍眷舍信義新村，為國防部核定全國13處「國軍老舊眷村文化保存區」之一。園區共6.25公頃，地面下有中社考古遺址，地上建物為「聚落建築群」，保留了眷村有機式「生長」的建築，除保存各級軍官住宅類型外，也保留了植栽及稻田景觀，在對面更有改建完成之軍眷大樓，集各類型眷村型態之大成。走在高低起伏的屋頂與狹長的巷弄，彷彿穿梭時光隧道，增添文化旅遊的知性及趣味性。園區近年陸續分期修復，修復後將延續眷村的生活場域脈絡，並以眷村、藝術和遺址之特色元素持續灌溉這片園區，將此空間曾發生的歷史與情感記憶轉譯、呈現，重新創造眷村新的風貌與文化。","週二至週日，09:30-17:30 園區東側進行「第二期修復工程」，修復期間園區西側展間及戶外場域仍可入園，感謝配合。","436","臺中市","66000","清水區","中社路信義巷44號","","0901-176678","24.2689744","120.5580058","0.5-1小時","","","1. 南下：可由中山高速公路過后里交流道接國道3號經清水即下甲南交流道→並沿省道17號公路經西濱公路橋下往南。2. 北上：可由國道三號下沙鹿交流道經中棲路右轉往清水梧棲方向過沙鹿陸橋後→遇中華路橋即右轉往清水方向直行至鰲峰路左轉→至鎮政路右轉。","1. 火車：至清水火車站海線)下車，徒步約500公尺至中山路，轉搭巨業公車(台中-經梧棲-清水)。2. 公車：台中市區居民可搭巨業公車(台中-經梧棲-清水)，於清水國中站下車後，步行約5分鐘。3. 計程車：由清水火車站約10分鐘。","路邊停車。","https://www.qingshuiartvillage.net/","https://www.facebook.com/art436","","遊客中心、公車站","特色文化","","文化類"
"318","1138","387300000H","新臺中火車站","「台中都會區鐵路高架捷運化計畫」歷經多年爭取、規劃及興建，在中央地方通力配合下，台鐵列車改駛高架橋上，高架車站同步啟用。台中都會區鐵路高架北起豐原站北側1.9公里，南迄大慶站南邊1.4公里，全長21.7公里，除現有5座車站改建為高架車站，並增建栗林、頭家厝、松竹、精武及五權等5座高架通勤站。其中大慶及松竹站，與台中捷運綠線共站轉乘，結合軌道運輸路網，讓百年鐵路展現全新風貌。","","400","臺中市","66000","中區","臺灣大道一段1號","","04-22227236","24.13757","120.68664","0.5小時","","","","","","","","","遊客中心、公共電話、停車場、公廁、公車站、網路、無障礙坡道、無障礙電梯","特色文化","","其他"
"319","1148","387300000H","清水趙家古厝","位於清水區的趙家古厝「天水堂」，建築年代從1890年左右至今有一百多年歷史，古厝為兩進六護龍，四周竹圍密佈，搭配前方的一池粉色荷花，古色古香的風景值得一訪，後靠鰲峰山，間有水路環繞，是一座保持相當完整的三合院。半月池每年夏季期間5至8月荷花陸續綻放，美麗的荷花田，伴隨著青山、綠田、古厝，構成了一幅優美的田園風情山水畫，吸引了許多遊客及攝影愛好者前往取景。備註：古厝為私人宅院，內部不對外開放參觀，前方廣場及荷園可免費進入拍照。","","436","臺中市","66000","清水區","荷園街168號","","","24.2856265","120.5877194","0.5-1小時","","","","","","","","ChIJZcXn1fEUaTQRFWiHLSLWKEk","","特色文化","","文化類"
"320","1387","387300000H","龍目井","清領初期，彰化建城，因彰邑水鹹，此井水甘，城廓幾乎決定建於此，但士彰邑人士不肯罷休，暗中撒下很多鹽分於此井內，加以阻礙，於是縣城始決定建於今之彰化。龍目井，現以水泥修造，已非當年。該井由來依據彰化縣志記載「龍目井在邑治北十七里，其泉湧起數尺，如噴玉花，山下田數畝，皆資此泉灌溉。色青味甘，里人多汲焉。旁有兩石，狀若龍目，故名。」圖片由龍井區公所協助提供。","","434","臺中市","66000","龍井區","沙田路五段龍目井巷76號1樓","","","24.20007","120.54772","0.5小時","","","","","","","","","","特色文化","","文化類"
"321","736","387300000H","裡冷部落","裡冷部落主要農產為柑、橙、桃、梨、李，在各個季節接替產出，主要信仰為真耶穌教會。裡冷擁有相當豐富的觀光資源，由七個不同姿態的瀑布組成的七重天瀑布、四壯士五葉松步道、裡冷林道、八仙山森林遊樂區、谷關遊樂區、參山國家風景區等觀光景點，這些地區以中橫公路為主線，串聯各風景名勝，交通在谷關以下之路段，十分通暢。截至96年，谷關以上至梨山路段，因地震損壞，尚未通車。裡冷地區較晚開發，尚保有原始的自然生態，林相、動植物種類極為豐富，隨處可見二葉松、五葉松、香楠、雅楠、山麻黃等多種原生植物，蟲、鳥、蛙、蝶等更是不勝枚舉，是許多生態觀察、攝影者的天堂。裡冷溪終年水流穩定，且部分溪岸與路面接近，夏日常吸引不少遊客前往戲水。","","424","臺中市","66000","和平區","博愛村中部橫貫公路26公里處","","04-25941501","24.16585","120.95178","1-2小時","","","(1)裡冷與松鶴部落分別位於中橫台八線26與28公里處，可由東勢鎮循台八線往谷關方向前往。(2)中部橫貫公路（上谷關－德基）因921地震，造成交通中斷，至今尚未修復，往梨山民眾改道。","搭高鐵至台中站下，再轉搭其他大眾運輸工具。","","http://taiwan.net.tw/m1.aspx?sNo=0001112&id=33493","","ChIJ_d7jQWLhaDQRiS15T_QpjRw","","特色文化、原民生活","","文化類、生態類、遊憩類"
"322","955","387300000H","松鶴部落","松鶴以前又稱「古拉斯」、「久良栖」部落，早期為泰雅族原住民聚落，「德芙蘭」是松鶴泰雅族人之地名，意為水源豐沛土地肥沃、適合人居住的地方，光復後因大甲溪常見很多白鷺鷥在覓食，遠望有如白鶴在飛舞，故更名為「松鶴」。座落於大甲溪畔的松鶴社區，屬於河階地形，目前村落內有原住民、閩南、客家、外省籍等多元族群居住，松鶴社區林場巷有一整排檜木板屋（林務局員工宿舍）是昔日臺灣三大林場之一的「八仙山」林場，保持最完整的歷史見證。現在來到松鶴，貫穿部落的「林場巷」其實便是從前的森林鐵道，而昔日的宿舍區保存尚稱完整，是松鶴部落的文化遊覽重點。遊客來到依然能見到日式拉門、觀景廊道，還有屋內的榻榻米甚至是早官式建築，這裡活像是日本歷史老街，歲月淹沒許多事物，卻也保留許多古蹟。","","424","臺中市","66000","和平區","台8線29公里處","","","24.174495","120.9757065","1.5-2小時","","戶外場域請做好防曬、防蚊及防雨措施。","1. 南下：國3→國4→左轉接台3豐勢路→明德路→東勢大橋→台8線往谷關→松鶴部落。2. 北上：國3下草屯交流道→草屯台14線→投133→台21線往天冷→台8線往谷關→松鶴部落。","1. 乘坐火車至豐原火車站→豐原客運往谷關路線→至台8線松鶴橋（松鶴部落）前下車。2. 乘坐統聯客運至豐原火車站→豐原客運往谷關路線→至台8線松鶴橋（松鶴部落）前下車。3. 於台中市新市政中心搭乘[153谷關新幹線]公車→經國道1號、國道4號開往谷關→至台8線松鶴橋（松鶴部落）前下車。4. 乘坐高鐵至台中烏日站→搭乘[153谷關新幹線]公車→經國道1號、國道4號開往谷關→至台8線松鶴橋（松鶴部落）前下車。","八仙山附有停車場。","","","","","特色文化、原民生活","",""
"323","801","387300000H","寶之林廢棄家具再生中心","寶之林位於台中市北屯區和順路439號，是由臺中市政府環境保護局創立的資源回收再利用園區，市民廢棄的家具，不論是桌椅、床鋪、沙發或大小櫥櫃，在寶之林經過修復整理後，約以市價4至6折價供民眾自由選購，落實資源回收永續循環再利用，並具體展現惜福愛物、保護地球的環保作為。此外，「寶之林」更是全國第一個多功能環保教育園區，洽公與家具販售開放時間為每週一二及四至六上午08：00至下午17：00。每週三、週日及國定例假日休息，但環保公園部分為全天候開放，聯絡電話為(04)24369702。園區內具有六大功能，一、家具再生、健診及販售中心；二、資源回收藝術創作展；三、資源回收DIY教室；四、環保業務推廣及環境教育參訪觀摩；五、環保公園休閒遊憩；六、二手物品展售及家電診所等，在工作人員巧思下，園區處處可見回收再利用之裝置藝術，搭配綠草如茵草皮、兒童遊戲區、小水塘與多彩多姿之花圃，非常適合市民休憩賞玩，更能在寶之林尋寶購買再生家具，體驗與感受寶之林的魅力，說不定會有意外的收穫與驚奇哦。服務項目																資源回收再利用  環境教育體驗課程–永續循環再利用–木工創意DIY							辦理環境教育體驗課程–木工創意DIY活動導覽解說課程，內容十分豐富，歡迎您闔家光臨、休閒兼尋寶，希望藉由各項課程進一步讓您認識環保再生材質，資源回收循環再利用，進而可以達到垃圾減量與資源永續之目標。							 							家具健檢醫院							為響應環保及資源永續之目的，寶之林成立家具健檢醫院。以服務廣大市民朋友協助修復堪用家具，延長家具生命週期，減少堪用家具被丟棄造成資源浪費，進而達到垃圾減量與減低碳排量的目的。 家具健檢醫院之預約服務開放時段，為每個月第一個工作天，早上8:00起受理電話預約，額滿截止。							 							傢俱展示區及賣場							廢棄傢俱經過工作人員的修補、改造之後，立即“活”了起來，有些甚至人見人愛，一擺出來就立刻被人認購。清潔隊回收的腳踏車，經過改頭換面之後，也可以重新上路，民眾的反應很好。							 							創意展覽館							展示創意木工與創意傢俱的空間，運用廢棄傢俱木料，無法起死回生的物品，也被“化整為零”加以利用，製作許多創意小作品，如名片盒、小板凳、公園椅、圍籬、信箱等等。							 							真藏館							收藏並展售舊式傳統傢俱，傢俱材質大多有為檜木、梢楠木、紅花梨木等，經過寶之林師父們巧手修繕，這些實木傢俱更是讓民眾愛不釋手							 							 							二手物品展售中心							臺中市政府環境保護局自94年10月即開始試辦二手物回收業務，包括玩具、家飾品、餐具、服飾及書籍雜誌等五大類作回收，經工作人員整理後進行二手物品展售，歡迎來尋寶！							 							家電診所							故障小家電像電風扇、吹風機、家用烤箱、電鍋、飲水機及檯燈、果汁機、電熱水瓶、電暖扇、烘碗機、快煮壺等十一項電器用品皆可送修，請掛號填寫基本資料，由維修師診斷是否可修復，完成後以電話通知民眾領回。本服務酌收工本費五十元。							 							寶之林園區環保應用							太陽能光電系統/風力發電 示範節能減碳之太陽能光電系統與風力發電系統，應用於園區內路燈及led燈之發電。			雨水回收系統收集雨水用於園區內植物澆灌。","寶之林洽公與家具販售開放時間為每週一二及四至六上午08：00至下午17：00。每週三、週日及國定例假日休息，但環保公園部分為全天候開放。","406","臺中市","66000","北屯區","和順路439號","環保局","04-24369702","24.17335","120.72138","0.5-1小時","","","寶之林位於台中市北屯區大坑風景觀光區，周邊道路文心路、北屯路、軍功路、東山路，轉軍福十三路皆可到達。","仁友公車 站名:和平里【東山路】　01、仁友東站-中台科技大學　20、台中車站-慈濟醫院　21、仁友東站-貴城山莊　31、仁友東站-中興嶺台中客運 站名:和平里【東山路】　15、綠川東站-廍子坑　16、綠川東站-天星飯店豐原客運 站名:和平里【東山路】　270、台中火車站-大南-東勢　271、台中火車站-東興-東勢　276、台中火車站-興中山莊-東勢　277、台中火車站-復興里-東勢巨業客運 站名:和平里【東山路】　66、慈濟醫院-大坑　68、東海別墅-太原車站-中臺科技大學高鐵公車 站名:和平里【東山路】　85、高鐵台中站-中臺科大共計13條市公車路線行經「和平里(東山路)」站，民眾搭乘前揭路線至該站下車後，步行5分鐘即可抵達「寶之林廢棄家具再生中心」，刷卡（悠遊卡、臺灣通、ETC及高捷卡）搭乘可享有8公里免費乘車優惠。","","https://www.epb.taichung.gov.tw/2505268/Nodelist","","ChIJa58jThgYaTQRPu2CWkBWeAs","遊客中心、展示館、販賣部、停車場、公廁、觀景台、步道、公車站、解說簡報","教育資源","","觀光工廠類"
"324","1415","387300000H","中國醫藥大學立夫中醫藥博物館","立夫中醫藥博物館收藏豐富的中醫藥文物，其中不乏珍貴的稀有典藏品，以及一些歷經風化、一觸即碎的古書。除古物典藏外，亦為國內外少數提供完整中醫藥資訊及文物的博物館，富教學和研究價值、社會效益及文化特色。 導覽解說：■有 □無 ■預約制預約電話：04-22053366#1677其他服務：■ 文創小舖以上圖文由臺中市政府文化局提供。","週一至週五，09:00-17:00，國定例假日休館","404","臺中市","66000","北區","學士路91號(互助大樓1樓)","","04-22053366#1670","24.1559797","120.6795937","0.5-1小時","","","","","","https://lifumuseum.cmu.edu.tw/web/index.php","https://www.facebook.com/lifumuseum/?ref=embed_page","ChIJWy8MRWQ9aTQRy2Z9EWInBVk","展示館、停車場、公車站、解說簡報","教育資源、地方展館","",""
"325","1734","387300000H","臺中市立圖書館外埔分館","外埔分館矗立在甲后路三段上，白色主體建築採用垂直分割錯落，近觀立面整排窗景，簡潔俐落，為其贏得「小白宮」美譽。亦像一本本架上擺放的好書，等待民眾欣賞翻閱。外埔分館外觀建築採用垂直分割錯落設計呼應外埔的田園印象，大面積玻璃幃幕納入遼闊的綠景與遠方火燄山及鐵砧山，使民眾充分體驗與山伴讀的悠閒。圖書館1樓樂齡區特別布置沙發、閱讀長桌、高度適宜的書架營造出家中客廳氛圍，讓長者舒適自在的閱讀；兒童閱讀區運用巧思與色塊，架構出一處歡樂的閱讀天地。沿著書牆樓梯迴旋而上，2、3樓簡約木質家具配上一方落地窗外遠山風景，到這裡看書也觀山，閱讀的幸福感油然而生。文字由臺中市立圖書館協助提供。","週二至週六08:30至21:00週日08:30至17:30週一及國定假日休館","438","臺中市","66000","外埔區","甲后路三段1060號","臺中市立圖書館","04-26833596","24.3330674","120.6521821","","","","","","","https://www.library.taichung.gov.tw/public/lib/index.asp?m1=42","https://www.facebook.com/wpipu26833596","ChIJFdziWdoRaTQRt67f17LtlnM","","教育資源、地方展館","","文化類"
"326","1735","387300000H","臺中市立圖書館上楓分館","上楓分館是臺中市首座以「環境教育」為主題特色的圖書館，更榮獲「建築園冶獎」及108年國家卓越建設獎最佳規劃設計類-「卓越獎」的殊榮。上楓分館坐落於上楓國小旁，館舍紅磚外牆呼應了近旁的澄黃麥田與楓紅，既有生態草溝、原生植栽及由內外動線串連的空間開放設計，自然地融入學校及社區之間，是個充滿人與自然相互親密依存的美麗場所。 圖書館戶外有多樣性的景觀生態環境，種植食草及蜜源植物吸引蝴蝶與蜜蜂，是推廣環境教育的極佳場域。圖書館室內設計以簡約低調的方式來圍塑空間質感，並搭配輕巧中性的家具與內裝，透過自然光線的變化，讓讀者可以體驗建築自身豐富的空間和環境。圖文由臺中市立圖書館協助提供。","週二至週六08:30至21:00週日08:30至17:30週一及國定假日休館","428","臺中市","66000","大雅區","樹德街255巷5號","臺中市立圖書館","04-25662188","24.2366709","120.666101","","","","","","","https://www.library.taichung.gov.tw/public/lib/index.asp?m1=69","https://www.facebook.com/profile.php?id=100083026825617","ChIJT9u9lKAXaTQRmdAyizvOP2U","","教育資源、地方展館","","文化類"
"327","1736","387300000H","臺中市立圖書館李科永紀念圖書分館","李科永紀念圖書分館全館參考日本武雄圖書館設計概念，建置於公園之中，三層樓的建築主體融合自然地景，閱讀時陽光與綠意自然灑落，烘托出悠閒舒適的氛圍，營造宛如置身舒適書店般的閱讀質感。館外設有咖啡販賣機與休閒座椅，讓民眾能在戶外的大榕樹及公園綠意環繞下，啜飲咖啡，交錯著書香陪伴！圖書館內部特別規畫閱讀沙發區與柔和藝術燈光氛圍，徹底放鬆了每位民眾的心情，讓身心靈在這喧囂的城市中得到舒緩。圖文由臺中市立圖書館協助提供。","週二至週六08:30至21:00週日08:30至17:30週一及國定假日休館","408","臺中市","66000","南屯區","龍富路五段1號","臺中市立圖書館","04-22525966","24.1520736","120.6264351","","","","","","","","https://www.facebook.com/TC.LKYlib/","ChIJVU1VG489aTQRuNsbcDDj3io","","教育資源、地方展館","","文化類"
"328","1737","387300000H","臺中市立圖書館興安分館","興安分館(原為北屯兒童分館)，坐落於北屯兒童公園，在綠意盎然的公園中，興安分館蛻變為富有朝氣的純白建築，頗具文青風格，為忙碌的城市帶來一股清新的綠意。結合在地藝術家吳芊頤的創作「窗景日和」，以繽紛的拼貼風物結合建築結構，創造一處圓形的花型窗景，在空間中創造景深，從窗景裡望去，可以看到公園內的自然景觀，透明的介面與光產生隨時間變化的光影效果，時間流動透過色塊轉化為美好的日常風景，是一座結合閱讀藝術文化的圖書館，等待你來興安分館體驗一場文字與綠葉的親密約會。圖文由臺中市立圖書館協助提供。","週二至週六08:30至21:00週日08:30至17:30週一及國定假日休館","406","臺中市","66000","北屯區","興安路一段162號","臺中市立圖書館","04-22328546","24.1692854","120.6945668","","","","","","","https://www.library.taichung.gov.tw/public/lib/index.asp?m1=65","https://www.facebook.com/xinganlib","ChIJTbSxcOYXaTQR1NTufkL83zw","","教育資源、地方展館","","文化類"
"329","1814","387300000H","大安港媽祖文化園區","大安港媽祖文化園區為一座三層樓的基座建築，內有旅客服務中心、展覽廳、多媒體室等多功能空間，可供各類活動、會議及休閒空間規劃運用，在委由民間營運前，觀旅局提供民眾、各單位或學校團體等皆可申請借用辦理各項活動。園區內現規劃甲安埔地方文史特展、螃蟹生態特展、草月流漂流木藝術創作特展及淨灘攝影特展等多項常設展覽，另外多媒體放映室也可申請假日團體預約欣賞市政影片，如果想更了解大安，也可透過志工導覽解說，或是藉由團體預約參訪導覽，一起來探索甲安埔海線地區豐沛的文史、生態、旅遊資源。園區開放時間:週二至週日 09:00-16:00(中午休息12:00-13:00)定時導覽解說:週日09:00(集合地點:大安濱海樂園遊客中心-向海那漾)週日10:30(集合地點:大安港媽祖文化園區)","每週二至週日開放上午9時至12時、下午1時至4時開放園區一樓部分區域。","439","臺中市","66000","大安區","中山北路117號","風管所","04-26804957","24.3811338","120.5872052","","","","","","","https://www.scenic.taichung.gov.tw/3275113/post","","ChIJMyYQmrwNaTQRttN-pvtMvP8","展示館、無障礙坡道、無障礙停車位","教育資源、地方展館","",""
"330","1843","387300000H","郵政博物館臺中館","臺中館設有常設展廳及特展廳，與集郵服務中心共同展演郵政美學，為推廣郵政文化與藝文活動之文教場域。展區特色(一)一樓入口廊道：介紹臺中郵局自1896年迄今三代建築之美。(二)常設展廳：規劃郵票源起、郵政史話、使命必達、方寸之美、集郵之樂及親子共郵6大單元展區，並規劃多媒體互動裝置及打卡熱點。(三)特展廳：不定期辦理各式主題展。預約導覽依團體單位預約時間指派專人導覽。以上資料取自景點官網。圖片出自中華郵政股份有限公司臺中郵局。","開放時間：週二至週日上午9時至下午5時 (下午4時30分後停止入場)休館時間：星期一；除夕暨春節初一至初二、民族掃墓節、端午節及中秋節","400","臺中市","66000","中區","民權路86號3樓","中華郵政股份有限公司","(04)2221-5121分機253、254","24.1391149","120.6788754","1hr","免門票","","國道1號(臺中交流道台12線出口)下-臺灣大道三段-臺灣大道二段-民權路右轉-臺中館。","(一)高鐵：搭乘至「臺中站」，轉乘公車約29分鐘，路線：高鐵臺中站-台灣好行6670B日月潭線/6670H埔里線/6883溪頭線搭乘至臺中車站(民族路口)下車，再步行約10分鐘；轉搭Uber/計程車約16分鐘。(二)臺鐵：搭乘至「臺中站」，U-Bike單車約7分鐘；步行約14分鐘。","","https://museum.post.gov.tw/post/Postal_Museum/museum/Taichung/default.jsp","","","遊客中心、展示館","教育資源、地方展館、特色文化","","文化類"
"331","513","387300000H","臺中市立圖書館沙鹿深波分館","民國75年，「沙鹿鎮立圖書館」設於沙鹿鎮公所辦公廳舍四樓，當時藏書有12,922冊，為提供更便利的閱讀空間，時任鎮長陳明地希望結合民間力量興建一座較大型的圖書館，呼應當時「鄉鄉有圖書館」的政府政策，與沙鹿在地「味丹企業」合作，由鎮公所提供公有土地面積達4,797平方公尺，味丹企業投入建築資金，臺灣省教育廳及臺中縣政府補助充實設備，於民國77年由味丹企業動工興建，78年底竣工交鎮公所經營，並於79年2月20日正式開館啟用，同年7月14日正式圖書流通借閱。為表彰企業回饋鄉里之赤忱，以味丹企業創辦人楊深波先生之名，將圖書館命名為「沙鹿鎮立深波圖書館」。民國99年12月25日因臺中縣市合併，改隸臺中市政府文化局，名稱改為「臺中市沙鹿區深波圖書館」。105年3月1日組織整併改隸為「臺中市立圖書館沙鹿深波分館」。沙鹿深波分館緊鄰沙鹿行政中心，鄰近有沙鹿國中、沙鹿國小、北勢國中、沙鹿高工、竹林國小、靜宜大學、弘光科技大學等學校，服務對象廣闊。民國92年，沙鹿深波分館率全國風氣之先，辦理由英國引進的「Bookstart」嬰幼兒閱讀推廣運動，翌年更推動親子共讀讀書會，讓閱讀陪伴親子成長。除此之外，沙鹿深波分館亦是國內數一數二的「電影主題」特色圖書館，典藏包含電影圖書、電影視聽資料、期刊、影展手冊、電影海報等數千種電影特藏，並擁有完整電影放映設備，定期為民眾播放世界各國電影、辦理主題影展，是深具電影特色氛圍的公共圖書館。","週二至週六08:30至21:00週日08:30至17:30週一及國定假日休館","433","臺中市","66000","沙鹿區","鎮南路二段488號","臺中市立圖書館","04-26634606","24.233279","120.5637851","1-2小時","","","國道：由台中港交流道下高速公路，經中棲路至靜宜大學前左轉沙鹿英才路，過北勢國中右轉鎮南路即可達本館。 省道：由沙鹿中山路往沙田路在光田醫院前轉鎮南路可達本館。","","","https://www.library.taichung.gov.tw/public/lib/index.asp?m1=45","https://www.facebook.com/lib433/","ChIJK1RZFf0UaTQRuFgddE6pw-g","展示館、公廁、無障礙廁所、無障礙電梯、無障礙停車位","教育資源、無障礙景點","","其他"
"332","1393","387300000H","臺中市立圖書館溪西分館","館內藏書約可容納10萬冊，150種期刊，空間採分齡分眾設計，設有嬰幼兒區、兒童閱覽區、期刊報紙區、臺中學專區、樂齡區、開架閱覽區及建築生活美學專區(CC建築館)；更規劃青少年閱覽區、多功能活動室、視聽區、多元學習室、無線上網區及資訊檢索區等，定期舉辦講座、電影欣賞、故事書屋等活動，為民眾提供全方位服務。溪西分館以「建築生活美學」為館藏特色，更與臺中市大臺中建築師公會於4月10日簽署「CC建築館」合作協議書，致力Children &Creativity理念，共同打造「建築生活美學」主題專區。「CC建築館」典藏建築相關專業圖書與全球各地建築期刊，更不定期舉辦「建築展覽」、「真人圖書館」、「建築師說建築」、「嘻嘻哈哈聊建築」等系列活動，透過建築師專業分享，拉近民眾與建築距離，簡約雅致的閱讀人文空間，更陪伴民眾盡情徜徉書海，充分感受城市新美學活力與創意!圖文由臺中市立圖書館溪西分館協助提供。","週二至週六 08：30至21：00 週日 08：30至17：30 週一及國定假日休館","407","臺中市","66000","西屯區","福玄路1號","臺中市立圖書館","04-23553011","24.1758005","120.6255765","2-3小時","","","","","","https://www.library.taichung.gov.tw/public/lib/index.asp?m1=67","","ChIJGX_GBTA9aTQRsK63zq1mfxk","無障礙廁所、無障礙坡道、無障礙電梯、無障礙停車位","教育資源、無障礙景點","",""
"333","100","387300000H","東勢客家文化園區","東勢客家文化園區是由東勢舊火車站改建，展現了客家文化的特色，並與東豐自行車道連結，搖身一變成為綠色走廊下特色景點之一。由舊車站的候車室閒置空間整修成的客家文化園區，外型有著客家文化的建築風格，館內陳設客家文物及不定期舉辦展覽，園區還規劃客家相關的食、衣、住、行、育、樂的文物主題展，介紹產業、語言、人文特色。古意的客家建築風味結合舊車站，走過特意保留的閘鐵門，就進入車站月台的界線，在此彷彿瞧見了過去的想像，一磚一瓦刻畫許多情感。　　文化園區的後方則是東豐綠色走廊自行車道路線，綠意景緻廣佈綠廊，可遙見遠方的山城美景。","9:00-17:00（每週一公休）","423","臺中市","66000","東勢區","中山路1號","","04-25888505","24.25765","120.83185","1-2.5小時","","","","","","https://www.facebook.com/fantasy.dons/","","","展示館、公廁、解說簡報、導盲磚、無障礙廁所、無障礙坡道、無障礙停車位","無障礙景點、特色文化","","文化類"
"334","336","387300000H","日南車站","日南站地點在大安溪北岸，於1922年啟用，為國內少數幾個古蹟車站的代表之一。日南車站的命名源自於以往此地平埔族社名的漢譯。日南車站是海線沿線尚存的五座木造車站之一，其與談文、大山、新埔等站採用的是幾乎一樣的建築式樣（洋和風型式的歇山頂建築）。日南車站位於臺中市大甲區，大安溪以北，為臺灣鐵路管理局海岸線的鐵路車站。日南車站為日式建築，大致上是英國及德國的混合建築樣式。除了典雅構造外，另外可見當年與國際同步接軌的木造窗架及廊柱，並有以泥土混合米糠及石灰砌成的牆壁。車站至今仍保存得相當完整，為海線標準形的木造站房。雖為簡易車站，卻因其珍貴的木造建築與歷史意義，成為鐵道迷心中的祕密基地。日南車站建於民國11年，是標準的海線木造車站，本站最大的特色，是那設在側邊高處，狀似牛眼的「牛眼窗」，從月台觀看，便可以見到醒目的牛眼窗就穩穩的鑲在高處，而車站四周草木茂密，綠意盎然，儘管夏日再熱，太陽再大，在本站也享受綠蔭帶來的清涼。","隨時可參觀","437","臺中市","66000","大甲區","中山路二段140巷8號","","04-26816113","24.37807","120.65412","1-2小時","","日南車站於目前仍然常態性販售販售名片式車票，購買後可持名片式車票直接或加價搭乘列車。","從臺中往大甲方向走大甲外環道路，過大安溪橋右轉，在第一路口左轉直行在右側即可看到。","坐火車往海線，至日南火車站即可。","路邊停車。","https://www.tchac.taichung.gov.tw/building?uid=33&pid=22","","","公共電話、公廁、公車站、網路、無障礙廁所","無障礙景點、特色文化","","文化類"
"335","561","387300000H","臺中國際機場","為提供旅客更優質的搭機環境，向世界水準之國際機場目標邁進，及順應全球重視地球環保危機，於102年4月11日正式啟用之新建國際航廈，設計上融入節能減碳的綠色概念，空間架構上也以順暢的動線與空間結合，打造小巧精緻卻具有國際機場規模的空間氛圍，符合日常節能、二氧化碳減量、廢棄物減量、室內環境、水資源、污水垃圾改善等指標項目，取得綠建築的黃金級標章。新建國際航廈年旅客服務容量為170萬人次，與既有航廈合計年服務容量可提升為290萬人次；營運機型也由原來4C類機型(如B737-800約150人座)，提昇至4D類機型(如B757約200人座)。為提昇為民服務品質，以多樣化之服務目標，創造永續經營之利基，臺中航空站於國際航廈興建期間，特將未涉公權力之商業及公共服務設施以促進民間參與公共建設法委託民間機構辦理，結合中外文化特色，除提供各類免稅商店、餐飲、美妝便利店、地方文物特色展售館、3C、影音光碟及書店外，亦提供旅客諮詢服務檯、走動式客服人員、景觀休憩區、網際網路服務、兒童遊戲區、購物行李手推車、植生牆、文化藝廊、紓壓按摩椅、嬰兒手推車...等，帶動臺灣產業特色及觀光產業發展，創造社會、經濟效益。 臺中國際機場市場腹地人口除臺中、南投、彰化行政區外，北及苗栗、南至雲林等，廣達600萬人居住，為機場的基本客源，為因應中部城市區域民眾日益增加的航空需求，目前有多間航空公司駐點提供飛航營運，最新駐點航空公司和飛航之航線請上機場官網查詢。臺中國際機場於104年2月5日已正式提供國際航空貨運服務，初期將可提供每年約8,600噸貨物處理容量，便利中部地區貨主就近辦理貨物進出口業務，發揮國際機場客貨運服務功能，期以提供全面而完善的服務，朝向「客貨兩運，齊頭並進」的目標發展，並持續以「飛航安全、設施完善、服務滿意」為經營理念，扮演中部地區社經發展對外關鍵門戶為經營目標。","","433","臺中市","66000","沙鹿區","中航路一段168號","","04-26155000","24.2557805","120.6003898","1-2小時","","航空公司於班機起飛前的60分鐘（國際線則為起飛前2至3小時）開始辦理報到手續，旅客最遲應該在起飛前的30分鐘（國際線為起飛前60分鐘，各航空公司規定不同，請詳洽各航空公司規定）辦妥手續，否則機位將由候補者遞補。","","","汽車：國際航廈地下1樓停車場178個停車位(含4個無障礙停車格)，費率每小時四十元，每日最高三百元。機車：國際航廈地下1樓停車場103個停車位(含3個無障礙停車格)，費率按每日每次計收三十元。營業時間：24小時。停放汽機車30分鐘內不收費。大客車(含公車)停車區：6個。1~3號月台供公共運輸公車專用，4~6號月台為提供所有大客車上下客使用且限停15分鐘 無障礙停車優惠停車優惠：身心障礙者自行駕駛之車輛（應具備本人之駕照、行照及身心障礙手冊【姓名皆須相符】），經審核無誤者，停車當日免費。","http://www.tca.gov.tw/","","","遊客中心、販賣部、公共電話、停車場、公廁、公車站、網路、導盲磚、無障礙廁所、無障礙坡道、無障礙電梯、無障礙停車位","無障礙景點、特色文化","","文化類、其他"
"336","44","387300000H","大坑9號及9-1號登山步道","大坑風景區～登山步道導覽大坑風景區為臺中市民心靈沉澱的重要休閒場所，也是登山客踏青健身之地，更是中部地區熱門的觀光景點；在平常或例假日處處可見同好攜伴、闔家同遊景象，成為臺中市民共同擁有的後花園。其最具特色之景點為區內14條登山步道。除1至4號步道為東西向外，其餘步道多呈南北走向；其中1至5-1號步道多沿稜線而行，地形特徵相當明顯。本區頭嵙山之最高點位於4號與5號步道交會處。區內各步道長度皆在2,000公尺以下，其中4號步道地勢較為陡峭，全長約1,890公尺，終點銜接頭嵙山最高點（海拔859公尺） 並與5號步道相接，因此登山難度為各步道之首。1至5號步道整體亦具有一定挑戰性；其餘6至11號步 則相對平緩、較為大眾化，假日期間登山遊客絡繹不絕。9號登山步道	長　度：約1.6公里，適合全家大小健走。	登山口：經補庫停車場斜對面之經補路直走至九九橋。	特　色：此步道沿途充滿綠蔭，環境十分清幽，視野相當遼闊，可遠眺十一期重劃區都市景致，另有日據時期遺留之彈藥庫及大里溪，在路口處為九二一地震公園。9-1號登山步道	長　度：約0.6公里，適合全家大小健走。	登山口：經補庫停車場斜對面之經補路直走經過九九橋再直走。	特　色：於前往步道口路途中設有農夫市集，登山民眾可在此買到大坑地區農特產品。 大坑風景區緊急事故處理	東山派出所　　：東山路2段30號　  ，TEL：04-22392713	台中市救難協會：東山路2段151-2號，TEL：04-22110022露營相關問題～中正露營區電話：04-22390685","","406","臺中市","66000","北屯區","經補路一段383巷","","04-22289111#58511","24.18015","120.73362","1.5-2.5小時","","1. 建議老年與高血壓者盡量不攀登大坑1至5號及5-1號步道。2. 大坑4號步道由於落差極大，有一段300公尺的垂直陡坡。3. 一般而言，大坑6、7、8、9、9-1號步道較適合男女老少攀登，而1至5號及5-1號步道對登山客較有挑戰性，大坑1至5號及5-1號及10號步道因具有陡坡，心臟疾病或體力差者，請勿任意嘗試。4.遊客請注意：山區步道附近如見蜂窩，為避免引來虎頭蜂螫叮習性，除不可主動攻擊及喧嘩騷動外，請登山客勿噴香水，也不要穿著鮮豔服裝等；預防原則請保持距離。5.大坑風景區因路窄不適合大客車行駛路段(台中市政府交通局提供)臺中市大坑風景區:北坑巷、連坑巷、橫坑巷、清水巷、濁水巷、建成巷、光西巷、大湖巷、竹坑巷、民興巷","1.中清交流道往台中市區，接中清路至文心路左轉，經北屯路直走為東山路，即可達大坑圓環。 2.中山高速公路北上方向接中彰快速道路，接環中路至松竹路右轉，松竹路左轉東山路，即可直達大坑圓環。3.中港交流道往市區方向，到達文心路時左轉，經北屯路直走為東山路，即可達大坑圓環。","1.臺中客運(台中車站04-22224102): 15路、16路 (綠川東站搭乘)也可以到達中台科技大學；另在東山路與松竹路交叉口之經補庫停車場可搭乘台中客運66路(66路會在大坑內繞)2.仁友客運(04-22255166): 1路、20路、21路、31路 (綠川東站搭乘，建議搭仁友，因為車較多)3.豐原客運(台中北站04-22223435): 往中興嶺、新社、東勢方向等公車路線4.統聯客運(台中總站04-27050898):85路5.巨業客運(台中站04-22257003): 68路","","http://www.scenic.taichung.gov.tw/833821/833844/833845","","","停車場、公廁、步道、公車站","登山步道","","體育健身類"
"337","358","387300000H","大坑1號登山步道","大坑風景區～登山步道導覽大坑風景區為臺中市民心靈沉澱的重要休閒場所，也是登山客踏青健身之地，更是中部地區熱門的觀光景點；在平常或例假日處處可見同好攜伴、闔家同遊景象，成為臺中市民共同擁有的後花園。其最具特色之景點為區內14條登山步道。除1至4號步道為東西向外，其餘步道多呈南北走向；其中1至5-1號步道多沿稜線而行，地形特徵相當明顯。本區頭嵙山之最高點位於4號與5號步道交會處。區內各步道長度皆在2,000公尺以下，其中4號步道地勢較為陡峭，全長約1,890公尺，終點銜接頭嵙山最高點（海拔859公尺） 並與5號步道相接，因此登山難度為各步道之首。1至5號步道整體亦具有一定挑戰性；其餘6至11號步 則相對平緩、較為大眾化，假日期間登山遊客絡繹不絕。1號登山步道	長　度：約1.6公里，登山木棧道部分屬較高強度登山步道，請自行評估體能狀況後再行上山。	登山口：由東山路右轉濁水巷約6公里即可到達。	特　色：此步道位於森林區，途中繞過果園、竹林及跨越兩處溪谷、背山溫濕氣候條件，可發現多種蕨類植物、原始自然生態資源豐富，樣貌多元。大坑風景區緊急事故處理	東山派出所　　：東山路2段30號　  ，TEL：04-22392713	台中市救難協會：東山路2段151-2號，TEL：04-22110022 露營相關問題～中正露營區電話：04-22390685","","406","臺中市","66000","北屯區","連坑巷產業道路旁","","04-22289111#58511","24.19043","120.78408","2-3小時","","1. 建議老年與高血壓者盡量不攀登大坑1至5號及5-1號步道。2. 大坑4號步道由於落差極大，有一段300公尺的垂直陡坡。3. 一般而言，大坑6、7、8、9、9-1號步道較適合男女老少攀登，而1至5號及5-1號步道對登山客較有挑戰性，大坑1至5號及5-1號及10號步道因具有陡坡，心臟疾病或體力差者，請勿任意嘗試。4.遊客請注意：山區步道附近如見蜂窩，為避免引來虎頭蜂螫叮習性，除不可主動攻擊及喧嘩騷動外，請登山客勿噴香水，也不要穿著鮮豔服裝等；預防原則請保持距離。5.大坑風景區因路窄不適合大客車行駛路段(台中市政府交通局提供)臺中市大坑風景區:北坑巷、連坑巷、橫坑巷、清水巷、濁水巷、建成巷、光西巷、大湖巷、竹坑巷、民興巷","中清交流道往台中市區，接中清路至文心路左轉，經北屯路直走為東山路，即可達大坑圓環。 2.中山高速公路北上方向接中彰快速道路，接環中路至松竹路右轉，松竹路左轉東山路，即可直達大坑圓環。3.中港交流道往市區方向，到達文心路時左轉，經北屯路直走為東山路，即可達大坑圓環。","台中客運(台中車站04-22224102): 15路、16路 (綠川東站搭乘)也可以到達中台科技大學；另在東山路與松竹路交叉口之經補庫停車場可搭乘台中客運66路(66路會在大坑內繞)2.仁友客運(04-22255166): 1路、20路、21路、31路 (綠川東站搭乘，建議搭仁友，因為車較多) 3.豐原客運(台中北站04-22223435): 往中興嶺、新社、東勢方向等公車路線4.統聯客運(台中總站04-27050898):85路5.巨業客運(台中站04-22257003): 68路","","http://www.scenic.taichung.gov.tw/833821/833844/833845","","","停車場、公廁、步道、公車站","登山步道","","體育健身類"
"338","359","387300000H","大坑2號登山步道(封閉中)","因今年7月丹娜絲颱風及 0728 西南氣流帶來連日豪大雨，將進行災後復建工程。為避免發生危險，已全線封閉此登山步道，預計115年8月完工。整修期間請民眾暫勿前往，造成不便，敬請見諒。大坑風景區～登山步道導覽大坑風景區為臺中市民心靈沉澱的重要休閒場所，也是登山客踏青健身之地，更是中部地區熱門的觀光景點；在平常或例假日處處可見同好攜伴、闔家同遊景象，成為臺中市民共同擁有的後花園。其最具特色之景點為區內14條登山步道。除1至4號步道為東西向外，其餘步道多呈南北走向；其中1至5-1號步道多沿稜線而行，地形特徵相當明顯。本區頭嵙山之最高點位於4號與5號步道交會處。區內各步道長度皆在2,000公尺以下，其中4號步道地勢較為陡峭，全長約1,890公尺，終點銜接頭嵙山最高點（海拔859公尺） 並與5號步道相接，因此登山難度為各步道之首。1至5號步道整體亦具有一定挑戰性；其餘6至11號步 則相對平緩、較為大眾化，假日期間登山遊客絡繹不絕。2號登山步道	長　度：約1.2公里，適合有登山經驗、愛挑戰者。	登山口：2號停車場，由東山路右轉清水巷約5公里即可到達。	特　色：此步道有兩處枕木步道，難度較高，皆為近60度的好漢坡，不易攀爬，深具挑戰性。 大坑風景區緊急事故處理	東山派出所　　：東山路2段30號　  ，TEL：04-22392713	台中市救難協會：東山路2段151-2號，TEL：04-22110022 露營相關問題～中正露營區電話：04-22390685","","406","臺中市","66000","北屯區","清水巷與連坑巷交會處","","04-22289111#58511","24.18439087","120.7858694","1.5-2小時","","1. 建議老年與高血壓者盡量不攀登大坑1至5號及5-1號步道。2. 大坑4號步道由於落差極大，有一段300公尺的垂直陡坡。3. 一般而言，大坑6、7、8、9、9-1號步道較適合男女老少攀登，而1至5號及5-1號步道對登山客較有挑戰性，大坑1至5號及5-1號及10號步道因具有陡坡，心臟疾病或體力差者，請勿任意嘗試。4.遊客請注意：山區步道附近如見蜂窩，為避免引來虎頭蜂螫叮習性，除不可主動攻擊及喧嘩騷動外，請登山客勿噴香水，也不要穿著鮮豔服裝等；預防原則請保持距離。5.大坑風景區因路窄不適合大客車行駛路段(台中市政府交通局提供)臺中市大坑風景區:北坑巷、連坑巷、橫坑巷、清水巷、濁水巷、建成巷、光西巷、大湖巷、竹坑巷、民興巷","中清交流道往台中市區，接中清路至文心路左轉，經北屯路直走為東山路，即可達大坑圓環。 2.中山高速公路北上方向接中彰快速道路，接環中路至松竹路右轉，松竹路左轉東山路，即可直達大坑圓環。3.中港交流道往市區方向，到達文心路時左轉，經北屯路直走為東山路，即可達大坑圓環。","臺中客運(台中車站04-22224102): 15路、16路 (綠川東站搭乘)也可以到達中台科技大學；另在東山路與松竹路交叉口之經補庫停車場可搭乘台中客運66路(66路會在大坑內繞)2.仁友客運(04-22255166): 1路、20路、21路、31路 (綠川東站搭乘，建議搭仁友，因為車較多) 3.豐原客運(台中北站04-22223435): 往中興嶺、新社、東勢方向等公車路線4.統聯客運(台中總站04-27050898):85路5.巨業客運(台中站04-22257003): 68路","","http://www.scenic.taichung.gov.tw/833821/833844/833845","","","停車場、公廁、步道、公車站","登山步道","","體育健身類"
"339","360","387300000H","大坑3號登山步道(封閉中)","因今年7月丹娜絲颱風及 0728 西南氣流帶來連日豪大雨，將進行災後復建工程。為避免發生危險，已全線封閉此登山步道，預計115年8月完工。整修期間請民眾暫勿前往，造成不便，敬請見諒。大坑風景區～登山步道導覽大坑風景區為臺中市民心靈沉澱的重要休閒場所，也是登山客踏青健身之地，更是中部地區熱門的觀光景點；在平常或例假日處處可見同好攜伴、闔家同遊景象，成為臺中市民共同擁有的後花園。其最具特色之景點為區內14條登山步道。除1至4號步道為東西向外，其餘步道多呈南北走向；其中1至5-1號步道多沿稜線而行，地形特徵相當明顯。本區頭嵙山之最高點位於4號與5號步道交會處。區內各步道長度皆在2,000公尺以下，其中4號步道地勢較為陡峭，全長約1,890公尺，終點銜接頭嵙山最高點（海拔859公尺） 並與5號步道相接，因此登山難度為各步道之首。1至5號步道整體亦具有一定挑戰性；其餘6至11號步 則相對平緩、較為大眾化，假日期間登山遊客絡繹不絕。3號登山步道	長　度：約1.3公里，適合生態教育。	登山口：可從大坑圓環右轉橫坑巷，再經連坑巷左轉，繞過停車場往上走即為登山口。	特　色：此步道沿途具有豐富自然生態教育資源，包括鳥類、植物、動物及昆蟲等種類，途中並設有各種植物解說牌以利民眾認識了解。 大坑風景區緊急事故處理	東山派出所　　：東山路2段30號　  ，TEL：04-22392713	台中市救難協會：東山路2段151-2號，TEL：04-22110022 露營相關問題～中正露營區電話：04-22390685","","406","臺中市","66000","北屯區","連坑巷吉安社區附近","","04-22289111#58511","24.1791272","120.7832204","2-3小時","","1. 建議老年與高血壓者盡量不攀登大坑1至5號及5-1號步道。2. 大坑4號步道由於落差極大，有一段300公尺的垂直陡坡。3. 一般而言，大坑6、7、8、9、9-1號步道較適合男女老少攀登，而1至5號及5-1號步道對登山客較有挑戰性，大坑1至5號及5-1號及10號步道因具有陡坡，心臟疾病或體力差者，請勿任意嘗試。4.遊客請注意：山區步道附近如見蜂窩，為避免引來虎頭蜂螫叮習性，除不可主動攻擊及喧嘩騷動外，請登山客勿噴香水，也不要穿著鮮豔服裝等；預防原則請保持距離。5.大坑風景區因路窄不適合大客車行駛路段(台中市政府交通局提供)臺中市大坑風景區:北坑巷、連坑巷、橫坑巷、清水巷、濁水巷、建成巷、光西巷、大湖巷、竹坑巷、民興巷","中清交流道往台中市區，接中清路至文心路左轉，經北屯路直走為東山路，即可達大坑圓環。 2.中山高速公路北上方向接中彰快速道路，接環中路至松竹路右轉，松竹路左轉東山路，即可直達大坑圓環。3.中港交流道往市區方向，到達文心路時左轉，經北屯路直走為東山路，即可達大坑圓環。","臺中客運(台中車站04-22224102): 15路、16路 (綠川東站搭乘)也可以到達中台科技大學；另在東山路與松竹路交叉口之經補庫停車場可搭乘台中客運66路(66路會在大坑內繞)2.仁友客運(04-22255166): 1路、20路、21路、31路 (綠川東站搭乘，建議搭仁友，因為車較多) 3.豐原客運(台中北站04-22223435): 往中興嶺、新社、東勢方向等公車路線4.統聯客運(台中總站04-27050898):85路5.巨業客運(台中站04-22257003): 68路","","http://www.scenic.taichung.gov.tw/833821/833844/833845","","","停車場、步道、公車站","登山步道","","體育健身類"
"340","361","387300000H","大坑4號登山步道(封閉中)","因今年7月丹娜絲颱風及 0728 西南氣流帶來連日豪大雨，將進行災後復建工程。為避免發生危險，已全線封閉此登山步道，預計115年8月完工。整修期間請民眾暫勿前往，造成不便，敬請見諒。大坑風景區～登山步道導覽大坑風景區為臺中市民心靈沉澱的重要休閒場所，也是登山客踏青健身之地，更是中部地區熱門的觀光景點；在平常或例假日處處可見同好攜伴、闔家同遊景象，成為臺中市民共同擁有的後花園。其最具特色之景點為區內14條登山步道。除1至4號步道為東西向外，其餘步道多呈南北走向；其中1至5-1號步道多沿稜線而行，地形特徵相當明顯。本區頭嵙山之最高點位於4號與5號步道交會處。區內各步道長度皆在2,000公尺以下，其中4號步道地勢較為陡峭，全長約1,890公尺，終點銜接頭嵙山最高點（海拔859公尺） 並與5號步道相接，因此登山難度為各步道之首。1至5號步道整體亦具有一定挑戰性；其餘6至11號步 則相對平緩、較為大眾化，假日期間登山遊客絡繹不絕。4號登山步道	長　度：約1.9公里，適合體力充沛者。	登山口：自大坑圓環右轉橫坑巷，至連坑巷右轉到中正露營區再經停車場至長青橋即為登山口。	特　色：此步道保有天然性，兩旁毫無遮蔽，擁有極佳視野，可遠眺臺中市整體風貌。步道曲折，充滿挑戰性。  大坑風景區緊急事故處理	東山派出所　　：東山路2段30號　  ，TEL：04-22392713	台中市救難協會：東山路2段151-2號，TEL：04-22110022 露營相關問題～中正露營區電話：04-22390685","","406","臺中市","66000","北屯區","長青橋","","04-22289111#58511","24.1756157","120.7916435","2-3小時","","1. 建議老年與高血壓者盡量不攀登大坑1至5號及5-1號步道。2. 大坑4號步道由於落差極大，有一段300公尺的垂直陡坡。3. 一般而言，大坑6、7、8、9、9-1號步道較適合男女老少攀登，而1至5號及5-1號步道對登山客較有挑戰性，大坑1至5號及5-1號及10號步道因具有陡坡，心臟疾病或體力差者，請勿任意嘗試。4.遊客請注意：山區步道附近如見蜂窩，為避免引來虎頭蜂螫叮習性，除不可主動攻擊及喧嘩騷動外，請登山客勿噴香水，也不要穿著鮮豔服裝等；預防原則請保持距離。5.大坑風景區因路窄不適合大客車行駛路段(台中市政府交通局提供)臺中市大坑風景區:北坑巷、連坑巷、橫坑巷、清水巷、濁水巷、建成巷、光西巷、大湖巷、竹坑巷、民興巷","1.中清交流道往台中市區，接中清路至文心路左轉，經北屯路直走為東山路，即可達大坑圓環。 2.中山高速公路北上方向接中彰快速道路，接環中路至松竹路右轉，松竹路左轉東山路，即可直達大坑圓環。3.中港交流道往市區方向，到達文心路時左轉，經北屯路直走為東山路，即可達大坑圓環。","臺中客運(台中車站04-22224102): 15路、16路 (綠川東站搭乘)也可以到達中台科技大學；另在東山路與松竹路交叉口之經補庫停車場可搭乘台中客運66路(66路會在大坑內繞)2.仁友客運(04-22255166): 1路、20路、21路、31路 (綠川東站搭乘，建議搭仁友，因為車較多) 3.豐原客運(台中北站04-22223435): 往中興嶺、新社、東勢方向等公車路線4.統聯客運(台中總站04-27050898):85路5.巨業客運(台中站04-22257003): 68路","","http://www.scenic.taichung.gov.tw/833821/833844/833845","","","停車場、公廁、步道、公車站","登山步道","","體育健身類"
"341","362","387300000H","大坑5號(封閉中)及5-1號登山步道","因今年7月丹娜絲颱風及 0728 西南氣流帶來連日豪大雨，將進行災後復建工程。為避免發生危險，已全線封閉大坑五號登山步道，預計115年8月完工。整修期間請民眾暫勿前往，造成不便，敬請見諒。大坑風景區～登山步道導覽大坑風景區為臺中市民心靈沉澱的重要休閒場所，也是登山客踏青健身之地，更是中部地區熱門的觀光景點；在平常或例假日處處可見同好攜伴、闔家同遊景象，成為臺中市民共同擁有的後花園。其最具特色之景點為區內14條登山步道。除1至4號步道為東西向外，其餘步道多呈南北走向；其中1至5-1號步道多沿稜線而行，地形特徵相當明顯。本區頭嵙山之最高點位於4號與5號步道交會處。區內各步道長度皆在2,000公尺以下，其中4號步道地勢較為陡峭，全長約1,890公尺，終點銜接頭嵙山最高點（海拔859公尺） 並與5號步道相接，因此登山難度為各步道之首。1至5號步道整體亦具有一定挑戰性；其餘6至11號步 則相對平緩、較為大眾化，假日期間登山遊客絡繹不絕。5號及5-1號登山步道	長　度：5號約1.4公里；5-1號約1.6公里；高度最高，適合喜歡登山健行的遊客。	登山口：由中興嶺往協中街（香菇街）方向直行約1.5公里至協中街257-1號位置，依指示牌右轉斜頭巷可達登山口。	特　色：此步道可連結1~4號登山步道的終點。沿途有視野良好的展望點，包括黑松亭、高峰亭、頭嵙山頂等，若透視度佳可眺望臺中市區、大肚台地等。 大坑風景區緊急事故處理	東山派出所　　：東山路2段30號　  ，TEL：04-22392713	台中市救難協會：東山路2段151-2號，TEL：04-22110022 露營相關問題～中正露營區電話：04-22390685","","406","臺中市","66000","北屯區","大坑五號登山步道","","04-22289111#58511","24.18308183","120.7973814","1-3小時","","1. 建議老年與高血壓者盡量不攀登大坑1至5號及5-1號步道。2. 大坑4號步道由於落差極大，有一段300公尺的垂直陡坡。3. 一般而言，大坑6、7、8、9、9-1號步道較適合男女老少攀登，而1至5號及5-1號步道對登山客較有挑戰性，大坑1至5號及5-1號及10號步道因具有陡坡，心臟疾病或體力差者，請勿任意嘗試。4.遊客請注意：山區步道附近如見蜂窩，為避免引來虎頭蜂螫叮習性，除不可主動攻擊及喧嘩騷動外，請登山客勿噴香水，也不要穿著鮮豔服裝等；預防原則請保持距離。5.大坑風景區因路窄不適合大客車行駛路段(台中市政府交通局提供)臺中市大坑風景區:北坑巷、連坑巷、橫坑巷、清水巷、濁水巷、建成巷、光西巷、大湖巷、竹坑巷、民興巷","中清交流道往台中市區，接中清路至文心路左轉，經北屯路直走為東山路，即可達大坑圓環。 2.中山高速公路北上方向接中彰快速道路，接環中路至松竹路右轉，松竹路左轉東山路，即可直達大坑圓環。3.中港交流道往市區方向，到達文心路時左轉，經北屯路直走為東山路，即可達大坑圓環。","臺中客運(台中車站04-22224102): 15路、16路 (綠川東站搭乘)也可以到達中台科技大學；另在東山路與松竹路交叉口之經補庫停車場可搭乘台中客運66路(66路會在大坑內繞)2.仁友客運(04-22255166): 1路、20路、21路、31路 (綠川東站搭乘，建議搭仁友，因為車較多) 3.豐原客運(台中北站04-22223435): 往中興嶺、新社、東勢方向等公車路線4.統聯客運(台中總站04-27050898):85路5.巨業客運(台中站04-22257003): 68路","","http://www.scenic.taichung.gov.tw/833821/833844/833845","","","觀景台、步道","登山步道","","體育健身類"
"342","363","387300000H","大坑6號登山步道","大坑風景區～登山步道導覽大坑風景區為臺中市民心靈沉澱的重要休閒場所，也是登山客踏青健身之地，更是中部地區熱門的觀光景點；在平常或例假日處處可見同好攜伴、闔家同遊景象，成為臺中市民共同擁有的後花園。其最具特色之景點為區內14條登山步道。除1至4號步道為東西向外，其餘步道多呈南北走向；其中1至5-1號步道多沿稜線而行，地形特徵相當明顯。本區頭嵙山之最高點位於4號與5號步道交會處。區內各步道長度皆在2,000公尺以下，其中4號步道地勢較為陡峭，全長約1,890公尺，終點銜接頭嵙山最高點（海拔859公尺） 並與5號步道相接，因此登山難度為各步道之首。1至5號步道整體亦具有一定挑戰性；其餘6至11號步 則相對平緩、較為大眾化，假日期間登山遊客絡繹不絕。6號登山步道	長　度：約1.7公里，適合男女老少。	登山口：有兩入口處，一經松竹路循產業道路至6號停車場攀登而上，另一處從光西巷進入直達觀音亭，再循步道而上。	特　色：此步道坡度平緩，終點可到達風動石公園，可遠眺豐原地區風貌及臺中市后里區的環保煙囪。途中有一觀音亭，白色觀音佇立其中，不少人至此參拜，另設有兒童遊樂場、涼亭等。   大坑風景區緊急事故處理	東山派出所　　：東山路2段30號　  ，TEL：04-22392713	台中市救難協會：東山路2段151-2號，TEL：04-22110022 露營相關問題～中正露營區電話：04-22390685","","406","臺中市","66000","北屯區","松竹路一段軍功公墓旁的小徑（350巷）","","04-22289111#58511","24.18768","120.73083","2-3小時","","1. 建議老年與高血壓者盡量不攀登大坑1至5號及5-1號步道。2. 大坑4號步道由於落差極大，有一段300公尺的垂直陡坡。3. 一般而言，大坑6、7、8、9、9-1號步道較適合男女老少攀登，而1至5號及5-1號步道對登山客較有挑戰性，大坑1至5號及5-1號及10號步道因具有陡坡，心臟疾病或體力差者，請勿任意嘗試。4.遊客請注意：山區步道附近如見蜂窩，為避免引來虎頭蜂螫叮習性，除不可主動攻擊及喧嘩騷動外，請登山客勿噴香水，也不要穿著鮮豔服裝等；預防原則請保持距離。5.大坑風景區因路窄不適合大客車行駛路段(台中市政府交通局提供)臺中市大坑風景區:北坑巷、連坑巷、橫坑巷、清水巷、濁水巷、建成巷、光西巷、大湖巷、竹坑巷、民興巷","1.中清交流道往台中市區，接中清路至文心路左轉，經北屯路直走為東山路，即可達大坑圓環。 2.中山高速公路北上方向接中彰快速道路，接環中路至松竹路右轉，松竹路左轉東山路，即可直達大坑圓環。3.中港交流道往市區方向，到達文心路時左轉，經北屯路直走為東山路，即可達大坑圓環。","臺中客運(台中車站04-22224102): 15路、16路 (綠川東站搭乘)也可以到達中台科技大學；另在東山路與松竹路交叉口之經補庫停車場可搭乘台中客運66路(66路會在大坑內繞)2.仁友客運(04-22255166): 1路、20路、21路、31路 (綠川東站搭乘，建議搭仁友，因為車較多) 3.豐原客運(台中北站04-22223435): 往中興嶺、新社、東勢方向等公車路線4.統聯客運(台中總站04-27050898):85路5.巨業客運(台中站04-22257003): 68路","","http://www.scenic.taichung.gov.tw/833821/833844/833845","","","停車場、公廁、觀景台、步道","登山步道","","體育健身類"
"343","364","387300000H","大坑7號登山步道","大坑風景區～登山步道導覽大坑風景區為臺中市民心靈沉澱的重要休閒場所，也是登山客踏青健身之地，更是中部地區熱門的觀光景點；在平常或例假日處處可見同好攜伴、闔家同遊景象，成為臺中市民共同擁有的後花園。其最具特色之景點為區內14條登山步道。除1至4號步道為東西向外，其餘步道多呈南北走向；其中1至5-1號步道多沿稜線而行，地形特徵相當明顯。本區頭嵙山之最高點位於4號與5號步道交會處。區內各步道長度皆在2,000公尺以下，其中4號步道地勢較為陡峭，全長約1,890公尺，終點銜接頭嵙山最高點（海拔859公尺） 並與5號步道相接，因此登山難度為各步道之首。1至5號步道整體亦具有一定挑戰性；其餘6至11號步 則相對平緩、較為大眾化，假日期間登山遊客絡繹不絕。7號登山步道	長　度：約1.3公里，適合男女老少。	登山口：由6號登山步道停車場前約20公尺處左轉上坡即為7號步道入口；產業道路往前下坡再上坡直行可達觀音亭，叉路右轉處為6號步道停車場，由於觀音亭假日常吸引大量遊客，產業道路為單向通行，建議遊客利用公共交通或步行前來，方便遊覽並減少交通壅塞(不建議汽車進入停車場及觀音亭)。	特　色：步道終點可至風動石公園，沿途有各式果園，如柑橘、龍眼、荔枝，樹木成蔭，十分宜人，坡度平緩，容易行走。 大坑風景區緊急事故處理	東山派出所　　：東山路2段30號　  ，TEL：04-22392713	台中市救難協會：東山路2段151-2號，TEL：04-22110022 露營相關問題～中正露營區電話：04-22390685","","406","臺中市","66000","北屯區","建成巷","","04-22289111#58511","24.18759","120.7303","1-2小時","","1. 建議老年與高血壓者盡量不攀登大坑1至5號及5-1號步道。2. 大坑4號步道由於落差極大，有一段300公尺的垂直陡坡。3. 一般而言，大坑6、7、8、9、9-1號步道較適合男女老少攀登，而1至5號及5-1號步道對登山客較有挑戰性，大坑1至5號及5-1號及10號步道因具有陡坡，心臟疾病或體力差者，請勿任意嘗試。4.遊客請注意：山區步道附近如見蜂窩，為避免引來虎頭蜂螫叮習性，除不可主動攻擊及喧嘩騷動外，請登山客勿噴香水，也不要穿著鮮豔服裝等；預防原則請保持距離。5.大坑風景區因路窄不適合大客車行駛路段(台中市政府交通局提供)臺中市大坑風景區:北坑巷、連坑巷、橫坑巷、清水巷、濁水巷、建成巷、光西巷、大湖巷、竹坑巷、民興巷",".中清交流道往台中市區，接中清路至文心路左轉，經北屯路直走為東山路，即可達大坑圓環。 2.中山高速公路北上方向接中彰快速道路，接環中路至松竹路右轉，松竹路左轉東山路，即可直達大坑圓環。3.中港交流道往市區方向，到達文心路時左轉，經北屯路直走為東山路，即可達大坑圓環。","台中客運(台中車站04-22224102): 15路、16路 (綠川東站搭乘)也可以到達中台科技大學；另在東山路與松竹路交叉口之經補庫停車場可搭乘台中客運66路(66路會在大坑內繞)2.仁友客運(04-22255166): 1路、20路、21路、31路 (綠川東站搭乘，建議搭仁友，因為車較多) 3.豐原客運(台中北站04-22223435): 往中興嶺、新社、東勢方向等公車路線4.統聯客運(台中總站04-27050898):85路5.巨業客運(台中站04-22257003): 68路","","http://www.scenic.taichung.gov.tw/833821/833844/833845","","","停車場、公廁、步道","登山步道","","體育健身類"
"344","365","387300000H","大坑8號登山步道","大坑風景區～登山步道導覽大坑風景區為臺中市民心靈沉澱的重要休閒場所，也是登山客踏青健身之地，更是中部地區熱門的觀光景點；在平常或例假日處處可見同好攜伴、闔家同遊景象，成為臺中市民共同擁有的後花園。其最具特色之景點為區內14條登山步道。除1至4號步道為東西向外，其餘步道多呈南北走向；其中1至5-1號步道多沿稜線而行，地形特徵相當明顯。本區頭嵙山之最高點位於4號與5號步道交會處。區內各步道長度皆在2,000公尺以下，其中4號步道地勢較為陡峭，全長約1,890公尺，終點銜接頭嵙山最高點（海拔859公尺） 並與5號步道相接，因此登山難度為各步道之首。1至5號步道整體亦具有一定挑戰性；其餘6至11號步 則相對平緩、較為大眾化，假日期間登山遊客絡繹不絕。8號登山步道	長   度：約0.95公里，適合男女老少、親子同遊。	登山口：原入口並不顯眼，由建成巷行約800公尺產業道路進入。	特   色：此步道沿途果園林立，令登山客忍不住駐足觀賞，終點亦達風動石公園，公園內設置多處涼亭，提供民眾一處美好的休憩場所。  大坑風景區緊急事故處理	東山派出所　　：東山路2段30號　  ，TEL：04-22392713	台中市救難協會：東山路2段151-2號，TEL：04-22110022 露營相關問題～中正露營區電話：04-22390685","","406","臺中市","66000","北屯區","軍功寮以北山區的風動石森林公園","","04-22289111#58511","24.19103","120.72824","0.5-1小時","","1. 建議老年與高血壓者盡量不攀登大坑1至5號及5-1號步道。2. 大坑4號步道由於落差極大，有一段300公尺的垂直陡坡。3. 一般而言，大坑6、7、8、9、9-1號步道較適合男女老少攀登，而1至5號及5-1號步道對登山客較有挑戰性，大坑1至5號及5-1號及10號步道因具有陡坡，心臟疾病或體力差者，請勿任意嘗試。4.遊客請注意：山區步道附近如見蜂窩，為避免引來虎頭蜂螫叮習性，除不可主動攻擊及喧嘩騷動外，請登山客勿噴香水，也不要穿著鮮豔服裝等；預防原則請保持距離。5.大坑風景區因路窄不適合大客車行駛路段(台中市政府交通局提供)臺中市大坑風景區:北坑巷、連坑巷、橫坑巷、清水巷、濁水巷、建成巷、光西巷、大湖巷、竹坑巷、民興巷","中清交流道往台中市區，接中清路至文心路左轉，經北屯路直走為東山路，即可達大坑圓環。 2.中山高速公路北上方向接中彰快速道路，接環中路至松竹路右轉，松竹路左轉東山路，即可直達大坑圓環。3.中港交流道往市區方向，到達文心路時左轉，經北屯路直走為東山路，即可達大坑圓環。","臺中客運(台中車站04-22224102): 15路、16路 (綠川東站搭乘)也可以到達中台科技大學；另在東山路與松竹路交叉口之經補庫停車場可搭乘台中客運66路(66路會在大坑內繞)2.仁友客運(04-22255166): 1路、20路、21路、31路 (綠川東站搭乘，建議搭仁友，因為車較多) 3.豐原客運(台中北站04-22223435): 往中興嶺、新社、東勢方向等公車路線4.統聯客運(台中總站04-27050898):85路5.巨業客運(台中站04-22257003): 68路","","http://www.scenic.taichung.gov.tw/833821/833844/833845","","","停車場、公廁、步道","登山步道","","體育健身類"
"345","448","387300000H","大坑10號登山步道(封閉中)","因今年7月丹娜絲颱風及 0728 西南氣流帶來連日豪大雨，將進行災後復建工程。為避免發生危險，已全線封閉此登山步道，預計115年8月完工。整修期間請民眾暫勿前往，造成不便，敬請見諒。大坑風景區～登山步道導覽大坑風景區為臺中市民心靈沉澱的重要休閒場所，也是登山客踏青健身之地，更是中部地區熱門的觀光景點；在平常或例假日處處可見同好攜伴、闔家同遊景象，成為臺中市民共同擁有的後花園。其最具特色之景點為區內14條登山步道。除1至4號步道為東西向外，其餘步道多呈南北走向；其中1至5-1號步道多沿稜線而行，地形特徵相當明顯。本區頭嵙山之最高點位於4號與5號步道交會處。區內各步道長度皆在2,000公尺以下，其中4號步道地勢較為陡峭，全長約1,890公尺，終點銜接頭嵙山最高點（海拔859公尺） 並與5號步道相接，因此登山難度為各步道之首。1至5號步道整體亦具有一定挑戰性；其餘6至11號步 則相對平緩、較為大眾化，假日期間登山遊客絡繹不絕。 10號登山步道	長　度：約1.2公里，適合戶外教學及全家大小。	登山口：經補庫停車場斜對面之經補路直走至九九橋對面。	特　色：此步道計有竹林步道、相思林道、九重葛花區、姑婆芋生態區及峭壁雄峰等五處，生態豐富，均設有解說牌。路面有枕木碎石步道、原始泥土路面及木階梯步道等，並設有觀景涼亭及平台，供人休息。 大坑風景區緊急事故處理	東山派出所　　：東山路2段30號　  ，TEL：04-22392713	台中市救難協會：東山路2段151-2號，TEL：04-22110022 露營相關問題～中正露營區電話：04-22390685","","406","臺中市","66000","北屯區","東山路一段383巷","","04-22289111#58511","24.18015","120.73367","1-3小時","","旅遊叮嚀1. 建議老年與高血壓者盡量不攀登大坑1至5號及5-1號步道。2. 大坑4號步道由於落差極大，有一段300公尺的垂直陡坡。3. 一般而言，大坑6、7、8、9、9-1號步道較適合男女老少攀登，而1至5號及5-1號步道對登山客較有挑戰性，大坑1至5號及5-1號及10號步道因具有陡坡，心臟疾病或體力差者，請勿任意嘗試。4.遊客請注意：山區步道附近如見蜂窩，為避免引來虎頭蜂螫叮習性，除不可主動攻擊及喧嘩騷動外，請登山客勿噴香水，也不要穿著鮮豔服裝等；預防原則請保持距離。5.大坑風景區因路窄不適合大客車行駛路段(台中市政府交通局提供)臺中市大坑風景區:北坑巷、連坑巷、橫坑巷、清水巷、濁水巷、建成巷、光西巷、大湖巷、竹坑巷、民興巷","1.中清交流道往台中市區，接中清路至文心路左轉，經北屯路直走為東山路，即可達大坑圓環。 2.中山高速公路北上方向接中彰快速道路，接環中路至松竹路右轉，松竹路左轉東山路，即可直達大坑圓環。3.中港交流道往市區方向，到達文心路時左轉，經北屯路直走為東山路，即可達大坑圓環。","1.台中客運(台中車站04-22224102): 15路、16路 (綠川東站搭乘)也可以到達中台科技大學；另在東山路與松竹路交叉口之經補庫停車場可搭乘台中客運66路(66路會在大坑內繞)2.仁友客運(04-22255166): 1路、20路、21路、31路 (綠川東站搭乘，建議搭仁友，因為車較多) 3.豐原客運(台中北站04-22223435): 往中興嶺、新社、東勢方向等公車路線4.統聯客運(台中總站04-27050898):85路5.巨業客運(台中站04-22257003): 68路","","http://www.scenic.taichung.gov.tw/833821/833844/833845","","","停車場、公廁、觀景台、步道、公車站","登山步道","","體育健身類"
"346","787","387300000H","知高圳步道","由枕木鋪設完成的知高圳步道沿著圳修建，位於烏日區與大肚區之間，步道往返路程約6公里，步道入口至好漢坡頂峰學田山高低落差僅約80公尺，不需耗費太多體力即可輕鬆走完全程。是散步、休閒、運動的好地方，到了夜晚萬家燈火星光閃閃的夜景如詩如畫。結束登高望遠的步道之旅，下山後還可順道參觀鄰近的善光寺、聚奎居、成功火車站、烏日啤酒廠等景點。","","414","臺中市","66000","烏日區","中山路三段登寺巷176號","","","24.11801","120.58959","1-3小時","","","由成功嶺大門口方向往旭光國小進入或由烏日區中山路往彰化方向過成功嶺路口後不遠，右轉入登寺巷前往善光寺，停妥愛車後，可步行前往知高圳步道入口。","","","","","","步道","登山步道","","自然風景區類、遊憩類"
"347","1151","387300000H","大肚瑞井登山步道","總長約405公尺，瑞井登山步道擁有豐富的自然景觀及生態資源，其中瑞井社區的三口井、紅磚厝等更是電視劇《花甲男孩轉大人》的知名景點，且步道兩旁為受保護林地，也是每年紫斑蝶遷徙過境之地，環境幽靜，宛如桃花源，可延伸步道至南寮古道，串聯大肚山步道系統，","","432","臺中市","66000","大肚區","瑞井里","","","24.16494208","120.5709101","0.5-1小時","","","","","","","","ChIJZ9TPmLU_aTQRbogaU1XWf6U","步道","登山步道","",""
"348","1400","387300000H","中心瓏登山步道","霧峰區中心瓏登山步道，海拔約200公尺，位於省諮議會後方的「中心瓏登山步道」，長度約1.8公里，地理位置及視野極佳，步道坡度平緩，沿途設有體健設施及觀景平臺，至高點聚英亭，為造型典雅的梅亭風格，可供遊客休憩，可近觀霧峰、遠眺臺中市的美景，非常適合親子出遊，是假日闔家漫步休閒好去處。","","413","臺中市","66000","霧峰區","中正路734號","","","24.05828746","120.7027933","1-1.5小時","","","","","","","","ChIJc47ZURk7aTQRB9GW3p0twhs","停車場、公廁、觀景台","登山步道","",""
"349","1401","387300000H","萬豐環山步道","本步道由霧峰區中正路176巷進入，沿途有綠油油的稻田夾道，陣陣香甜的氣味撲鼻而來，經慈悟寺左轉，即進入登山步道，此步道屬無污染的地區，走在這裡可以吸收大量芬多精，沿途綠樹如蔭，草木扶疏，鳥囀蟲鳴，運氣好的話還可以看到紅蜻蜓、獼猴與多種鳥類，令人心曠神怡，步道每天都有社區志工打掃，非常整潔乾淨，設有指示牌、涼亭，高點展望佳，設有二座觀景平台、小花園，可眺望霧峰、草屯、烏溪、國道6號，及周邊翠綠山丘。 鄰近有農業試驗所、地震博物館等景點，充滿人文特色，為適合民眾休閒放鬆踏青的好去處。","","413","臺中市","66000","霧峰區","中正路176巷","","","24.02757257","120.7030427","1.5-2小時","","","","","","","","ChIJexrzrdc6aTQRyi2Ng-4fvII","觀景台","登山步道","",""
"350","1402","387300000H","阿罩霧櫻花杜鵑步道","本步道位於臺中市霧峰區，原名叫好漢坡，目前更名為阿罩霧櫻花杜鵑步道，步道兩旁有許多桐花之外，後來又種滿櫻花。從省議會大門進入，往議會山莊直直行，車可停第一登山步道口，再直走至第二登山步道口右轉好漢坡，步道環繞後由第一步道口結束，趁著花季前往欣賞盛開的櫻花，可享受登山樂趣。","","413","臺中市","66000","霧峰區","霧峰萊園里與坑口里的交界","","","24.05361615","120.7007682","1-1.5小時","","","","","","","","","","登山步道","",""
"351","1441","387300000H","學田山","以善光寺為起點，沿著知高圳步道前行，原先的緩坡逐步變陡時，便是雪蓮步道了。拾級而上，眼見草原被夕陽染成大片金色的美景，讓人不虛此行。","","432","臺中市","66000","大肚區","王福街2巷32弄38號","","","24.1216243","120.5833003","","","","","","","","","ChIJ6RWG5-c-aTQRfamF95k8iU4","步道","登山步道","","自然風景區類"
"352","1445","387300000H","大坑11號登山步道(封閉中)","因今年7月丹娜絲颱風及 0728 西南氣流帶來連日豪大雨，將進行災後復建工程。為避免發生危險，已封閉此登山步道，預計115年8月完工。整修期間請民眾暫勿前往，造成不便，敬請見諒。大坑11號登山步道(中臺科大觀音山登山步道)全長1公里，海拔介於190至318公尺之間，步道有多個登山口，其一位於中臺科技大學科技大樓後，步道最高點為南觀音山玉佛寺，再沿下山步道返回中臺科技大學中台湖旁。位於南觀音山山頂的玉佛寺，一座巨大的金色觀音像立於其中，氣氛莊嚴寧靜，不時有信徒來往參拜。在此不僅可遠眺繁華的臺中市景，也能一覽翠綠起伏的大坑山區，兩種享受一次滿足。 玩樂攻略	步道長度較短，適合全家大小一同出遊，親近大自然，健身散心。	位置近市區，交通便利，臨時規劃也能輕鬆抵達，出遊無負擔。	景觀優美，可遠眺臺中市景，也能親近大坑山區明媚山色。","","406","臺中市","66000","北屯區","南觀音山","","","24.17757881","120.7396066","2-3小時","","","","","","","","","觀景台、步道","登山步道","",""
"353","1446","387300000H","草嶺登山步道及楓仔林登山步道","楓仔林步道為草嶺登山步道的支線步道，步道總長720公尺(楓仔林步道長70公尺、草嶺登山步道長650公尺)，全線以木棧道及卵石步道組成，沿途經過三座休憩涼亭、林蔭步道，步道頂端有景觀台，視野遼闊，可將太平山山谷風貌盡收眼底，適合闔家大小登山健行一日遊。","","411","臺中市","66000","太平區","長龍路三段245巷","","","24.10593","120.77404","建議旅遊時間1-2小時","","","","","","","","","步道","登山步道","","自然風景區類"
"354","1447","387300000H","桐林里登山步道","中市府觀光旅遊局於108年度整修霧峰區桐林里登山步道，針對老舊步道重新拆除整修，以手作步道精神採用木作材料建置沿線木棧道，並增設休憩平台提供遊客使用。 桐林里登山步道坐落於霧峰區桐林社區發展協會旁，步道為環狀系統，總長約300公尺，屬於社區型登山步道，適合霧峰區居民平日和假日休閒時前往運動，路程約15分鐘。","","413","臺中市","66000","霧峰區","鄰近霧峰區桐林社區發展協會旁","","","24.06338052","120.7377676","1小時","","","","","","","","","觀景台","登山步道","",""
"355","1454","387300000H","雙崎部落埋伏坪登山步道(封閉中)","因今年7月丹娜絲颱風及 0728 西南氣流帶來連日豪大雨，將進行災後復建工程。為避免發生危險，已封閉此登山步道，預計115年3月完工。整修期間請民眾暫勿前往，造成不便，敬請見諒。雙崎部落埋伏坪登山步道全長2.6公里，海拔介於520至760公尺之間，和平區自由里里辦公處旁即為步道起點，由桃樹園山徑途切上稜，終點銜接東崎路2段。步道位處大安溪沿線，屬泰雅族北勢群聚落雙崎部落，蘊含豐富自然林資源、多樣生物系統，及原住民族特色及文化。昔日部落水圳遺址，狹小幽暗的神祕洞口勾起遊客的好奇心。路途中可眺望雙崎部落及大安溪河谷，山間綠景使人一新耳目。站在百年櫸木群中，數人環抱的樹木高聳直入天際，原始森林風貌令人讚嘆。 玩樂攻略	雙崎部落埋伏坪登山步道，昔日是泰雅族北勢群族人的獵徑古道，親近山林，深度體驗臺灣多元文化。	竹林與百年櫸木群秘境，原始自然景觀令人讚嘆，是值得推薦的拍照打卡景點。	天然巨石鑿切而成的石階，更具步道小徑的玩賞妙趣。","","424","臺中市","66000","和平區","東崎路二段","","","24.29154904","120.9092262","","","","","","","","","","","登山步道","",""
"356","1746","387300000H","公老坪蜈蚣崎登山步道(封閉中)","因今年7月丹娜絲颱風及 0728 西南氣流帶來連日豪大雨，將進行災後復建工程。為避免發生危險，已全線封閉此登山步道，預計115年4月完工。整修期間請民眾暫勿前往，造成不便，敬請見諒。「豐原公老坪蜈蚣崎登山步道」已投保公共意外責任險 公老坪蜈蚣崎登山步道是休閒級的生態體驗步道，海拔約500公尺，適合親子健行，步道走起來平緩輕鬆且視野良好，可俯瞰整個北臺中景致，天氣晴朗時，甚至能遠眺大甲溪出海口，是登山賞景的絕佳地點。","","420","臺中市","66000","豐原區","富陽路235巷342-2號","","","24.2665547","120.7506385","","","","","","","","","ChIJtRIMBPIbaTQRP3SN-XL4dw8","公廁、步道、公車站","登山步道","","自然風景區類"
"357","1747","387300000H","環山獵人登山步道","環山獵人登山步道在設計之初就訪問環山部落耆老，以減量設計、環境永續方式，打造具有部落文化傳承意義的登山步道，結合泰雅族部落元素設置具有特色的遊憩節點，如以原木及部落圖騰建構淨化祈福之地；將荒廢的半穴居遺址群落以木構造重新整建；聆聽部落需求，設置獵人射箭競技場；以疊石、織布紋路及繡眼畫眉鳥意象營造指標系統，讓前來遊憩的旅客除了體驗山林外，更能理解部落文化。步道環狀線總長度約2.5公里，其中小環線全長1.2公里，老少咸宜，是讓人親近山林的休閒級步道，如要自我挑戰，則可以選擇全長1.3公里、有坡度挑戰的健腳級大環線來體驗。線上遊環山獵人登山步道>>","","424","臺中市","66000","和平區","環山獵人步道（平等國小後方登山口）","觀旅局工程科","","24.3179113","121.2931666","2.5hr","","","","","","","","ChIJzT-UVhKLaDQREuEfQUoruL0","","登山步道","","生態類"
"358","1833","387300000H","豐原萬里長城杜鵑花道","早年豐原區的萬里長城登山步道，由一群熱愛山林的山友共同闢建，全段路徑的休憩據點命名自萬里長城相關地名，如八道樓子、玉門關、山海關等，別具特色。雖曾因九二一地震而受損，但後續已由觀光旅遊局重新整建具備絕佳視野的路段，並串聯八道樓子，逐步重現步道往日的活力與風采。萬里長城登山步道長約1.2公里，由東陽路登山口起登，沿著山稜線蜿蜒前行至八道樓子。途中可遠眺豐原區與北屯區的市區風景，景致遼闊，四季皆宜，是適合全年齡層市民朋友悠閒健行、親近自然的好去處。","","420","臺中市","66000","豐原區","東陽路888號","觀旅局工程科","","24.2229186","120.7587418","1~2小時","","","","","","","","ChIJA3tUHQAZaTQR84_oo0um9p4","公廁、步道","登山步道","","生態類"
"359","1845","387300000H","沙鹿休閒景觀步道","分級：休閒級所在區域：沙鹿區長度：1.9KM運動時間：約1小時沙鹿休閒景觀步道位於台灣大道正英路(專用道)旁，全長1.9公里，除了是社群上的熱門打卡景點，在網路上更有台版迷你萬里長城之稱，步道設置於國道3號高速公路底下，沿途有完善的休憩設施，包括觀景台、涼亭與解說牌，步道以其寧靜的氛圍和綠意盎然的環境聞名，在步道的高點處還能俯瞰沙鹿的城鎮景色，特別適合喜愛慢活的家庭、運動愛好者以及攝影愛好者。","","433","臺中市","66000","沙鹿區","台灣大道六段458號","","","24.20840207","120.5817179","","","","","","","","","ChIJF0_fXLIVaTQR7JyUgcLS7wc","停車場、公廁、步道","登山步道","",""
"360","1858","387300000H","屋我尾山步道","⛰登山安全注意事項谷關七雄非一般登山步道，屬於臺中市登山活動管理自治條例中之一般管制山域，攀登前務必詳閱登山活動管理自治條例，並評估體能，妥善規劃行程。屋我尾山位於大甲溪北岸，為谷關七雄中的老三。步道沿路環境多樣，有杜鵑林，稜線上矮密的風衝林、杉木造林地、針闊混合林與楠櫟林；林下潮濕的枯枝倒木與落葉層上有著成簇之蕈叢。天氣晴朗時，從步道的破空處可遠眺周圍群山。","","424","臺中市","66000","和平區","","","","24.19300403","120.9908971","","","","","","","","","ChIJu0jp2wjkaDQRSN5jfRX4ZLI","步道","登山步道","",""
"361","791","387300000H","新田登山步道(部分路段封閉)","受丹娜斯颱風及0728西南氣流影響，部分路段仍有邊坡不穩與步道破損情形，提醒山友務必提高警覺，行前留意天氣狀況，並避免進入危險區域。預計115年底前完工。「新田山步道-第一、第二、第三、第五步道」已投保公共意外責任險新田登山步道全長2.9公里，海拔介於279至500公尺之間，起點是新田登山步道停車場，走到終點聚興山三角點後，可沿環狀登山步道返回停車場。1063階的木棧階梯、賞鷹平台、觀景台等，沿路賞景休憩點多，是潭子與豐原地區民眾平日和假日休閒健行的好去處。知名的1063階木棧階梯沿山坡而建，連續爬坡挑戰遊客體力。由賞鷹平台遠望廣闊的藍天白雲，腳下是無盡的起伏山巒，當微風吹走額上的汗水，路途中所有疲憊都得到淨化。玩樂攻略	知名1063階木棧階梯，挑戰遊客體力及耐力。	路經許願池、賞鷹平台、觀景台，視野良好，山景悠然。	沿途相思樹、黑板樹、竹林等各式闊葉林樹種茂密，空氣清新，連登山的步伐也輕盈起來。","","427","臺中市","66000","潭子區","豐興路二段龍興巷","","","24.214","120.73808","1-3小時","","","由中山高下豐原交流道後，延中山路直行，至潭子後左轉仁愛路直行至一段處，左轉豐興路直行遇龍興巷右轉而入，順龍興路直行即可到達。","","","","","","停車場、公廁、觀景台、步道","登山步道、戶外運動","","生態類、自然風景區類、體育健身類"
"362","1384","387300000H","竹坑南寮登山步道","步道沿途層巒疊嶂，視野遼闊；從景觀台可眺望北起台中港，南至彰化線西鄉及大肚溪出海口，無論是薄霧晨喚或夕陽餘暉，狹長海岸線風情及觀山景致，皆可盡收眼底。此外，爬山健行之餘，可享受龍井的風吹，感受自然的草動，體驗自然慢活的節奏，登山步道(C步道)旁還有海洋主題的「鯉魚山公園」，是相當適合親子出遊的好去處！","","434","臺中市","66000","龍井區","中沙路南寮巷70號","","","24.1788","120.54956","1.5-2小時","","","","","","","","ChIJ8SV3W84_aTQRLy4WwRBYxFc","停車場、公廁、觀景台","登山步道、戶外運動","","自然風景區類"
"363","1404","387300000H","青桐林生態區步道","本步道位處臺中霧峰區桐林里北坑溪一帶的青桐林生態園區，總面積約180公頃，海拔高度在300-500公尺之間，最高點為海拔483公尺的「霧峰奧山」，又稱作為「霧峰契山」。 內有北坑溪及南坑溪兩條河流經過，過去曾出租給居民種植果樹造林，惟後來承租者逐漸轉移他處耕作，因長時間無人為開發破壞，而造就園區保存完整的森林植被與林相，蘊含豐富珍貴稀有的動植物生態資源，及鄰近九九峰自然保留區，屬於卵石所構成的頭嵙山地質，為特殊的岩壁地理景觀。","","413","臺中市","66000","霧峰區","北坑產業道路","","","24.05126521","120.7805496","1-1.5小時","","","","","","","","ChIJNY8eqgwkaTQRMQqIHRddAg8","停車場、步道、公車站","登山步道、戶外運動","",""
"364","1856","387300000H","白毛山步道","⛰登山安全注意事項谷關七雄非一般登山步道，屬於臺中市登山活動管理自治條例中之一般管制山域，攀登前務必詳閱登山活動管理自治條例，並評估體能，妥善規劃行程。絕美遼闊的展望點，高人氣白鹿吊橋就在白毛山！白毛山位於大甲溪南岸，屬於谷關七雄中的老六，三角點約為1522公尺，擁有七雄中難得的展望。白毛山以闊葉次生林為主，及大面積的柳杉造林地，濃密的植被吸引許多大型哺乳動物和鳥類來此覓食。步道沿途多處陡峭地勢，三角點前的崩塌地可俯瞰大甲溪、谷關大道院，眺望東卯山、唐麻丹山等美景，山頂有木造涼亭可供休息。","","426","臺中市","66000","新社區","","","","24.16905197","120.9194756","","","","","","","","","ChIJI1-mItzhaDQRxa2z7gc6V_o","","登山步道、戶外運動","",""
"365","1857","387300000H","唐麻丹山步道","⛰登山安全注意事項谷關七雄非一般登山步道，屬於臺中市登山活動管理自治條例中之一般管制山域，攀登前務必詳閱登山活動管理自治條例，並評估體能，妥善規劃行程。唯一瀑布景觀步道唐麻丹山步道位於大甲溪南岸，在谷關七雄中排行最末，也是七雄中海拔高度最矮的一座，雖然高度最矮，但由登山口至山頂的落差超過650公尺，仍然是相當挑戰的路線。 唐麻丹山登山口位於裡冷部落，山頂展望為七雄最佳，向東可以眺望八仙山及馬崙山，向西則是白毛山與阿冷山，向北則與東卯山及屋我尾山遙遙相望。往山頂的途中有一條通往蝴蝶谷瀑布的步道，可視體力及時間選擇是否順訪，唐麻丹山步道是谷關七雄中唯一一條具有瀑布景觀的步道。","","424","臺中市","66000","和平區","","","","24.16044288","120.9695302","","","","","","","","","ChIJTYzeOBPhaDQR-6XR9AYEdao","步道","登山步道、戶外運動","",""
"366","1859","387300000H","馬崙山步道","【注意】2025/02/17 - 2025/10/31 步道為部份開放。馬崙山步道主線往五葉松媽媽方向1.6K處棧橋遭落石砸毀，該棧橋暫時封閉，請民眾多利用支線(往八壯士)行走。⛰登山安全注意事項谷關七雄非一般登山步道，屬於臺中市登山活動管理自治條例中之一般管制山域，攀登前務必詳閱登山活動管理自治條例，並評估體能，妥善規劃行程。馬崙山之字行上山，路寬大好走，放鬆愜意的感覺馬崙山為雪山山脈白姑大山向西延伸之山岳，「谷關七雄」中排行老二，是中部著名的中級山。 步道0K至1.8K，以及通往八壯士神木的支線，過去合稱為「斯可巴步道」，是早期泰雅族原住民狩獵的場所之一，也是昔日新山林場之木馬道；而通往馬崙山的路徑則是早年新山分場員工運補生活用品修築的步道。馬崙山步道二葉松夾道，滿地松針與楓葉，走起來柔軟有彈性，秋季楓葉轉紅，更是有如紅地毯般的美麗。途經百年五葉松媽媽時，可聆聽松濤聲有如一波波海浪襲捲而來，伴隨著空氣中飄散著松香，令人心曠神怡。步道旁的展望平台可俯看谷關風光，遠眺山巒優美曲線，視野極佳，可說是谷關地區最優美的步道。","","400","臺中市","66000","中區","","","","24.19699399","121.0181614","","","【注意】2025/02/17 - 2025/10/31 步道為部份開放馬崙山步道主線往五葉松媽媽方向1.6K處棧橋遭落石砸毀，該棧橋暫時封閉，請民眾多利用支線(往八壯士)行走","","","","","","ChIJ7UAwc0rkaDQRFQthr014QmI","步道","登山步道、戶外運動","",""
"367","1860","387300000H","波津加山步道","⛰登山安全注意事項谷關七雄非一般登山步道，屬於臺中市登山活動管理自治條例中之一般管制山域，攀登前務必詳閱登山活動管理自治條例，並評估體能，妥善規劃行程。機能最好的波津加山，一定要來谷關溫泉體驗一下波津加步道位於大甲溪北岸，在谷關七雄中排行第四，昔日為台電保線道路，林徑旁仍能見到倒臥的老舊木製電桿及固定用鋼索。「波津加」名稱的由來據說是因步道坡度陡峭，許多登山者形容其「坡真陡」（閩南語諧音）。由於高低差約1千公尺，全段幾乎都在爬升，來回時間需7～8小時。","","424","臺中市","66000","和平區","","","","24.20703574","121.0085766","","","","","","","","","ChIJBWE1NGjkaDQRHwMoqAKhmMs","步道","登山步道、戶外運動","",""
"368","1861","387300000H","八仙山主峰步道","⛰登山安全注意事項谷關七雄非一般登山步道，屬於臺中市登山活動管理自治條例中之一般管制山域，攀登前務必詳閱登山活動管理自治條例，並評估體能，妥善規劃行程。七雄之首，八仙山君頭頂的角象征八仙山上的針葉林八仙山因海拔約八千日尺，原擬名「八千山」，之後以較典雅的「八仙山」名之，為谷關七雄之首，以健行的步伐來回約需8小時，步道前半段坡度較陡，上了稜線後較為平緩，全程走在林蔭中，植被由常綠闊葉林進入四季變化明顯的針闊葉混合林，四季景色繽紛多變。","","424","臺中市","66000","和平區","","","","24.1886384","121.0132589","","","","","","","","","ChIJ-ShkrT3kaDQR0OMF8pd0rKI","步道","登山步道、戶外運動","",""
"369","1862","387300000H","東卯山步道","【注意】2023/04/26 - 2025/07/28配合台電塔基工程施工，封閉部份步道路徑。⛰登山安全注意事項谷關七雄非一般登山步道，屬於臺中市登山活動管理自治條例中之一般管制山域，攀登前務必詳閱登山活動管理自治條例，並評估體能，妥善規劃行程。Z字緩上坡，最長最美的人氣步道就在東卯山東卯山，海拔1,692公尺，谷關七雄排名第五，原為台電之保線道路。沿線風景秀麗，生態資源豐富多樣，登山路徑呈和緩的之字坡向上攀升，寬大好走，是座很容易親近的山。登頂後腹地寬廣，設有大型微波反射板，視野遼闊，擁有360度絕佳的好風光，天氣良好時除可遠眺松鶴部落外，鳶嘴、稍來、馬崙山、八仙山稜脈、唐麻丹山之山巒美景盡收眼底。","","424","臺中市","66000","和平區","","","","24.17531053","120.9439252","","","","","","","","","ChIJx2enIZXhaDQRG1VgFOKWyts","步道","登山步道、戶外運動","",""
"370","837","387300000H","萬里長城登山步道(部分路段封閉中)","受丹娜絲颱風及0728西南氣流帶來連日大雨，部分路段有邊坡不穩與步道破損情形，提醒山友務必提高警覺，行前留意天氣狀況，並避免進入危險區域，預計115年4月完工。座落於大肚區的萬里長城登山步道，位於大肚山台地西南側之保安林區，而被命為萬里長城，因整段步道蜿蜒如長城而得名，登山步道單程約需1小時路程，兩側林相優美、花木扶疏，遠眺翠綠的山巒可一覽大肚丘陵的明媚風光，於綠意盎然的山林內可享受大自然的芬多精，亦可欣賞黃昏日落。保安林登山步道位於大肚山西麓，清幽的登山健行路線，建議安排1~2小時停留，依據您的體能和時間做安排，而在路段的好幾處，能眺望台中海線平原，天氣好時，能一望台灣海峽，於登山入口處，設有涼亭廣場，建議除來此登山健行外，不妨與親朋好友帶著食物前往，於這片山林中分享美食，離開時別忘了順手帶走垃圾，山林環境需要你我共同來維護!","全天開放","432","臺中市","66000","大肚區","萬里長城健康步道","","","24.15395","120.56492","1-2小時","","","國道1號下王田交流道→沿台1線往大肚方向約4公里，即可依指標前行。","","","","","ChIJe3xCZgk_aTQR2XpOzIMFoqo","公廁、觀景台、步道","登山步道、戶外運動、生態之旅","","生態類、自然風景區類、遊憩類、體育健身類"
"371","1638","387300000H","大坑3-1號登山步道","大坑風景區～登山步道導覽大坑風景區為臺中市民心靈沉澱的重要休閒場所，也是登山客踏青健身之地，更是中部地區熱門的觀光景點；在平常或例假日處處可見同好攜伴、闔家同遊景象，成為臺中市民共同擁有的後花園。其最具特色之景點為區內14條登山步道。除1至4號步道為東西向外，其餘步道多呈南北走向；其中1至5-1號步道多沿稜線而行，地形特徵相當明顯。本區頭嵙山之最高點位於4號與5號步道交會處。區內各步道長度皆在2,000公尺以下，其中4號步道地勢較為陡峭，全長約1,890公尺，終點銜接頭嵙山最高點（海拔859公尺） 並與5號步道相接，因此登山難度為各步道之首。1至5號步道整體亦具有一定挑戰性；其餘6至11號步 則相對平緩、較為大眾化，假日期間登山遊客絡繹不絕。3-1號登山步道	長　度：約350公尺，適合與大坑3、4號登山步道一同挑戰。	登山口：自大坑圓環右轉橫坑巷，至連坑巷右轉到中正露營區再經停車場，前行經長青橋後約60公尺可至登山口。	特　色：步道臨水，生態豐富，常可見蝶類、蜻蜓、蜜蜂飛舞，沿線為低海拔闊葉林，夏末可見綠意盎然的山林間點綴臺灣欒樹的金黃色小花，並於秋季換上鮮豔的磚紅色蒴果。","","406","臺中市","66000","北屯區","長青橋附近","","04-22289111#58511","24.17655535","120.7920879","","","","","","","http://www.scenic.taichung.gov.tw/833821/833844/833845","","","停車場、公廁、步道、公車站","登山步道、戶外運動、生態之旅","",""
"372","1742","387300000H","大坑1號步道體能訓練場","曾帶給台中市民許多回憶的「大坑1號登山步道體訓場」，2023年全新蛻變為12道好玩又有趣的體訓設施，適用年齡為13歲以上，現場設施告示牌有介紹各設施攻略方法，請大家使用前參閱，才得以更安全挑戰森林探索體能訓練活動，設施皆是免費遊玩，歡迎立即前往探索旅程。建議欲前往的民眾依照道路指標牌方向行駛，導航可設定至大坑1號登山步道停車場，停放車輛後再步行400公尺，約5至10分鐘路程，即可到達體訓場山林體驗設施重要提醒：每週四休園整理，當日進行設施查檢，園區不開放。大坑風景區緊急事故處理	東山派出所　　：東山路2段30號　  ，TEL：04-22392713	台中市救難協會：東山路2段151-2號，TEL：04-22110022體能訓練場互動地圖","","406","臺中市","66000","北屯區","大坑一號登山步道","臺中市政府觀光旅遊局","","24.19033155","120.7860518","1-2小時","","","","","","","","ChIJSZ-DEAMZaTQRnqsYhbpRNA4","","登山步道、戶外運動、生態之旅","","遊憩類、體育健身類"
"373","1846","387300000H","挑物古道及九房里步道","挑物古道位於石岡區金星里東側與九房里、龍興里交界處，是擁有百年歷史的古道，為早期山上居民挑物下山必經路線，故名為挑物古道，沿線經過石岡區熱門景點「五福臨門神木」，於步道最高處可鳥瞰石岡市區，欣賞純樸恬淡的自然風光。","","422","臺中市","66000","石岡區","","","","24.269556","120.790222","","","","","","","","","ChIJc028dgobaTQRv8dlINFNckw","公廁、步道","登山步道、戶外運動、生態之旅","",""
"374","743","387300000H","咬人狗坑生態景觀步道","太平區公所為讓民眾對大自然有更深的認識，從咬人狗坑至三汀山之間，沿路設置許多植物解說牌，介紹其豐富的自然資源。咬人狗坑沿線的老鼠崎景觀步道，經修建完成後，沿途設有枕木步道、植物及景觀解說標示牌，並有石椅供遊客休息及路邊花園等多處貼心的規劃。咬人狗坑沿一江橋旁之產業道路而上，為一處經完善規劃設計的登山健行步道，其環形的步道是登山健行者的新樂園，沿途有各類昆蟲及植物，到達嶺峰可稍作休息，並可鳥瞰頭汴坑溪蜿蜒的景緻，適合親子一起環山健行，可以強身健體。","","411","臺中市","66000","太平區","咬人狗坑生態景觀步道","","04-22799299","24.13892","120.74447","1-2小時","","","國道1號下中港交流道→中港路→民權路→復興路→復興橋靠橋下右線轉樂業路→太平區東平路→見一江橋左轉→咬人狗坑健行步道。","","","","","ChIJ0a3kmpoiaTQRZiUd6G6aheE","","登山步道、生態之旅","","生態類"
"375","1381","387300000H","太平蝙蝠洞、百蝠吊橋及登山步道(封閉中)","太平區蝙蝠洞登山步道因今年7月丹娜絲颱風及 0728 西南氣流帶來連日豪大雨，將進行災後復建工程。為避免發生危險，已全線封閉此登山步道，預計115年底前完工。整修期間請民眾暫勿前往，造成不便，敬請見諒。蝙蝠洞登山步道步道總長880公尺，為太平區最負盛名，且深具人文氣息的遊憩據點，隨著百蝠橋休憩區開放，吸引不少旅人嘗鮮走訪，步道兩處優質美景，且山水並蓄。處處洋溢自然原始風貌的蝙蝠洞延伸步道，總長460公尺，走進穿越蝙蝠洞背後蔭鬱樹林的荒僻山嶺，處處洋溢盎然生機，繽紛多樣的昆蟲彩蝶漫天飛舞，沿途蟬鳴交匯著天空上的雀鷹及五色鳥鳴叫，此起彼落，令人驚艷；步道翻上竹林高處稜頂，樹隙間可俯瞰清涼寺巍峨廟貌坐擁青山綠水，氣象萬千，下降溪谷澄澈溪潭，裸岩構成綿延的峽谷深潭風情獨具，其間還隱藏一座半世紀前肇建的古樸水橋，為延伸步道之旅劃下精彩休止符。而原有灌溉渠道在時代的轉折下，逐漸消失在河道另一側，於2014年啟用的百蝠橋重新連接了兩端，太平區蝙蝠洞延伸步道將再現跨越河道的引水道及為了方便採收竹筍的運筍道。","","411","臺中市","66000","太平區","蝙蝠洞","","","24.10812","120.77972","1-1.5小時","","","","","","","","","停車場、步道、公車站","登山步道、生態之旅","","生態類、自然風景區類"
"376","1632","387300000H","貓仔坑休閒農業區","貓仔坑休閒農業區內風景秀麗且擁有完善的環山步道可供健行，區內主要栽培作物有高接梨、柑橘、柿子，桃、李、梅及甘蔗，也有許多重要的遊憩資源，包含石虎、樟樹及各種動植物自然生態資源、自行車道及登山步道等景觀資源、朝昆宮、后里佛教蓮社等人文資源、蘇如東老宅及江家、謝家古厝等歷史資源，讓每一位來到后里的遊客採購享用純淨的天然農產及貼近貓仔坑的自然景觀！位於鳳凰山農場後方，銜接觀音山步道，步道設有木棧橋、彩色壓花步道、紅磚步道、枕木步道、景石拼花步道等，在中途的朝崑宮環境清幽，可休憩靜坐，讓心靈清澈寧靜，沿途景觀種植有喬木、灌木等，有數百種臺灣的原生植物可供觀賞。位於社區內觀音山稜線共計有木造棧橋、彩色壓花步道、紅磚步道、枕木步道、景石拼花步道及 PC 混凝土步道等，沿途空氣新鮮，樹木扶疏。若清晨時刻登山可在山上觀賞日出的美景，山頂上可視野遼闊，山景海景一覽無遺，若於午后登山，亦可觀望黃昏落日美景，泛紅整個天際，是臺中市最美的登山步道之一。主題遊程：虎來事吉 同樂會、梨梗筆DIY、賞螢、賞鳥、體驗採果、水梨季。生產作物：高接梨、柑橘、柿子，桃、李、梅及甘蔗。休區景點：觀音山、鳳凰山步道、自行車道、江家古厝、蘇氏大宅院、大貢山之百年樟樹。【交通指南】【開　　 車】國道1號下交流道→后科路→圳寮路→貓仔坑休閒農業區。【大眾運輸】台鐵火車后里站下車→步行30-60分鐘抵達。 (可租腳踏車進行全區深度旅遊)或(租計程車經后科路→圳寮路→貓仔坑休閒農業區)","","421","臺中市","66000","后里區","圳寮路35號-橘祥合院(遊客服務處)","農業局","","24.3137504","120.7501836","","","","","","","","https://www.agriculture.taichung.gov.tw/1076147/post","","遊客中心","登山步道、生態之旅","","休閒農業類"
"377","1998","387300000H","大坑生態園區","坐落於大坑風景區內的大坑生態園區，素有「臺中後花園」之稱，是近距離觀賞在地自然環境與動植物的最佳去處。園區隨季節變化規劃不同的環境教育主題：春季可賞花、賞螢並觀察蝴蝶；夏季則由獨角仙擔任主角；秋季著重於認識多元的植物種子；冬季則能觀賞到青斑蝶飛舞的姿態。園區內規劃了豐富的生態體驗活動，引領遊客觀察昆蟲的生活樣態，並深入認識大甲溪流域中植物與昆蟲的共生關係。服務方面，假日提供專業志工定時導覽，平日則接受團體預約環境教育課程。","","406","臺中市","66000","北屯區","大政段357地號","臺中市政府風景區管理所","","24.17303723","120.7845309","","","","","","","","","ChIJA1YzztwYaTQRPLwdrrotrQA","導覽解說","登山步道、生態之旅、教育資源","",""
"378","1444","387300000H","潭子落羽松祕境","時至深秋，潭子落羽松祕境已然成為行旅中臺灣必訪地點。過了新田登山步道口後，沿著龍興巷繼續向一旁的產業道路走上山坡，便可遠眺這片美麗的大片落羽松林。挑一個氣候舒爽的秋日登上山坡，欣賞一株株落羽松襯著藍天白雲，陽光於縫隙之間灑落，染得所有枝葉透出紅橙黃金的漸層色彩。滿坡的唯美松紅，受到眾多情侶喜愛，來此欣賞浪漫景致。臺中市潭子區豐興路二段龍興巷(可導航定位至新田登山步道，沿龍興巷繼續前行2公里處)","24小時","427","臺中市","66000","潭子區","豐興路二段龍興巷","","","24.21427","120.738","","","","","","","","","","","登山步道、休閒娛樂","","自然風景區類"
"379","831","387300000H","天梯步道","名為天梯，意指山勢陡峻，有上天取經步道之涵義，他是一個迴圈，不需來回走，也因為是一個迴圈，也有人說這是向上天取經的過程，走過一個輪迴，而在軟埤坑這裡，也會有假日農夫市集，鄰近其他景點還有玉清宮、天公廟、靈石親水公園、茄苳伯公、琉璃光寺等。 來到天梯步道，建議行程可將軟埤坑農業區納入考量，不只有自然環境，還有東勢農特產園區，另外，軟埤坑園區內的住宿和用餐地點不多，建議於附近的東勢、新社先用餐後再進入園區，而在每年的4、5月份，相當適合賞螢。","全天開放","423","臺中市","66000","東勢區","東勢軟埤坑農業區之天公廟後方","","","24.19136","120.84361","1-3小時","","","下國道4號交流道，沿東勢方向前進，走台8線依軟埤坑休閒農業區前進，左轉入天公廟右上方過停車場(距離軟埤坑休閒農業區出入口約5分鐘車程)","","","","","","觀景台、步道、無障礙廁所、無障礙停車位","登山步道、休閒娛樂、戶外運動、無障礙景點","","生態類、自然風景區類、遊憩類"
"380","1571","387300000H","毘盧禪寺","廟宇建築本身帶有歐洲浪漫的氣息，和一般傳統佛寺的中式建築有所不同，其中又以巴洛克式建築的大雄寶殿，氣勢最為出眾。寺後有環山步道，整體環境清幽，遠離塵世喧囂。毘盧禪寺附近風景秀麗，特別是「毘盧曉鐘」曾被列入舊臺中縣八景，附近還可順遊后里馬場及后豐鐵馬道，是喜歡宗教觀光及親近自然的遊客不可錯過的景點。 備註：因沿途路燈較少，山間小路亦有蛇類出沒，晚間5點後不建議前往。","每日08:30~17:00","421","臺中市","66000","后里區","寺山路1000號","","04-25562633","24.28889","120.74363","","","因沿途路燈較少，山間小路亦有蛇類出沒，晚間5點後不建議前往。","","","","","","ChIJ_______iaDQRzLJE1qM8PQo","停車場","登山步道、宗教寺廟","","文化類"
"381","804","387300000H","水流東桐花步道","位於外埔區的水流東桐花步道，全長2.4km，舊稱水流東情人幽徑，於民國98年改名為桐花步道，當地居民於水圳兩旁種滿桐花，這裡每年4~5月下桐花雪。水流東以前是灌溉渠道，一般水往西流，但這條灌溉渠道一路由西向東墊高。居高臨下，途經葡萄園、番茄園，還有「水流東」，位於外埔水流東桐花步道旁的高鐵觀景台，為距離高鐵最近的觀景台，對照設置的時刻表可觀看疾駛而過的列車，適合徒步、騎單車，是外埔在地人的私房路線。來永豐里桐花步道，沿著桐花步道的水圳前進，走過兩旁的稻田、果園，中間的溝渠轉向至名為「水沖呇」的坡崁，約10樓落差，水量大時奔騰如洩洪般氣勢，溽暑在步道上，更可享受清涼。來到這裡，建議放慢心情，讓腳步隨著農莊山野的芬多精遊走，聽著蟲鳴鳥叫，並在步道一隅眺望飛梭的高鐵和片片農田，當然，可帶著食物，和親朋好友選一高處野餐聊天，渡過悠閒時光。","全天開放","438","臺中市","66000","外埔區","六支巷路21號","","","24.32562","120.67473","1-3小時","","","國道3號→下大甲交流道往后里方向前進→左轉六分路→直走到底→右轉永眉路即可看見指標。","","","","","","停車場、步道、無障礙廁所、無障礙坡道","登山步道、無障礙景點","","自然風景區類、遊憩類、體育健身類"
"382","9","387300000H","白冷圳紀念公園","白冷圳創建於昭和3年（1928），原專為灌溉台灣總督府大南庄蔗苗養成所蔗苗繁殖場而設，光復後改為農林廳種苗場。日本政府在昭和2年(1927)開始有灌溉設施之想法，並獲得當時議會通過花費日幣145萬餘圓之預算，於昭和3年(1928)12月開工，昭和7年(1932年)5月完工，施工時間為3年6個月，總計工程費為104萬圓，並於9月完成通水試驗，10月14日舉行通水儀式。在儀式中由台灣總督府殖產局長殖田殖局先生，將大南庄蔗苗養成所工事導水路命名為「白冷圳」。導水路長 16.5 公里， 全線圳路設於山腰竣坡處，除明渠外，主要構造物有隧座 22 座、渡槽14庫及３座倒虹吸工，其中一座倒虹吸工長度346 公尺，管徑 1.2公尺跨越山谷，為巨大水利工程。921地震後，因圳路受損，農田水利會興修新水管於旁(漆藍色)，形成新舊並列景況。因係將虹型管倒置，管型與虹吸管原理恰恰相反，而慣稱為倒虹吸管。倒虹吸管係以連通管原理設計而成，漆成綠色的鋼製圓管延著山坡攀附，工程艱難度不可言喻，美麗壯觀的二號倒虹吸管為全遠東最大的倒虹吸管，民國90年獲選為全國百景第26名。 ","隨時可參觀","426","臺中市","66000","新社區","中95線道","","","24.16796","120.82948","2-3小時","","採預約方式─前1、2天電話預約04-258-2105818個店家景點可供上下車─天籟園、小路、親水緣、花田民宿、千樺、劦陶宛、新社蓮園、 菇神、新農市、櫻花林、梅林親水岸，百菇莊、東籬居、桃李河畔、薰衣草森林、安妮公主、龍安山莊、水雲居","從臺中走太原路接東山路往中興嶺方向前進，過中興嶺右轉谷關直行，約10分鐘即可見。","搭乘豐原客運(臺中往中興嶺)的班車，到中興嶺站下車；再轉計程車或預約新社導覽接駁車。","收費情形─每人每天200元〈不限景點〉","","","ChIJl3VHlx4faTQRZmvCxvD4TWw","步道","歷史古蹟","","文化類、古蹟類、自然風景區類"
"383","52","387300000H","臺中火車站ˍ舊站","現已停駛，欲搭台鐵請至新站玩賞攻略◼️全臺碩存最完整的火車站之一◼️新站、舊站、一代站「三代同堂」車站臺中火車站為中部地區第一大站，位居臺灣西部鐵路縱貫線的中心。第一代第一代臺中火車站興建於日治明治38年(1905)，為木構建築，後因車站空間不堪使用，於大正6年(1917)興建第二代臺中火車站，為磚造的自由古典風格建築，中央尖塔及立面之山牆，展現優美的建築藝術，屋頂覆蓋銅板瓦，是全臺碩存最完整的火車站之一，也是二級古蹟(文資法修正後為國定古蹟)。鐵路高架化讓台中進入新時代，火車站也保留新站、舊站、一代站「三代同堂」車站並存景象站前廣場設置廣場舖面、植栽綠化與周邊區域的道路及人行道、無障礙通路設置等，建構具現代化都市休閒活動空間，再搭配路型調整與景觀再造，讓現代化廣場及綠意休閒意象，與百年老車站景觀共融，建構歷史風貌再生與活化。","","400","臺中市","66000","中區","臺灣大道一段1號","文資處","","24.13678","120.68501","0.5-1小時","","","中山高速公路 > 臺灣大道交流道 > 臺灣大道三段 > 臺灣大道二段 > 臺灣大道一段 > 臺中火車站。","","","","","ChIJj7ruRUo9aTQRpA92C2cCgW0","遊客中心、展示館、販賣部、公共電話、停車場、公廁、公車站、網路","歷史古蹟","","古蹟類"
"384","93","387300000H","林氏貞孝坊","係為節婦－林氏所建，林氏是大安區中庄村林光輝的女兒，因家貧，在出生不久，就送給余姓人家當童養媳。林女土十二歲那年，丈夫余榮長不幸溺死，父親希望她回家，並且改嫁。但林春娘不忍拋棄其婆婆，為奉養婆婆，唯有勤於紡紗織布，幫人洗衣打雜，雖然收入微簿，但是她仍然任勞任怨，常常三餐不繼，總是把好菜留給婆婆，自己以稀飯充飢。她的孝行始終如一，深得鄉里一致讚譽。 導覽解說：□有 ■無 □預約制","全天","437","臺中市","66000","大甲區","順天路和光明路口(順天路119號)","","04-26872101","24.34435","120.62186","0.5-1小時","","","1.台1線：往大甲鎮方向於省道150公里處轉入市區即可到達大甲鎮瀾宮。(文武路116號 附近)2.國道一號：由后里交流道下，循132縣道路(甲后)往大甲方向至大甲後轉中山路即可到達。(文武路116號 附近)","1.火車：搭乘火車至大甲火車站，步行約200公尺即可到達(文武路116號 附近)2.客運：(1)由台北北站搭乘台汽客運往大甲方向至大甲站即可到達(文武路116號 附近)。(2)由台中市區搭乘台汽客運往大甲方向之班車至大甲站即可到達(文武路116號 附近)(3)由台中總站搭乘豐原客運大甲方向之班車至大甲總站即可到達(文武路116號 附近)","","","","ChIJ56y0Dv8RaTQRg7RHhN_uZYw","","歷史古蹟","","古蹟類"
"385","339","387300000H","臺鐵舊山線－大安溪鐵橋","｢臺鐵舊山線─大安溪鐵橋｣位處臺中與苗栗交界，緊鄰苗栗縣三義第七號隧道南口至臺中市后里區之間。全長637.39公尺，共有8個桁架，由10孔62.41公尺花樑構成（兩橋墩間一桁樑為一孔）。大安溪鐵橋興建於明治36年(1903)，明治41年(1908)竣工，曾是日治時期運送物產及南北間連絡的重要橋樑。 大安溪鐵橋曾於昭和10年（1935）中部大地震後改建，民國52年（1963）為增強橋樑結構，使其較能承載更重與更高速及更多班次的列車通過為重點，進行抽換鋼樑工程，雖非原構，但外觀上似乎與初建時無異，僅桁架與連結部份則有些許不同。 民國87年（1998）舊山線停駛後，大安溪鐵橋不再有火車行駛其上。目前，臺鐵舊山線上，留有此類型的花樑鋼橋構造的鐵橋，只有「大安溪鐵橋」(637.39公尺)、「大甲溪鐵橋」(382.2公尺)及「高屏溪舊鐵橋」(1,526公尺)三座。 因大安溪鐵橋現況保存良好，而於民國93年（2004）進行｢臺灣世界遺產潛力點舊山線老照片數位化建置工程｣。民國99年（2010）經過重新整理後，搭配著蒸汽火車復駛舊山線。民國105年（2016）執行｢臺灣舊山線鐵道文化景觀調查研究暨保存及管理原則計畫｣。現為保遊客安全，而封閉管理。","僅開放外部參觀，不得進入。（全天，無需申請。）","421","臺中市","66000","后里區","泰安里","交通部臺灣鐵路管理局臺中工務段","","24.32855","120.757","2-3小時","","","從后里進入泰安村，往右即可到達舊泰安車站，往左即可到達大安溪鐵橋及神秘洞。","搭火車到后里火車站，騎腳踏車約30分可到。","","","","","","歷史古蹟","","其他"
"386","793","387300000H","宮原眼科","建造於西元1927年的宮原眼科是由日本眼科博士宮原武熊所興建，也是日治時代臺中規模最大的眼科診所，1945年日本戰敗，宮原武熊返回日本，宮原眼科變成了臺中衛生院，但隨著時代的物換遷移，老舊沒落的衛生院逐漸成了危樓，更在九二一大地震中變成了雜草叢生的廢墟。直到「日出」經營團隊耗時一年半，結合兩位建築師、一位古蹟修復博士所共同打造出現代感的日出宮原眼科。 保留具有年代歷史的老建築是一件非常不容易的事，但在「日出」團隊的巧思與努力之下，臺中宮原眼科不僅還存有老房子的氣息，改建整修後還能讓人感受到歷史的感動，著實是一座令人嘆為觀止的建築，天花板的透光玻璃將光線自然引進，陽光灑進屋裡甚是美麗；室內的裝潢也相當有氣勢，挑高的設計像極了哈利波特內霍格華茲學院的場景，以木頭建造的書架和櫃子營造出一種特有的質感美。復古包裝的糕點是最受大家歡迎的伴手禮，有著精緻包裝又美味可口的點心，送禮自用兩相宜唷！來到宮原眼科，千萬不可錯過這裡招牌的冰淇淋，多種口味都是獨家特製配方，如果您以為只有口味特別那就太小看宮原了，冰淇淋旁的配料更是讓人驚呼連連，整塊的土鳳梨酥、乳酪蛋糕、杏仁雪球等等，從沒見過的豐富冰淇淋就在宮原啦！來到臺中怎麼能夠不來宮原眼科吃吃逛逛呢？！宮原眼科及周邊順遊景點推薦：","10:00~21:00","400","臺中市","66000","中區","中山路20號","","04-22271927","24.137835","120.6835591","1-2小時","","","","火車搭至臺中車站，出前站後循中山路步行約3分鐘可抵達。","","http://www.miyahara.com.tw/","https://www.facebook.com/miyahara1927/","","販賣部","歷史古蹟","","古蹟類、小吃/特產類"
"387","797","387300000H","孫立人將軍故居","2002年7月1日孫立人將軍故居登錄為歷史建築，由台中市文化局自2009年開始著手修復，眷屬與昔日部屬積極籌設「孫立人將軍紀念館」，蒐集整理孫將軍人文稿、照片、遺物等，以展示孫將軍的一生事蹟，及部分中國近代史之史料，提供學術研究及世人紀念、景仰，「孫立人將軍紀念館」於2010年11月21日正式開幕。來到孫立人將軍故居，要事先預約，僅有雙周的假日整點才開放。進入故居，標準的日式庭園居家建築，仿若時光轉換，走在故居內，建議放慢腳步聽悉孫將軍和故居的故事，感受日式家庭建築裡的每個故事，坐在地上望著落地窗外的庭院，享受城市裡不同風情的時光。孫立人將軍（1900年12月8日～1990年11月19日），字撫民，號仲能，清末出生於安徽省廬江縣金牛鎮。	其父孫熙澤，光緒20年江南舉人，官外務部主事、山東登州知府、山東全省審判廳長。	民國建立後，曾任北平中華大學校長，嗣任總統府諮議。	伯父孫浤澤為光緒3年丁丑進士，官廣西賀縣知縣、臺灣滬尾海關監督。	孫立人7歲入私塾，拜宋執中為師，奠定國文和英文基礎，後在山東期間又學德文。	據說孫將軍9歲時，目睹山東租界德人對華人之欺凌，成為其投身軍事之導引。　孫立人將軍故居為一棟日式平房庭園，孫將軍因政治原因幽禁於此33年，民國79年11月辭世後，眷屬與昔日部屬積極籌設「孫立人將軍紀念館」，計畫蒐集、整理孫將軍之文稿、照片、遺物等，以展示孫將軍的一生事蹟，及部分中國近代史之史料，提供學術研究及世人紀念、景仰。　　孫立人將軍紀念館於民國99年11月21日揭牌。","每月第2與第4個週日，只開放二天，有導覽解說的服務。請配合「團進團出」，一場25人，有4個場次09:00/11:00/13:00/15:00，預約導覽請參考官方粉絲專頁。","403","臺中市","66000","西區","向上路一段18號","","04-22290280","24.14685","120.66818","1-2小時","","","","","","https://www.facebook.com/%E5%AD%AB%E7%AB%8B%E4%BA%BA%E5%B0%87%E8%BB%8D%E7%B4%80%E5%BF%B5%E9%A4%A8-186040194798885/","","","展示館","歷史古蹟","","古蹟類"
"388","840","387300000H","劉秀才古厝","本古厝為劉家祖厝，其所佔面積之大，光是建地就超過千坪，祖居在此地擁有超過70多棟的房子，劉家的後裔們，為了感念先祖為國家盡忠盡孝，光耀門楣，特別用劉定山平定生番的大關刀及生前遺像，掛在大廳之上，讓來往人們景仰這為國為民為教育付出一生的優秀人才。位於外埔區的劉秀才古厝，為劉家古厝，佔地廣大，達千坪以上，悉知劉家在當年是大地戶，祖居在此超過70多棟，劉定山在此開基立業，用心照料教育劉家後代子孫，劉家的後裔們，為了感念祖先為國家盡忠盡孝，光耀門楣，特別用劉定山平定原住民的大關刀及生前遺像，掛在大廳，讓後代人們景仰這為國為民為教育付出的優秀人才。標準的中式傳統三合院建築，對於愛好歷史、攝影的民眾是不可錯過的古厝，而來到這裡，也能了解台灣早期達官顯貴的生活和每個建築角落代表的意思，建議慢慢的欣賞每處角落留下的典故，花點時間感受過去在這裡發生的故事。 ","私人宅邸，暫不開放參觀","438","臺中市","66000","外埔區","外埔區三崁路73號","","04-22290280","24.31887","120.64118","1-2小時","","","國道3號下大甲交流道，走甲后路往后里方向，於三崁路右轉，直行至老人照護中心後方即是。","","","https://www.tchac.taichung.gov.tw/building?uid=33&pid=41","","","","歷史古蹟","","古蹟類"
"389","948","387300000H","高美燈塔","高美燈塔為八角形鋼筋混凝土構造物，是唯一紅白橫紋相間顏色的燈塔，與大部分為白色或白黑條紋相間等顏色燈塔大不相同。園區內有座直徑6公尺，深度1.5公尺，水柱約丈高的噴水池，惜因民國88年發生921大地震後，噴泉已不復見。後因臺中港建設之故，將其燈器完整移植至海拔更高的遠東倉儲的穀倉上，即為現今的臺中港燈塔。獨留塔身於高美濕地旁，在夕陽的餘暉下，更增添落寞之情。","上午九時至下午六時（夏令時間4月1日至10月31日），上午九時至下午五時（冬令時間11月1日至3月31日），每逢星期一內部整理不開放。","436","臺中市","66000","清水區","高美路748號","","04-26113924","24.3122721","120.5514926","0.5-1小時","","","國道3號-中港系統交流道-國道4號-清水端交流道下-省道臺17線-高美路。","搭臺鐵至清水站下-轉搭巨業客運(往高美溼地)至高美溼地站下。","高美燈塔前設有停車場。","https://www.taiwan.net.tw/m1.aspx?sNo=0001016&id=A12-00216","","","停車場、觀景台、步道","歷史古蹟","","古蹟類、國家風景區類"
"390","966","387300000H","社口林宅ˍ大夫第","清康熙年間，林家祖先到台灣岸裡社（今神岡區）落腳。同治年間的戴潮春事件，林振芳出力幫清軍圍剿戴潮春，清廷頒給他「中書科」的名銜和匾額。社口林宅是林振芳最發達之時所興建，原為購置吳張舊宅而加以改建，初期規模於光緒元年（1875年）完成，而護龍廂房的部分，則是在十幾年之後，隨著家族人口增加才陸續增建完成。社口林宅是林振芳最發達之時所興建，原為購置吳張舊宅而加以改建，初期規模大致在清光緒元年（西元1875年）完成，而護龍廂房的部分，則是在十幾年之後，隨著家族人口增加才陸續增建完成。社口林宅的門樓是一層樓，面寬三開間，外形簡潔。進入門樓，通過長長的甬道後，即可見到第一進門廳，門廳的入口採簡單的凹壽式，第二進的正廳也有凹壽，前留設步口廊，提供較寬廣的半戶外生活空間，正廳前面的中庭地上舖地磚，排列出變化多端的圖案，其中人字砌是主要的圖案，象徵「人丁興旺、生生不息」。林宅的石雕相當精緻，在清代民宅中頗為罕見。門廳和正廳的部分都有地牛（櫃台腳）的雕飾，門廳中央門額書有「大夫第」，兩邊廊牆的水車堵上，有顏色豐富且外形細緻的交趾陶裝飾，樣式變化多端。而隔開中庭與側院的兩道高牆牆體主要用斗砌磚砌成，多為紅磚，牆基為鵝卵石，牆壁開闢可安槍枝的銃眼小縫。在正廳的部分，門楣上懸有一書卷形的匾額，額內文字已佚失，未知其內容。壁上有相當精緻的六角形木質花窗，花窗的四角落有四個三角形「撻角」，雕有四隻蝙蝠，代表「賜福」，而步口的托木飾以「憨番扛大樑」，饒富趣味。正廳內的供桌和神龕屬於同一時期的作品，因此雕刻的風格和題材相近，供桌桌腳雕刻得相當精微細緻，但正廳的太師椅已經佚失。正廳的屋架為穿斗式，並未使用瓜筒，而左右牆上的書畫皆為格調高雅的文人黑跡，其中可見光緒元年的落款，這是推測林宅建築本體架構落成年代的重要證據之一。在左右兩側護龍廂房屋架上的「斗抱」上頭雕以螃蟹，即所謂的「二甲傳臚」（甲象徵科甲，科舉第二類稱為二甲），有科舉中第，求得功名之意。社口林宅的彩繪亦相當精美，從畫法特徵可知係出自鹿港郭友梅及郭庭柯等彩繪名家之手筆，他們的建築彩繪多分布於清末的臺灣中部民宅與寺廟，如今所存不多，在臺灣美術史上占有重要的一頁，彌足珍貴。","09:00~17:00，戶外空間開放參觀","429","臺中市","66000","神岡區","社口村文化街68號、70號、72號","","","24.24792","120.68358","0.5-1小時","","","由豐原交流道下後，右轉往神岡鄉的中山路方向行駛，位於神岡國中對面，即是600號的巷口，巷內約走200公尺即為大夫第。","搭乘豐原往台中的豐原客運，在神岡中山路的神岡國中站下車，步行前往。","路邊停車。","http://www.tchac.taichung.gov.tw/building?uid=33&pid=13","","","","歷史古蹟","","古蹟類"
"391","1072","387300000H","清水大楊油庫","在1950年代，台灣與美國雙方簽訂共同防禦條約，依據條約擴建原有的公館機場，並且以抗日英雄邱清泉將軍之名，命名為「清泉崗」機場，為當時遠東最大的空軍基地。1962年越戰爆發，遂美軍因應作戰北越所需，C-130型大力士運輸機進駐台灣，把清泉崗機場做為後勤基地，於1966年在基地附近的清水區楊厝里興建了七座油庫，以提供美國戰鬥機和B52轟炸機的用油。隨著越戰的結束以及斷交，此處逐漸失去重要的軍事地位，而大楊油庫就是目前所僅存的歷史建物，見證美越戰爭的文化背景，宛如龐然大物佇立於大肚山台地上。 七座大型的油庫總占地約16公頃，每座油庫四周均設置長度約78公尺、牆高約1.5公尺的防溢堤；油庫本體直徑約28.4公尺，高度約16公尺，外環階梯66階，鋼板厚度0.9-1.5公分。不過，在2000年軍方發包委外廠商以廢鐵處理全面拆除油槽，所幸透過民間單位以及地方政府四處奔走、努力協調之下，從得標廠商搶救回最後一座油庫，才得以保存美越戰爭下的歷史文化資產。油料的輸送方式，為美軍停靠在高美海域的油輪，透過埋在地下順著大甲溪的油管，輸送到高北里的加壓站，緊接著再將油料往東一路送到楊厝里的七座油槽裡面。2014年大楊國小北側的大楊油庫休憩公園落成，大楊油庫就是公園裡最獨特的風景，油庫平常不開放內部參觀，外圍有防火牆、柵門以及樹林做阻隔，自111年4月1日起，每週六上午10-12點免費開放參觀。開放時段內請逕洽大楊油庫教育推廣單位 楊厝社區發展協會 曾文君先生 協助開門進入參觀。聯絡方式：0921-787803。","每週六上午10-12點免費開放參觀。開放時段內請逕洽111年度大楊油庫教育推廣單位 楊厝社區發展協會 曾文君先生 協助開門進入參觀。聯絡方式：0921-787803","436","臺中市","66000","清水區","楊厝里頂三庄路10-1號","","","24.29557","120.61177","1-1.5小時","","","自行開車：1.中二高清水交流下->海風里與楊厝里交界處。 2.大雅(中清)交流道->右轉中清路一段直行中清南路左轉中清路三段->直行中清路四段直行中清路右轉神清路直行->左轉為大楊國小直走即可看到。","","路旁有停車位","https://www.tchac.taichung.gov.tw/historybuilding?uid=34&pid=43","","","停車場","歷史古蹟","","其他"
"392","1142","387300000H","月恆門","月恆門位於東勢區和興庄西方，前臨大甲溪，造型規模與「日昇門」相仿，上有「後倚癸方其悉合；前朝丁向總咸宜。」藍字對聯，在天干中，癸方是北方，而丁向是南向，亦可看出月恆門是座北朝南的。月恆門正上方左右兩邊各有一個圓形槍眼，對聯下方有兩個方形槍孔，在防禦上有很大用處。日昇、月恆門樓與下城里的開庄史息息相關，依現存史料記載，下城里開庄起於清道光五年，庄民進行墾荒，以石牆種竹為界，並分股築屋居住，彼此合力務農為主，號名「和興庄」。戴萬生之亂後，和興庄民為防外犯，即建立東西兩門，上有槍洞，以備迎戰，並於村莊周圍栽種莿竹，以防搶劫。民國88年921中部大地震，月恆門遭受震損，文化局進行登錄歷史建築，並修復保存。","","423","臺中市","66000","東勢區","東關路和興巷31號","","04-25872106","24.25807","120.83197","0.25-0.5小時","","","","","","","","ChIJB4VlzCUcaTQROs2GTI97PQc","","歷史古蹟","","古蹟類"
"393","1144","387300000H","金門橋","位於東勢區的金門橋，原本只有潺潺的流水劃過兩岸，兩岸居民互動必須靠涉水而過，而為了老幼婦孺的安全，建橋於昭和十五年(西元1940年)，因當時太平洋戰爭爆發，徵調走所有的水泥，使得當地人民只能利用糯米、石灰加上黑糖等材料膠和而成，因此富有彈性的特質，即使遇921地震，而都無任何損傷，特殊的建造工法及造形，具有相當保存的價值，尤其是對於地方上居民的安全性更是功不可沒。","","423","臺中市","66000","東勢區","東關路和興巷31號前","農業部農田水利署","","24.220217","120.83519","0.25-0.5小時","","","","","","","","ChIJl7U0LCQcaTQR2bV0E4iG734","","歷史古蹟","","古蹟類"
"394","1386","387300000H","陳三綱堂","此宅為兩進之三合院，左右雙護龍，以磚造為主，間用土埆，空間甚大，除正門外，左右護龍尚有側門進出。由於年久失修曾大加整建，故兩廂屋頂改舖日式灰瓦，正廳亦改舖洋式紅瓦，牆面之閩南古磚亦多為紅磚取代，頗損舊觀。陳氏子孫多在外發展，有鄉長、縣議員、議長、醫學博士等名紳，仍是地方望族。","","434","臺中市","66000","龍井區","茄投路81號","","","24.1788996","120.5293047","0.5-1小時","","","","","","","","ChIJW6_PlfU_aTQRsX6WeCanHHI","公車站","歷史古蹟","",""
"395","1421","387300000H","積善樓","創建於日治時期明治31年（西元1898年），賴氏祖先長榮公由頭張遷居於今之二分埔，建有二合院，原三合院之門樓係以土埆建築，不很顯眼，日治時期大正13年(西元1924年)崇仁公依唐山地理師建議，另建新門樓於舊門樓之南，謂此後家業能飛黃騰達，新門樓取名積善樓，有勉勵後後世子孫行善助人之意。積善樓係從唐山聘請名家設計建造，所費不貲，其結構堅實歷經數十年仍屹立不搖，可見當初設計建造之用心，其樑柱木料採用福州杉木，燕尾式之屋簷使用筒仔瓦及垂簾瓦，塑有花草，裝有鏡片，雕樑畫棟，美不勝收，門樓後當有五株高齡榕樹，盤根錯節，濃蔭蔽天，靜座於此，令人心曠神怡，而發思古之幽情。擷取自臺中市文化資產處","","406","臺中市","66000","北屯區","興安路一段163號","文資處","","24.16931","120.69384","0.5小時","","","","","","","","ChIJ-8nOb-YXaTQRAHRilp7dpJA","","歷史古蹟","",""
"396","1422","387300000H","原日軍臺中飛行場機槍堡","本設施為西元1940年日軍因應原日軍臺中飛行場（今水湳機場）武裝戰備而興建，火力網可壓制飛行場東側一帶平原開闊地，屬機槍掩體，慣稱「機槍堡」。其外型為圓錐型混凝土構造之結構體，底座直徑約10公尺，高約6~9公尺，壁體留有多處矩形窗口。文章擷取自臺中市文化資產處","","406","臺中市","66000","北屯區","經貿三路二段與經貿東路口","文資處","","24.18858","120.65852","0.5小時","","","","","","https://www.tchac.taichung.gov.tw/historybuilding?uid=34&pid=48","","ChIJGTPuWTYWaTQR4kBctuajqR8","公廁","歷史古蹟","",""
"397","1423","387300000H","帝國製糖廠臺中營業所","歷史建築帝國製糖廠臺中營業所興建於1935年，前身為日本帝國製糖株式會社之臺中工場營業空間，在臺中，帝糖見證著產業之興衰轉變，於2016年登錄為歷史建築。2019年重新開放，由好位子團隊負責策劃與營運，持續於帝糖策劃與推動產業文化展演、特色主題餐廳、ProLab職人坊，傳承在地精神，也為帝糖注入新的元素與活力。營業時間：10:00-18:00餐廳時間：11:00-21:00聯絡電話：04-22112898館舍地址：台中市東區樂業路與進德路交叉口 導覽解說：■有 □無 ■預約制預約電話：04-22112898其他服務：■ 不定期舉辦DIY體驗分享■ Pro Lab 職人工作坊■ 餐飲品牌：冶糖、1935 Café &Bar■ 不定期舉辦共創講堂","營業時間：10:00-18:00； 餐廳時間：11:00-21:00","401","臺中市","66000","東區","樂業路30號","臺中市政府經濟發展局","04-22112898","24.1377804","120.6922142","","","","","","","","https://www.facebook.com/atsugarstudio","","","歷史古蹟","","文化類、觀光工廠類"
"398","1450","387300000H","潭水亭","潭水亭(已有200多年歷史)位於台中市潭子區潭陽里，係為本區信仰中心。於乾隆期年間，有木根觀音，隨水漂流至下潭仔，夜間發亳光；先民便依潭邊在竹林下建一間石頭砌成之小廟，做為供奉之所。嘉慶六年（1801）庄民鑒於信眾漸盛，鳩資在潭邊建亭祀『潭水亭』，即由此肇始。道光四年（1824）翻修，庄民並立匾為記。迨光緒四年（1878）在大埔厝林其中、三分埔林振春的捐資整修並增建拜亭，此後廟貌完整，來往香客絡繹不絕。民國九年水災氾濫，沖壞殿壁梁柱，庄民林瓊彰，傅鍚祺，林溪瓦等人倡議遷廟，並有瓦瑤子林逢源捐地二分充作廟地，於同年四月重建，民國十二年奉天完工。民國五十七年，因該廟瓦頂時常漏水，地方熱心仕紳戴春波，乃倡鳩資重修，善男信女踴躍樂捐及虔心信士吳田慷慨捐獻廟前土地四十一坪作道路、方便信眾及車輛通行，遂同年七月重修擴建，迨民國六十五年冬月落成，民國七十年成立管理委員會。轉眼又過了半世紀，戴主委盡心盡力合眾鳩資，於民國八十年購買廟後民宅十一間，改建成大雄寶殿，於民國九十年完成。原後殿及兩側廂房瓦頂時常漏水，於九十三年成立修建小組，拆除擴建為中殿，保留主殿（觀音殿）成為一罕見的廟中廟型建物，九十六年五月購買廟埕土地160.8坪，於民國九十六年底完工，而有今日廟貌，並在戊子年啓建慶成安龍謝土祈安植福三朝清醮大典。潭水亭擴建專輯 民國94年1月~民國97年7月完工潭水亭特有的廟中廟潭水亭前殿供奉觀世音菩薩，配祀善才龍女，金碧輝煌，開基『水流觀音』也安奉於此。後殿二樓供奉釋迦牟尼佛、藥師佛、阿彌陀佛、文殊菩薩、普賢菩薩、護法韋馱菩薩、伽藍尊者菩薩，兩側供奉十八羅漢及萬佛牆，一樓供奉地藏菩薩及萬佛牆，中殿三樓供奉玉皇大帝，二樓供奉三官大帝、神農大帝、玄天上帝、斗姥星君、南斗星君、北斗星君、六十甲子太歲星君，一樓供奉天上聖母、關聖帝君、註生娘娘、至聖先師、文昌帝君、巧聖先師、城隍爺、司命真君、福德正神、中壇元帥，兩側設會議、辦公室、服務台等。潭水亭廟地廣闊，廟宇建築雄偉，莊嚴弘法利生的道場，結構完整而古意盎然；北端建有綠瓦文化走廊（現已拆除），西南築有古色古香的六角亭，周圍遍植草木，蒼翠宜人，是當年遷廟前潭水亭舊址；如今已成為鄉民心靈寄託、祈福的好場所。文字出處：潭水亭觀音媽廟","","427","臺中市","66000","潭子區","復興路二段89號","","04-25362336","24.2102506","120.7076795","","","","","","","https://www.tanshuiting.org.tw/","https://www.facebook.com/profile.php?id=100069713697026","ChIJbcYgtnwXaTQRmW-8gSds_jw","公廁","歷史古蹟","",""
"399","1451","387300000H","筱雲山莊","    筱雲山莊建於同治五年（1866年），呂炳南為奉養張太夫人，斥資建造。落成時，呂炳南聲望達於頂峰。炳南有三子汝玉、汝修與汝誠，俱中秀才，舉人吳子光稱許為「海東三鳳」。日治時期筱雲山莊又出了二位詩人為呂厚庵與呂蘊白，均為霧峰櫟社社員，當時臺灣淪日，他們更以鼓吹詩教，發揚漢族歷史文化不遺餘力。     清代創建期的筱雲山莊為兩落單護龍形式，為坐北朝南的四合院，門廳及門樓有防禦用的鎗孔，前後落及門樓皆具有交趾陶、泥塑、磚雕、剪黏及彩繪等裝飾，篤慶堂的第二道、第三道護龍左右對稱配置於主屋兩側，筱雲軒、迎賓樓則自篤慶堂左側延展，形構出一個書香、閒逸的文人世界。    筱雲山莊內有豐富的水路系統、完整的防禦設施，整體建築跨越了清代、日治與民國三個時期，建築上巧妙的結合不同文化風格的特色，對於歷史演變的過程是非常具有歷史文化之價值，可謂臺灣民宅發展的縮影，具稀少性。開放時間：每週日預約開放，請點擊預約連結進行預約。圖文出處：臺中市政府文化資產處","每周日預約開放預約方式：請點擊文中的預約連結進行預約","429","臺中市","66000","神岡區","大豐路四段203號","","","24.2356778","120.6954142","","","","","","","https://www.tchac.taichung.gov.tw/building?uid=33&pid=23","","","","歷史古蹟","",""
"400","1500","387300000H","聚奎居","「聚奎居」位在烏日區，於2012年列為「台中市定古蹟」，並於2020年7月修復完成，2021年12月正式對外營運。「聚奎居」是少數有對外開放參觀的私有產權古蹟，修復前就因其獨特仿巴洛中西式結合的建築，受到婚紗、網紅、攝影達人等的喜愛，成為知名打卡景點，修復後的聚奎居風華再現，依舊是婚紗攝影、攝影師的最愛，並已規劃戶外婚禮場地，讓古蹟不再是旅遊拍照，也會是一生美好的回憶。「聚奎居」建造於日治時期1930～1940年間，是當地最大富商陳紹宗先生的私人宅第，「奎」代表文昌星，命名「聚奎居」意在期許子孫以文入仕，功成名就，家宅文運昌隆。當時曾有一句諺語「無錢找文堂，無米找聯芳」，陳紹宗先生就是聯芳米行最大股東，在當時不僅擁有大片田產，在台中現在市府附近的店面也多數屬於他的產業，可謂是富甲一方，「聚奎居」也成為在地仕紳商賈的聚會場所，獨有的中西合璧建築風格，顯示屋主當年雄厚財力；惟時代更迭，過去種種不勝唏噓，房屋所有權早已易主，「聚奎居」荒廢多年後經多方爭取，成為私有產權的台中市定古蹟，修復後於2020年12月對外營運開放。當中式遇到西式會擦出什麼火花？「聚奎居」之美在於主樓採取仿巴洛克西式風格二層建築，左右護龍則保留傳統三合院ㄇ字格局，與傳統風水之如意池與牌樓，施工採用當時高級建築「洗石子」與「磨石子」工法，每一個建築紋飾花樣手工細細打造，光從建築外觀的霸氣就能展現出主人家的財力雄厚。不論西式風格的婚紗，還是中式婚紗，都能在「聚奎居」找到最美的拍攝角度，是婚紗攝影推薦最佳實景之一，管理單位貼心提供新人專屬更衣室與化妝台，讓每對新人備感幸福滿滿。園區提供旗袍租借體驗，來聚奎居不妨換上旗袍，穿越古早年代，認識古蹟歷史，探索當代文化，秒拍絕美意境照，遊客可以感受古蹟的每一處美景。「聚奎居」擁有獨特的封閉環境，成為私人派對與戶外婚宴的優選場地，在古蹟中大啖美食，又能保有私人隱密性，包場派對絕對是最佳選擇。「聚講堂」是聚奎居目前最受歡迎活動，每個月有不同的生活美學課程，也有簡易團體DIY手作體驗，來聚奎居不是只有拍照打卡，也可以豐富生活，增添樂趣。「聚選物」內有多家優質文創選品，買份聚奎居專屬伴手禮，帶回美好記憶與家人朋友共享。圖文出處：聚奎居導覽解說：■有 □無 ■預約制其他服務：■ 旗袍租借■ 聚講堂：生活美學課程、DIY手作■ 聚選物：文創選品■ 其他：假日市集、古蹟戶外婚禮婚宴、私人派對包場、空間出租","依預約入園場次時間進入，每週二公休。週一至週五： 10:30、13:00、15:00（每週二公休）。週六和週日：10:00、12:00、14:00、16:00。","414","臺中市","66000","烏日區","學田路405巷36號（便行巷進入）","","04-23386139","24.11932","120.6065","1-2小時","全票$100元：一般民眾優惠票$50元：臺中市民，65歲以上民眾，3歲以上未滿6歲之兒童。免費入園：設籍於臺中烏區日學田里之民眾，未滿3歲兒童，持有身心障礙證明者與陪伴者1名（不分國籍）。*入園採預約制，每時段有導覽廣播*參觀請於3個工作天以上提前預約。欲取消預約導覽或變更參觀日期者，最晚請於參觀日3天前以電話或粉絲頁訊息通知。*如未預約請按時段現場排隊入場，非開放時間請恕無法接待。*每場次開放名額有限，該場次名額滿了就不再接受預約或接待未預約者。*本園區無汽車停車位，建議搭乘大眾工具或將車輛停在學田路上，自便行巷步行1分鐘即可抵達。","*入園採預約制，每時段有導覽廣播*參觀請於3個工作天以上提前預約。欲取消預約導覽或變更參觀日期者，最晚請於參觀日3天前以電話或粉絲頁訊息通知。*如未預約請按時段現場排隊入場，非開放時間請恕無法接待。*每場次開放名額有限，該場次名額滿了就不再接受預約或接待未預約者。*本園區無汽車停車位，建議搭乘大眾工具或將車輛停在學田路上，自便行巷步行1分鐘即可抵達。","","","","https://www.jukuiju.com/","","","公廁、解說簡報","歷史古蹟","","古蹟類"
"401","1504","387300000H","潭子國小日式校舍(預約參觀)","潭子國小前身為明治42（1909）年5月1日創建之葫蘆墩公學校潭子墘分校，並於隔年4月1日獨立為潭子墘公學校。昭和16（1941）年配合臺灣初等教育制度之改革，改名為潭子國民學校。戰後，民國57（1968）年改為潭子國民小學。預約參觀請於學校上班時間電話洽詢04-25324610。照片由文化局協助提供。","預約參觀","427","臺中市","66000","潭子區","潭子區南門街1巷","","04-25324610","24.21486","120.70432","","","","","","","","","","","歷史古蹟","","文化類"
"402","1629","387300000H","臺中林氏宗祠","臺中林氏宗祠自日治大正八年（1919）定基，至昭和五年（1930）全部完工，全部工程歷時達十二年，由漳州名匠陳應彬主事肇建，迄今已有近百年之歷史，其宏闊的格局與精美的雕飾，堪稱為宗祠中的經典名構，而其他匠師的精彩匠藝的展現，如石雕、彩繪等，亦為林氏宗祠的建築增添建築技藝上的風采。林氏宗祠建築格局規模宏大，在中部地區之宗廟建築中佔有一席之地。正殿建築以傳統的「三通五瓜」構造表達建築物的尊貴性，將正殿前方的拜殿，以精細的斗栱構造及彩繪來加強正殿的華麗感；其次，左右護龍、過水亭等次要建築則依其尊卑關係分別以不同的大木構造方式為之，整體而言，大木構造係實用性及裝修風格兼備之手法，具備歷史及建築方面的價值，並於民國74年11月公告為古蹟。 ","週一至週五9:00~17:00開放參觀 (中午時間12:00-13:00休息)其餘時間參觀請以電話聯絡04-2224-6928","402","臺中市","66000","南區","長榮里國光路55號","","","24.1314449","120.6774763","","","","","臺中客運33、60、102、10路；仁友客運89、125、636、666路","","https://www.tchac.taichung.gov.tw/building?uid=33&pid=5","","","","歷史古蹟","","古蹟類"
"403","1738","387300000H","萬選居","民國93年（2004）臺中縣政府以「萬選居」興築於清同治年間，為中部少見大型宅院，於豐原地區開發史具重要意義，建築工法融合漳、泉、潮等派別工藝表現，公告登錄為歷史建築。開放參觀時間：每周一至周日（上午09:00至12:00，下午2:00至5:00）	由於老宅內尚有居住老人家與孩童，為能輕鬆探索古宅又不影響住戶生活空間，請在參觀時記得放輕您的腳步，若住戶不同意進入的空間，也請您遵守生活禮儀勿隨意進入！	注意事項：　(一)參觀動線：請從［左護龍］進入至［三進］後，再從［左護龍］出。　(二)不開放參觀空間為：第二進的公廳，及右護龍住戶居住空間，請勿進入。　(三)請團體參觀民眾（15人以上），惠請於三日前來電通知文資處。（洽電時段08:00-17:00）。以上文字取自文資處官網。","上午09:00至12:00，下午2:00至5:00","420","臺中市","66000","豐原區","豐年路149巷10弄16號","文資處","04-22290280","24.2657233","120.7376111","","","","","","","https://www.tchac.taichung.gov.tw/historybuilding?uid=34&pid=72","","ChIJl7KklUEaaTQRmAary_YYWzE","","歷史古蹟","","古蹟類"
"404","1836","387300000H","烏日警察官吏派出所","本建物約興建於1920年代，為日治時期警察辦公廳舍兼宿舍，2013年臺中市政府公告登錄為歷史建築。該建築現仍為辦公廳舍，不開放內部參觀。參觀民眾可欣賞外部日式建築結構，見證烏日地區發展史。","不開放內部參觀","414","臺中市","66000","烏日區","三民街110號","臺中市政府警察局烏日分局","","24.1055538","120.6220034","","","","","","","https://www.tchac.taichung.gov.tw/historybuilding?uid=34&pid=88","","","停車場、無障礙坡道","歷史古蹟","","古蹟類"
"405","1959","387300000H","營林所臺中出張所宿泊所","「營林所臺中出張所宿泊所」建於1927–1930 年間，過去為八仙山林場時期提供日籍職員及來訪官員住宿的重要日式建築。建築採長條形平面配置：東側為單層，劃分應接室與住宿空間；西側則為兩層樓設計，一樓為應接室，二樓為座敷，昔日可遠眺貯木池，具備通氣二樓突出地板設計、造型雨庇托架、戶袋與雨戶等特殊構造，展現珍貴日治時期木構建築特色 。自2015年4月23日被公告為臺中市市定古蹟，2018年改定名為「營林所臺中出張所宿泊所」，並於2022年啟動修復工程，歷時三年，秉持「修舊如舊」理念，保存原有構件與臺灣檜木舊材。2025年8月29日正式舉辦開幕儀式，以光影展演、生態文創與多元展區主題策展，透過沈浸式體驗深度認識林業文化與歷史 。","","420","臺中市","66000","豐原區","南陽路488巷70號","農業部林業及自然保育署","04-2515-0855","","","","","","","","","https://www.forest.gov.tw/0004547/0076850","","","販賣部","歷史古蹟","","文化類、古蹟類"
"406","531","387300000H","太平古農莊文物館","太平古農莊文物館於99年10月17日開館啟用，位於車籠埔頂坪公園內，裡面陳列的臺灣古文物，乃莊主張友吉先生畢生收藏，為了讓日漸凋零的台灣文化傳承下去，讓社會大眾了解先民的智慧，忍痛捐贈給臺中市太平區公所。 文物館主體採三合院農宅式建築，館內規劃為10個主題展示區，正身部份為祖先神明廳展示區、兩邊廳舍分別為臥室、新娘嫁妝嬰兒用品房與廚灶展示區，左右護龍則以衣帽、杯盤器皿、電器、農業用具為主題的各式展品；三合院護龍展示區入口處規劃了藥鋪店與柑仔店販售部，因古文物數量繁多，採取輪展方式。 太平古農莊文物館提供民眾一處緬懷往昔民俗風情、鄉土情懷的地方，頂坪公園內種植數十棵高達十五米的楓葉樹隨著季節變換，形成不同的景致，和古色古香的文物館交織成一幅世外桃源的圖畫。對一個在農村出生長大的農家子弟來說，農家生活的點點滴滴總是交人難以忘懷，尤其是在二、三十年代的台灣社會，大家庭那種艱辛困苦、汗流浹背的日子裡。先民為了生活，更為了大家庭裡的每一張口，而無怨無悔的付出，辛勤地日出而做，只求一天三餐溫飽而已，可想而知，農業時代生活品質怎可與科技日新月異的現在比較。(本文選自太平區古農莊文物館)開放時間：週二至週日，09:00-12:00，13:00-17:00館舍地址：臺中市太平區光興路1266巷160號聯絡電話：04-22776400 導覽解說：■有 □無 ■預約制預約電話：04-22776400以上圖片由臺中市政府文化局提供。","週二至週日，09:00-12:00，13:00-17:00 (週一公休)","411","臺中市","66000","太平區","光興路1266巷160號","","04-22776400","24.11732","120.7424","0.5-1小時","","","","","","","https://www.facebook.com/profile.php?id=100057171681687#","ChIJDTgBbt0iaTQRUOqlmqcT928","展示館","歷史古蹟、地方展館","","古蹟類"
"407","275","387300000H","磺溪書院","前身為清嘉慶年間士紳趙順芳、楊占鰲所創立之西雝社，又稱文昌祠。於清光緒14年（西元1888年）興建「磺溪書院」，招收現今之大肚、龍井、烏日三區子弟，實行啟蒙教育。殿內供俸管功名的文昌帝君。每接近基、學測、二技、高普考，裡面擺滿考生准考證影本。書院平面格局為兩進、雙護龍、七開間、帶四垂拜亭之四合院，為清光緒年間典型之書院建築。建築材料採雕花磚、青石、泉州白、福杉等，精緻華麗，足以媲美彰化道東書院。規模：磺溪書院俗稱文昌廟，供奉文昌帝君，內設有拜殿、大殿等。 該書院的古匾：「雅歌孝友」光緒丙戌科，欽點御前侍衛廖錦華立。「經天緯地」「光緒乙丑端月穀旦，磺溪書院總董紳民同立」。其石柱對聯：「磺石舒丹半壁嵯峨開筆陣，溪流映碧千層浩瀚起文瀾」。「磺氣接丹霄靈通帝座，溪痕聯碧漢彩耀台垣。」，而磺溪書院的一大古鐘，太平洋戰爭中曾為日軍所掠奪，今則放置於大肚國民小學校園中。該鐘之銘，有如下列：「磺溪書院，文昌帝君，光緒十五年乙丑季秋月穀旦，大道西下保諸紳董舖民同敬」。磺溪書院是大肚區至今留存最古老的建築，也是臺中市現存唯一書院，現為市定古蹟。俗稱文昌廟的磺溪書院，乃是昔日大肚地區(包含大肚、烏日、龍井三鄉鎮)的文教中心，興建於清光緒年間，至今已有130多年歷史，無論建材、造型、施工技術上均十分精巧，尤其以磚工雕琢之精美聞名，堪稱是清領末期文教建築的傑出作品。磺溪書院從清領時期創建開始，便是大肚地區的精神象徵和文化堡壘，早年住民的祖先們在此入學啟蒙，科舉時代曾出過多位秀才，之後歷代承傳，學風鼎盛，許多有志之士都出自於磺溪書院。直到今日大肚區依然文風興盛，最為人津津樂道的就是擁有「校長之鄉」的美名。導覽解說：■有 □無 ■預約制預約電話：04-26991105凡團體參觀人數達10人以上者，開放團體預約申請。","周一至周日08:00-17:00","432","臺中市","66000","大肚區","磺溪里文昌一街10號","大肚區公所","04-26991105","24.15006","120.53931","1-2小時","","","由台1線省道轉入大肚區，從區公所前文昌路直行即可到達。","(公車):搭乘台中客運的或仁友客運到大肚火車站下車，往本和街直走，於文昌路右轉過鐵道即文昌橋直走，至34巷左轉直行即可見磺溪書院。(火車):搭海線火車於大肚火車站下車，出火車站右轉往本和街直走，於文昌路右轉過鐵道即文昌橋直走，至34巷左轉直行即可見磺溪書院。","","http://www.mi-great.com.tw/dadu/","","ChIJa-twIHg_aTQRm4ZlNvy83yI","展示館、公共電話、停車場、公廁、公車站、解說簡報","歷史古蹟、特色文化","","文化類、古蹟類"
"408","959","387300000H","清水鬼洞","清水鬼洞興建於1942年，原名為「橫山戰備坑道」，從鰲峰山公園北側，通到大甲溪南岸的橫山北麓，歷史有將近70多年，是當地清水人昔日的記憶。 鬼洞是日治時代的軍事戰備地道，為了準備長期抗戰，於半山腰鑿山挖掘的防空戰道，長約200-300公尺，內擺設有床舖、洗手間、倉庫、辦公室、水電、電話等設施，裡面仍有少數保持良好的設施，坑道岔路多，詭異黑暗，再加上長期荒廢，無人敢進出，所以被稱為鬼洞。在清水區公所、民意代表及各界積極推動之下，進行坑道的整理開發，坑道全長約有4公里，是日治時代駐軍的生活空間，坑道四通八達、冬暖夏涼，道內四面壁分別由鵝卵石、鋼筋及混凝土興建，極為堅固，不過目前只有部分對外開放。","周六、日及例假日09:00~16:00開放參觀，週二至週五09:00~16:00採預約方式開放團體參觀，不開放個人預約","436","臺中市","66000","清水區","鰲峰里大街路觀音巷36-8號","","","24.27235","120.58348","","","參觀時請自備手電筒。","1. 由中山高速公路中清交流道下→往清水方向走即可到達。2. 由中山高中港交流道下→接台中港路往沙鹿方向→轉中山路往清水大甲方向→依指標行進即可到達。3. 由台1線省道轉入市區→由紫雲巖旁小路往山坡上行即可到達。","1. 高鐵：至台中高鐵站下車，轉搭乘公車至中山董公街口下車，再步行約10分鐘。2. 火車：至清水火車站下車，下站後建議搭乘計程車。3. 公車：豐原客運豐原、台中總站，搭乘往清水方向班車，於清水站下車。","路邊停車。","","","ChIJgXaWMHwUaTQRmJzXTqvAXbs","","歷史古蹟、特色文化","",""
"409","1079","387300000H","彰化銀行總行及行史館","位在台灣大道與自由路交叉口的臺中彰化銀行總行，興建於日治昭和時期，建築仿古希臘羅馬的柱廊式風格，外觀氣勢雄偉，工藝精美細膩，為臺中著名的地標，經指定為市定古蹟，也是臺灣最早由民間籌資設立的銀行，極具文化資產保存與研究的珍貴價值，迄今仍然為彰化總行的營業部使用，二樓設有行史館，保存當時的文史資料，採取預約制參觀。在清代一田二主現象嚴重，日治時代總督府推行龐大公債以清理租權問題，但由於公債補償條件不佳，不受到民眾的歡迎，紛紛拋售求現，為了維護公債的公信力，一方面派員收購，另一方面鼓勵地方人士利用公債集資經營事業。在此時空背景之下，1905年由彰化吳汝祥為首召集臺灣中部的地方仕紳，集資二十二萬日圓大租補償金充為股本，於彰化組織創設「株式會社彰化銀行」，鹿港辜顯榮也被選為監察人，後因環境的需求，銀行遷移至臺中市，是臺灣少數把總行設置於中臺灣的大型商業銀行。1936年興建新總行，即今日的臺中彰化總行，由白倉好夫與畠山喜三郎設計，以仿西方風格的古典主義建築打造，典雅的雕花裝飾、渾圓的水泥石柱、古樸的厚重鐵門，內部空間的挑高設計，呈現當時的銀行建築美感。臺灣光復以後，國民政府接收原日籍股東的股份，1947年林獻堂被推選為董事長，並改組為「彰化商業銀行」，1998年由官民合股的行庫改制為民營。靠近自由路一側的花園內，還可看到林獻堂紀念銅像屹立在其中，值得一探。","星期一至星期五 9:00~15:30","400","臺中市","66000","中區","自由路二段38號","","04-22222001","24.13984","120.68222","1-1.5小時","預約參觀","","","","","https://www.tchac.taichung.gov.tw/building?uid=33&pid=46","","","展示館、停車場、公廁、解說簡報","歷史古蹟、教育資源","","古蹟類"
"410","56","387300000H","臺中州廳","​臺中市政建設歷史始於清末劉銘傳主政時代，在此建有一座全臺規模最大之臺灣府城池，本預作省會並收控制南北之效。自乙未割臺後，日軍將「臺灣民政支部」設於臺灣府城小北門之內的西北隅官署建築群。此後隨著官制的變更，在明治時期有臺中市廳及臺中廳等不同的稱呼。大正年間開始分期新建臺中廳廳舍時，亦以此區做為發展基地，由外向內、由東向西逐步拆除清代衙署以建設近代新式官署。 ​州廳屬於日治時期「永久性廳舍」營造工程，與原臺北州廳（今監察院）及原臺南州廳（今國立台灣文學館）為同一單位同時設計、同時開始營造的姐妹作品，定位為三個當時一等廳的新築廳舍；與臺灣總督府廳舍（今總統府）皆為當時由木造臨時性房舍、早期磚木混合構造、繼而邁入以加強磚構造為主流的成熟期之先導型營造，也是日治時期官廳建築類型的大型代表作，在臺灣建築歷史扮演了重要的角色。就其營造成果及目前保存現況與其他現存實例及姐妹作相比較，臺中州廳原創期以降之建築實體大部份保存狀況良好，實具有高度保存意義及近代建築史研究價值，其曾長期作為地方行政中心，具有歷史事件及變遷之代表意義。 ​臺中州廳於 1912 年動工，1913 年完成第一期，經歷四次擴建，於 1934 年完成現行規模，由日人森山松之助設計。日治時期臺中州廳管轄範圍包含當時的臺中市、彰化郡、大屯郡等地區，而對面的「臺中市役所」才是當時的臺中市政府。 ​臺中州廳整體設計為仿法國馬薩風格，正立面具有明顯的「馬薩」式屋頂。主體為 L 型平面二層樓建築，建築正面向東，中央有塔式突出建築，正立面左右各段「角樓」用以完整銜接兩翼建築物。一樓入口玄關有多立克式柱子，二樓則採愛奧尼克柱式，退縮的陽臺強化立面的陰影效果。臺中州廳建築為突顯其政治上的位階與都市中的重要性，並配合臺中市街計畫，將主入口設於重要街廊的轉角處，為日治時期官署建築的特徵。","目前正進行再利用工程中，暫停開放。","403","臺中市","66000","西區","民權路99號","","","24.13856","120.67848","","","","","","","","","","公共電話、停車場、網路、導盲磚、無障礙廁所、無障礙坡道、無障礙電梯、無障礙停車位","歷史古蹟、教育資源、無障礙景點","","古蹟類"
"411","970","387300000H","牛罵頭遺址文化園區","「牛罵頭遺址」位於臺中市清水區（舊稱牛罵頭）鰲峰山上臺中港特定區市鎮公園原陸軍清水營區內，而「牛罵頭遺址」為臺灣中部地區新石器時代中期文化的代表，並以此地名作為本文化類型的命名，亦為國內第一個「命名遺址」，出土陶器以紅、褐色繩紋陶為主。位在鰲峰山上的牛罵頭遺址文化園區，以臺中最早發現的新石器中期文化代表「牛罵頭遺址」所在地命名，地底下蘊藏不少的文化層堆積，地面上也歷經不同時期的更迭。「牛罵頭」為臺中清水區的舊稱，源自於平埔拍瀑拉族(Papora)的聚落牛罵社(Gomach)音譯而來，園區規劃兼具保存文化資產與展示教育的用途，不僅展出文化遺址介紹、出土文物典藏、考古挖掘方式等讓大家認識臺灣中部地區過去人類的生活面貌與拓墾歷程，還有日治時期神社留下來的遺跡以及原軍事營區的建築設施設置在其中，是一處蘊藏豐富歷史文化意義的空間。四千多年前的史前時代，「牛罵頭遺址」所在地孕育保存了「牛頭罵文化」、「營埔文化」、「番仔園文化」等文化層的遺跡，並與南部「牛稠子文化」也有往來關係，相互影響發展。拍瀑拉族人原在此漁獵游耕生活，直到十七世紀中葉以後，陸續受到荷蘭人統治以及明清時期的大量漢人移入開墾，改變了他們的生活方式與傳統文化。1895年進入日治時期，日本人先行在此地闢建運動場，因環境優美，而後興建「清水神社」，為政教合一的日本精神代表，也是做為控制殖民地人民信仰的工具。臺灣光復以後，此處改為陸軍砲兵部隊清水營區，因後來營區裁併土地歸還臺中市政府，牛罵頭遺址在多位學者專家建議之下，被列為市定遺址並活化空間，規劃為牛罵頭遺址文化園區。園區入口處，可見一座陶器標的物，象徵了距今約四千五百年至三千年前之間，以紅、褐色繩紋陶為主要代表的牛罵頭文化。進入園區內，原營區的軍事屋舍被轉作為展館空間所使用，外牆上還清晰可見營區編號，見證了過往的歷史歲月，然而日治時代的清水神社，在臺灣光復以後被民眾及國軍摧毀、拆除，現今僅剩下少許遺跡如司令台旁的一對石獅、照明參拜道的石燈籠底座，以及部份的護欄，可供回想當年神社的風采。另外園區設有景觀台可飽覽清水區景色，鄰近後參道也可體驗往昔參拜神社的路徑，是一處寓樂於教適合假日親子出遊的好場所。►相關場地使用管理辦法可參考官網附件下載區。","周二至周日09:00~17:30(周一休館)","436","臺中市","66000","清水區","鰲海路59號","","04-26222596","24.26825","120.58051","2-2.5小時","","一、禁止事項：展場禁止飲食（包含檳榔、口香糖、酒等），全面禁止吸菸、禁止寵物、禁止爬樹、禁止停車、禁止騎車、禁止空拍、禁止風箏、禁止搭帳蓬、禁止攜帶危險物品。二、進入館內請安靜，嚴禁喧鬧及請關閉行動電話或切換靜音，並遵守各項規定。三、若遇緊急事故，請依本館人員指示，依序離開。四、觀景平台禁止攀爬欄杆、觀景平台外保安林及園區內禁止投擲雜物（石塊垃圾等）、TP3探坑禁止投擲石頭。五、園區鄰近山區，請自備防蚊液，並注意虎頭蜂毒蛇出沒，若於草叢、花圃發現虎頭蜂及蛇類出沒，請通知園區保全04-26220800。六、為控制本園區展場參觀品質，同一時間參觀人數過多時，得限制進場人數。七、預約團體如遇不可抗力之原因需取消預約導覽，請於3天前通知本處。八、請注意自身及隨行小朋友安全。","1.由中清交流道下→接中清路(省道台10)往清水方向→經台中機場(省道台10乙)往清水方向→依指標行進即可到達。2.由中港交流道下→接台灣大道(省道台12)往沙鹿方向→轉中山路(省道台1)往清水大甲方向→轉學園街接中航路(省道台10乙)往大雅方向→依指標行進即可到達。","1.清水火車站下車，搭乘111路線公車，牛罵頭遺址站下車即到達。2.客運車：清水高中站下車，步行上鰲峰山市鎮公園，約10~15分鐘。","","https://www.tchac.taichung.gov.tw/information?uid=43&pid=2193","https://zh-tw.facebook.com/gomach436/","","展示館、販賣部、停車場、公廁、公車站、解說簡報、無障礙廁所、無障礙坡道、無障礙停車位","歷史古蹟、教育資源、無障礙景點","","文化類、古蹟類"
"412","796","387300000H","國家漫畫博物館(臺中刑務所演武場)","目前館舍為國家漫畫博物館。刑務所演武場，位於台中市西區林森路33號，興建於日治時期昭和12年(西元1937年)，為司獄官、警察日常練武之武道館舍，屬本市僅存之演武場，歷史原貌保存完整， 極具保存、再利用及建築研究價值。演武場建築群包括演武場主體建築及東側附屬建築，主體建築依對稱型式建造，中央後側設有神龕，面對神龕左側為柔道場、右側為劍道場，演武場內僅單側設有座席，與同時期類似建築武德殿相較，屬較小之武道設施。建築形式屬日治時期典型演武場，座基抬高，立面仿木結構及壁柱飾樣，屋頂入母式屋頂建造，有大型鬼瓦及博風板裝飾。臺中刑務所演武場，興建於日治時期昭和12年(1937年)，為日據時期司獄官、警日常演習柔道、劍道之訓練場。2004年登錄為歷史建築。","","403","臺中市","66000","西區","林森路33號","","04-23710360","24.13438","120.6739","1-2小時","","","","","","https://www.ntmc.gov.tw/home/zh-tw","https://www.facebook.com/NationalComicMuseum/?locale=zh_TW","","展示館、販賣部、停車場、公廁、公車站、解說簡報、網路、無障礙廁所、無障礙坡道、無障礙停車位","歷史古蹟、無障礙景點","","文化類、古蹟類"
"413","1140","387300000H","一德洋樓ˍ台中市歷史建築林懋陽故居","融合閩南、日式木造、洋樓等建築特色。臺中市歷史建築「林懋陽故居」係臺中市林、賴兩大家族聯姻後開枝散葉根基，建成於1920年代，保留了日治時期特有的建築風格，經歷眷村時代的熱鬧洗禮，成就了「一德洋樓」的名號。於2015年修復完成後開放民眾參觀。圖片出處：一德洋樓★ 園區地址：臺中市北屯區文昌東11街14巷1號停車場｜採計時收費制　★ 用餐訂位專線：04-2233-2238★ 園區服務電話：04-2233-1165","免費入園【適逢國定假日 ‧ 開放時間依最新公告為準】 ▲合院‧右護龍 ｜藝文展覽區 週三~週日09:00-18:00 (週二不開放) ▲合院‧左護龍 ｜馨苑小料理 週一~週日 11:30-20:30 ▲眷村｜馨苑小料理 週一~週日 11:30-20:30 ▲洋樓｜馨苑咖啡廳 週一~週日 11:30-20:30 (2F需預先訂位)","406","臺中市","66000","北屯區","文昌東十一街14巷1號","","04-22331165","24.16609","120.69299","1.5-2小時","","","","","停車場｜採計時收費制","https://www.facebook.com/YideMansion","","","公廁、無障礙廁所、無障礙坡道","歷史古蹟、無障礙景點","","古蹟類"
"414","1392","387300000H","舊頂街派出所","「舊頂街派出所」位於豐原區中正路5 號（豐原火車站旁），建於日治時代1930 年，原為台中州豐原郡頂街警察官吏派出所，民國91 年縣政府將其登錄為歷史建築。歷史建築頂街派出所緊鄰豐原火車站左側，是興建於1936年之二層式警察官吏派出所，建築外觀原為褐色洗石子外牆，牆基貼飾綠釉溝紋面磚，後因配合警察機關之使用需求，將其外牆噴漆成紅色。在民國91（2002）年4月16日公告登錄為本市歷史建築。建物目前委外營運，規劃為藝文展覽、音樂演出、地方特產、文教推廣及餐飲服務複合空間。","暫停營業(裝修整備中)","420","臺中市","66000","豐原區","中正路5號","文資處","04-22290280","24.25367","120.72259","0.5-1小時","","","","","","https://www.tchac.taichung.gov.tw/historybuilding?uid=34&pid=34","https://www.facebook.com/Yokukissa1936","ChIJVcJrkI4baTQRi5dX7IzXGvg","無障礙廁所、無障礙坡道","歷史古蹟、無障礙景點","",""
"415","517","387300000H","南屯犂頭店生活館","藉此計畫以南屯犂頭店地方文化館來作為南屯區社區資訊中心，結合原有活動中心與既有閒置空間，重新規劃打造社區生活館，增加社區居民情感交流空間。生活館未來展示犁頭店老照片外，也可以做為傳統文化教學及人力培訓的教室，讓居民得以懷舊並經營傳承。目前館舍係作為社區居民文化活動、休閒使用，並擺置古早農具及生活用品等常設展覽供民眾參觀，也是南屯文化生活圈辦理相關活動的核心館舍。 ","週一至週五，09:00-11:30 (預約制)","408","臺中市","66000","南屯區","萬和路一段50號","南屯區公所","04-24752799#309","24.13628","120.63896","0.5-1小時","","","南屯國小後門對面，南屯區活動中心隔壁。","搭乘仁友客運30、40號，於南屯市場站下車，步行至犁頭店生活館。","","https://www.nantun.taichung.gov.tw/","","ChIJW7pqa8k9aTQR8r1CHtl1ju0","展示館","藝術空間","","藝術類"
"416","957","387300000H","國立臺灣音樂文化園區","這座全台灣唯一的音樂文化園區中，除了國立臺灣交響樂團的演奏廳之外，還有「樂器展示區」，可實際看到交響樂團所使用到的樂器，也可以透過數位科技和影音設備，認識樂器的演奏方式及相關知識。樂器展示區樓上的「影音文化廣場」則提供豐富的資料庫，可做為查詢與欣賞音樂的輔助。這裡有期刊區、圖書區、影音多媒體資料區等開架式的資料展示專區，可先在館藏區挑選自己喜愛的音樂影片或CD，再到個人視聽區仔細欣賞。此外，影音文化廣場內還特別開闢了「歌劇區」以及「作曲家區」這兩個展示專區，展出國立台灣交響樂團自從創團以來演出過的歌劇劇作，以及在台灣這片土地上具有代表性的作曲家作品，同時也記錄了國立台灣交響樂團在國內各縣市、鄉鎮、文化中心和表演廳所走過的足跡。此外，「優質工作室」提供來訪音樂家、藝術家們一個完善的空間，從事創作及排練準備等等的活動；而「研習中心」則扮演了促進音樂教學和欣賞、體驗連成一環的重要角色。園區整體空間兼具學習、欣賞、演奏與體驗並進的功能，歡迎您呼朋伴友來這裡輕鬆進入古典音樂。演奏廳於民國91年12月1日正式啟用，屬於中型的表演場地，總共有574個觀眾席座位。為求音響效果的完美呈現，觀眾席的兩側牆面有可以調整音響的面板設計，讓音樂演出品質達到專業水準。除了音樂會之外，也適合歌劇、舞劇的演出。並且規劃有專業的錄音室及排練室，不論在舞台、音響、錄音設備、觀眾席等各方面，都是具有國際水準的演奏廳。演奏廳的正面外牆，是由藝術家林昭慶先生所設計製作的陶塑作品，叫做「音樂饗宴」，色彩繽紛的樂器和音符彷彿在陶壁上舞動著，傳達出音樂豐富的躍動感。在落成時可是國內面積最大的公共藝術品，也是東南亞面積最大的陶壁創作。","","413","臺中市","66000","霧峰區","中正路738之2號","","04-23391141","24.0586672","120.6987078","1-2小時","因相關建物整建工程，本團影音館自114年6月起至12月暫停對外開放。後續重新開館訊息將於年底另行於官網公告，造成不便，敬請見諒。若有任何問題請洽資料組 (04)2339-1141分機212。","1.2樓圖書室開放時間：上班日9：00-17：00。2.本團人員例假日接受團體預約導覽（30人以上），請於10天前辦妥預約。預約專線：04-23391141轉分機652。","1. 南下1: 國道1號中清交流道—明德路—中清路(省道10、1乙)—環中路(上省道74號中彰快速公路)—國道3號快官交流道—霧峰交流道—往霧峰—霧峰中正路—經過省諮議會、霧峰國小—右轉成功路(聯合辦公區內)—國立臺灣交響樂團2. 南下2: 國道1號中港交流道或龍井交流道—上中彰快速公路(省道74號)—國道3號快官交流道—霧峰交流道—往霧峰—霧峰中正路—經過省諮議會、霧峰國小-右轉成功路(聯合辦公區內)—國立臺灣交響樂團3. 南下經市區: 國道1號 龍井交流道—五權西路—(往臺中)—右轉國光路—霧峰中正路—成功路左轉(聯合辦公區內)—國立臺灣交響樂團4. 南下經中投: 國道1號南屯交流道—五權西路—(往臺中)—右轉五權南路—中投公路—北勢丁台交流道下—左轉(丁台農莊)—往霧峰方向—過霧峰中正路—成功路(聯合辦公區內)—國立臺灣交響樂團5. 北上: 國道3號霧峰交流道—往霧峰—霧峰中正路—經過省諮議會、霧峰國小—右轉成功路(聯合辦公區內)—國立臺灣交響樂團","1. 公車聯營：747、 777、999公車，於霧峰國小下站總達客運：於霧峰國小下站台中客運：100、103、107、108，於教育廳下站彰化客運：台中往南投，於教育廳下站豐原客運：台中往南投，於教育廳下站2. 高鐵（台中站-14月台）轉統聯客運：151號，於教育部國教署（前教育廳）下站（約15分鐘）","附停車場。","https://event.culture.tw/mocweb/reg/NTSO/Detail.init.ctr?actId=04276&utm_medium=query","","ChIJu8VGlUU7aTQR58BXV89gzpA","遊客中心、展示館、停車場、公廁、公車站、解說簡報","藝術空間","",""
"417","1259","387300000H","舊社里彩繪村","壁畫作品融入后里特產主題，有可愛石虎、百合花、海芋、松鼠與薩克斯風等圖案，吸引更多人暢遊舊社里。","","421","臺中市","66000","后里區","舊社里舊社路93號","","","24.29475","120.70098","0.5-1小時","","","","","","","","ChIJPwhJFnsQaTQRs2KmGCS3MBo","","藝術空間","",""
"418","1448","387300000H","幻覺博物館","而我們也在台灣爭取到獨家授權，將博物館的相關設施完全複製到台中，讓台灣的朋友不需要出國，就能享受到一樣的錯覺藝術娛樂。  幻覺博物館裡的展品涵蓋視覺、知覺、人腦和心理的知識，同個空間，在不同角度下，眼睛可能會看到大腦無法理解的事物。以上圖文資訊由幻覺博物館提供，版權歸幻覺博物館所有。","","403","臺中市","66000","西區","精誠路66號","","04-23295008","24.15605","120.65635","2-4小時","成人：$380、學生(需有學生證)：$350、孩童(3-15歲)：$270、敬老票(65歲以上)：$350","","","","","https://moitaichung.fonticket.com/","https://www.facebook.com/MuseumOfIllusionsTaichung/","","","藝術空間","","藝術類"
"419","1844","387300000H","勤美術館","台中西區草悟道文化地標，由日本建築大師隈研吾操刀設計。以唐草為設計靈感，「掀開大地」為建築主題，希望能消除自然與建築之間的藩籬，創造出一座與地景共生的有機建築，詮釋建築自然的共生關係。建築內部則注重人與空間的互動關係，運用木質格欄及岩板牆模擬大自然景象，增加觀眾猶如走入山林的體驗感。勤美草悟道結合勤美誠品、洲際酒店到勤美術館，為遊客打造一個結合旅宿、商場、藝文與住宅，融合美學與永續的多元商圈，體驗專屬於台中的藝文生活。一樓為開放性公共空間，無須預約即可入館參觀，展覽區域需購票入場，票價將依展覽檔期及主題性質調整，詳細資訊請參考官方網站。","週二～週五、週日 10:00-18:00（週六至19:00） / 週一休館 (前30分鐘停止售票)。","403","臺中市","66000","西區","館前路79號","","04-2328-5000","24.1519181","120.664222","1hr","一樓為開放性公共空間，無須預約即可入館參觀，展覽區域需購票入場，票價將依展覽檔期及主題性質調整，請參考景點官網。","","自中港交流道下往市區方向，至英才路右轉，再於公益路右轉，再右轉館前路50公尺即抵達。","台灣高鐵請在「台中站」下車後，由「出口6」至「第13月台」搭乘高鐵快捷公車159號（往台中公園）並至「廣三SOGO（美村路）」站下車，步行約5分鐘即抵達。臺灣鐵路請在「台中站」下車後，搭乘市區公車：台中客運27號、統聯客運81號至「草悟道（市⺠廣場）站」；300-308號至「科博館站」，步行約5分鐘即抵達。搭乘市區公車：台中客運27號、統聯客運81號至「草悟道（市⺠廣場）站」；300-308號至「科博館站」，步行約5分鐘即抵達。","草悟道周邊停車格、勤美誠品綠園道停車場，敬請多加利用。","https://cmp-inspiration.com.tw/","https://www.facebook.com/cmpinspiration/","","展示館、販賣部","藝術空間","","文化類"
"420","2003","387300000H","1035 collab","1035 collab 興建於 1916 年，日治時期原為「鈴木耳鼻咽喉科醫院」。由於修復團隊在牆層發現刻有「電話一零三五番」的舊招牌木板，並將其保留作為品牌識別。建築由前後兩棟構成：前棟二樓外牆採用綠青色洗石子與溝面磚，一樓柱子有幾何裝飾。室內保留診所格局，原掛號處改為咖啡點餐櫃檯，二樓則修復挑高木桁架與紅磚牆。後棟為過去醫師的起居空間，屬於和洋混合風格住宅，建築旁有一條寧靜的窄巷。現在這座老屋由咖啡、烘焙與設計品牌進駐，成為復古與現代交融的文化據點。若欲前往參觀或用餐，請洽進駐店家預約。","訂位、預約請洽各店家","400","臺中市","66000","中區","市府路73號","","","24.13984407","120.6800522","","","","","","","https://www.instagram.com/tenthirtyfive_collab/","","ChIJJbVEWPU9aTQRNfICju0DwQs","販賣部","藝術空間","",""
"421","751","387300000H","東海藝術街商圈","午後走在這一條沿著小斜坡而建的東海藝術街，令人悠閒愜意；晚上逛入東海商圈，繞行望高寮或是都會公園，放眼盡覽臺中夜之美是最大的享受！東海商圈有著風情萬種、創意文青感十足的餐廳、咖啡館、速食店及服飾精品店。晚間誘人的平民攤食則集中在東園巷與新興路口一帶，打響東海夜市名聲的，首推「東海蓮心冰雞爪凍」，其名氣享譽全臺，還有老字號店家「東海東山鴨頭」、「豆子」的芋圓仙草奶凍等等，無論是夜晚繁星點點藝術街道，抑或熱鬧非凡的夜市巷弄，東海商圈的人文氣息，都別具一番特色！","營業時間依各店家為主","434","臺中市","66000","龍井區","國際街","","04-26317686","24.18802","120.59322","1-1.5小時","","","(1)國道1號下中港交流道，往台中港方向直行中港路，國際街天橋下左轉，藝術街左轉沿線即是。(2)國道3號下龍井交流道，往龍井方向→中港路→國際街→藝術街即可到達。","臺中客運28、60、88 (東海別墅站下車，步行2分鐘)統聯客運83、86、150(東海別墅站下車，步行2分鐘)巨業客運68、168 (東海別墅站下車，步行2分鐘)東南客運67 (東海別墅站下車，步行2分鐘)","","https://www.gogoartstreet.com/","https://www.facebook.com/ArtStreetTaiwan","ChIJbxz8CYwVaTQR7YDgBZXAVRE","販賣部、公共電話、公廁、公車站","藝術空間、主題街道","","其他"
"422","1141","387300000H","興大康橋","旱溪人行景觀橋為旱溪排水整體環境改善的重要設施，長48公尺、寬4.5公尺，外觀仿效劍橋大學的康橋造型，以石材及仿木材質進行施作，並設夜間造景燈，提供大里區及南區居民連貫的休閒動線，且增加河岸特色及地方亮點。興大康橋位於中興大學後方旱溪上，由經濟部水利署規劃的康橋計畫所建，目標是建造一條能媲美英國康橋的休閒河川，提供市民一個親水景點。這裡規劃了滯洪公園、自行車道、休憩平臺、活動廣場、人工濕地、景觀橋等休憩空間，並融入自然生態、節能減碳及社區參與概念，營造水域周邊多功能優質環境，提升區域排水的美感與生命力。 散步、運動、釣魚、野餐、划輕艇、欣賞街頭藝人表演……等，美麗的水岸康橋成為周邊居民生活中不可或缺的舒壓空間。","","412","臺中市","66000","大里區","環河路與 爽 文 路口","","","24.11692","120.67421","1-1.5小時","","","","","","","","ChIJT3F5Kfw8aTQR6zbLBVorW00","無障礙坡道","藝術空間、生態之旅、無障礙景點","","生態類、藝術類"
"423","333","387300000H","臺中市大墩文化中心","臺中市素有文化城之美譽，文風鼎盛，教育事業發達，社會各界對於文化活動的推展，不遺餘力。民國65年，由名企業家何永先生於雙十路捐建文化中心一座，為全臺第一間文化中心。民國68年，中央政府推動12項建設，補助各縣市設立一座文化中心，本市擇於英才路600號籌建，翌年8月開工，並於72年11月12日竣工啟用，面積16,615平方公尺，定名為「臺中市立文化中心」。(原雙十路文化中心於72年改為「文英館」，並於101年交國立臺灣體育運動大學管理。)99年12月25日臺中縣市合併升格直轄市後，定名為「臺中市立大墩文化中心」，102年1月1日改制納編為文化局內部單位，定名為「臺中市政府文化局大墩文化中心」。臺中市大墩文化中心管理範圍包含中山堂，並與「臺中市立圖書館大墩分館」合署辦公，場域內有10間展覽室，另設有演講廳､視聽放映室､簡報室､會議室､研習教室､圖書閱覽區及自習室等場所，為一複合式教育場館，可供辦理各項藝文推廣活動，是臺中市重要之藝文重鎮。","全館：週二至週日 08:00～21:00 各展覽廳：9：00～21：00 各場地空間：依節目時程開放(週一及民俗三節日、春節休館)","403","臺中市","66000","西區","英才路600號","","04-23727311","24.14146","120.66607","1-3小時","","藝文場所請勿大聲喧嘩。","1. 由中山高速公路中港交流道下匝道→臺灣大道→右轉英才路。2. 由中山高速公路南屯交流道下匝道→五權西路→左轉向上路→右轉英才路。3. 由中彰快速道路→下五權西路出口→左轉向上路→右轉英才路。4. 由中投快速道路→下五權南路出口→接五權路→左轉英才路。","全航客運5(大墩文化中心(英才路))豐原客運51(大墩文化中心(英才路))台中客運 71（大墩文化中心(五權路)） 統聯客運 56、75（大墩文化中心(五權路)）仁友客運 30、40（文化中心站(五權路)）綠能街車(台中客運 全航客運 豐原客運)11（大墩文化中心(五權路)）","車輛可停至收費停車場，收費費率20元／小時（24小時開放），車位共50位。","https://www.dadun.culture.taichung.gov.tw/","https://www.facebook.com/dadunculture","","展示館、公共電話、停車場、公廁、公車站、無障礙廁所、無障礙坡道、無障礙電梯、無障礙停車位","藝術空間、地方展館、無障礙景點","","藝術類、其他"
"424","953","387300000H","屯區藝文中心","臺中市屯區藝文中心，為原臺中縣政府12項旗艦計畫之一，乃為均衡山海屯區域文化發展，肩負屯區藝文發展重任，並為大臺中宏觀著眼，以期形塑「文化之都」願景。臺中市屯區藝文中心(原名臺中縣立屯區藝文中心)於99年7月正式成立，99年12月25日縣市合併後改名為臺中市立屯區藝文中心，嗣因組織整併，又於102年1月1日更改為今名。屯區藝文中心以表演藝術與音樂為主軸，兼具美術展示與文化推廣之功能。未來更以藝術教育推廣的角度，積極辦理各項藝文展演活動，結合教學、社區生活並促進國際文化藝術交流。佔地近5公頃，總樓地板面積6,700坪，地上三層地下一層，是一座以「太極、中道」及「藝、素、建築」的觀念所蘊育出的一座有思想的建築。主體多功能演藝廳有1,150席、實驗劇場有200席。設有室內空間如下：展覽館：地下一樓（展覽室B）、一樓（展覽室A、美學空間）、二樓（美學典藏館、親子閱覽室）及三樓（大會議室198座席）。演藝館：演藝廳（1,150座席）、實驗劇場（200座席） 其中實驗劇場是一個黑色的開放式空間，又稱「黑盒子」(Black Box)劇場。劇場上方的懸吊系統採張力鋼索頂棚，可以在任何地方懸吊佈景及燈光，演出者亦可依自己的理念來擺設舞臺及觀眾席的相對位置，適合實驗性強的表演、戲劇、舞蹈、音樂會等類型之演出。演藝廳為鏡框式舞臺 (Proscenium stage)設計，分成主舞臺、左側舞臺、右側舞臺、後舞臺及樂池五個部分。右側舞臺旁設有2間個人化妝室，二樓另設有5間個人化妝室、3間中型化妝室、1間大型化妝室及1間排練室。觀眾席共1,150席，是一個適合音樂、舞蹈、戲劇等多功能複合式的演藝場所。 外頭的廣場為辦理戶外表演活動的最佳場所，有戶外露天劇場、茄苳樹區、蘭亭廣場等區，午後時光，民眾可以攜家帶眷觀賞精采的演出，更可以悠閒的散步於園區之中，度過美好的假日時光。導覽解說：■有 □無 ■預約制線上預約：https://www.ttdac.taichung.gov.tw/ReservationView","09:00–17:30，每週一休館","411","臺中市","66000","太平區","大興路201號","","04-23921122","24.15687","120.73501","1-2小時","","藝文中心內勿大聲喧嘩、請勿穿拖鞋(凡後跟鏤空或無後繫帶者皆屬之)進館。","1.【國道三號霧峰交流道】→接『臺中生活圈四號道路』→下太原交流道→右轉太原路三段→右轉廍子路(過新桃花源橋)→左轉大興路→屯區藝文中心2.【國道四號豐原交流道】→右轉豐勢路→左轉豐原大道→左轉田心路→接豐興路→接軍功路→左轉太原路三段→右轉廍子路(過新桃花源橋)→左轉大興路→屯區藝文中心3.【國道一號中港交流道】下臺灣大道(原中港路)→左轉忠明路→接進化北路→左轉北屯路→右轉太原路三段→右轉廍子路(過新桃花源橋)→左轉大興路→屯區藝文中心 4.【臺中高鐵站】→接『74中彰快速道路』→接『國三快官交流道』→接『國三霧峰交流道』→(同1)5.【臺中火車站】→建國路→接雙十路→右轉精武路→接中山路二段→左轉大興路→屯區藝文中心","1.【公車51路 豐原客運】(莒光新城-屯區藝術中心)：臺中後火車站→屯區藝文中心2.【公車75路 統聯客運】(臺中榮總-勤益科技大學)：臺中火車站→國軍臺中總醫院叉路口→步行700公尺至屯區藝文中心3.【公車41路 臺中客運】(綠川東站-勤益科技大學) ：綠川東站→國軍臺中總醫院叉路口→步行700公尺至屯區藝文中心4.【臺中高鐵】：臺中(烏日)高鐵站→臺鐵新烏日站轉搭區間車→臺中火車站→轉乘公車5.【公車85號 統聯客運】(高鐵臺中站-國軍臺中總醫院)：臺中(烏日)高鐵站→屯區藝文中心(正門口)6.【公車15號 臺中客運】(綠川東路-國軍台中總醫院)：臺中(第一廣場)→屯區藝文中心(正門口)","1. 【東側停車場】機車：174輛，小客車：40台，大客車：15台。2. 【西側停車場】小客車：180台。","http://www.ttdac.taichung.gov.tw/","https://www.facebook.com/ttdac/?locale=zh_TW","","展示館、停車場、公廁、公車站、網路、無障礙廁所、無障礙坡道、無障礙電梯、無障礙停車位","藝術空間、地方展館、無障礙景點","","藝術類"
"425","1066","387300000H","菩薩寺","菩薩寺位在台中市大里區，建築外觀沒有宗教寺廟慣有的宮殿式歇山屋頂、雕梁畫棟琉璃瓦等裝飾，而以不假雕琢修飾的清水模為建築語彙，堅守返璞歸真的無華質樸。大門以「退」為設計概念，臨路謙退讓出部分建築線而安置一株老梅樹，樹下有石，供過客安歇；門上有字，題名「安居」，望訪客「回菩薩家」正如「返自己家」從容安住。走入門內，路旁的「照顧腳下」不只叮嚀，也是佛教裡「腳踏實地，把路走好」的涵義；穿越小橋，抵達「彼岸極樂」，腳下的「求道之路」是菩薩寺設計的核心概念，是連接寺內一樓到三樓的唯一路徑：一折平台鐘，二折菩薩殿、三折回望來時路─詮釋著求道過程的層層心境，每一個轉折都是決定，都是決心。院內流水天光，如夢幻泡影；水塘睡蓮游魚，蘊含生機；頂上樹影斑駁，底下端坐佛陀降生悟道，拈花微笑。「菩提心為因，大悲為根，方便為究竟」，菩薩寺內隨意坐落著各式自在神態的菩薩，端嚴法相，譬如眾生相。菩薩寺「每個空間都引入了風與光」，聲音和風在空間中四處流動。走出室外，感受天候的晴雨；返回室內，呼應心境的起伏─內外連結著人與自然，兩者在此穿梭、交疊、對話，互相傾聽，跟著季節時序的節奏運行，在晨昏與四季的變換中，領略天與人的生命對話，蘊養人與自然、建築與環境的和諧平衡。室內以溫潤的木材做為「人」與「牆」的介質。一樓牆上裝飾有菩薩寺理念的彩繪作品，以及佛語「自依止，法依止，莫異依止」；二樓菩薩殿，入目是古樸的菩薩雕像，和背後大片的玻璃窗，窗外老榆樹伸展著枝枒，更隨四季變換；三樓左側為僧人修行處，對外不開放；右側則擺放有桌椅，桌上備有心經、白紙與筆，開放給訪客「緩下來，靜調吐納」「寫經」；用「寫」而非「抄」，正是希望來訪之人除了放下俗事，更要靜思用心，「心的世界，最大」。菩薩寺的主持人慧光法師提倡「在生活中修行，修行不離生活」─在菩薩寺，建築是含蓄的、空間是簡約的、環境是樸實的─「因為簡單，所以豐富」。建築師說：「所有令人感動的建築，都有歲月」，在菩薩寺的歲時流轉裡，我們沉澱思緒，沉靜心想，一步立真處，一眼觀自在，一瞬見緣起。(文字資料部分參考彙總：半畝塘官網、菩薩寺粉絲團)","星期一、二：公休；星期三至星期五：13:00–18:00 ；星期六、日：09:00–18:00 (因寺中常有法會舉行，建議前往前先致電詢問)","412","臺中市","66000","大里區","永隆路147號","","04-24079920","24.1068977","120.6765713","1-2小時","","因寺中常有法會舉行，建議前往前先致電：04-24079920詢問","沿國道3號下中投公路交流道出口→轉中投公路(台63線)→靠左上匝道走中投快速公路(台63線)→ 於德芳路三段右轉→接德芳路二段→約300米後 到達永隆路口→左轉前進約350米抵達菩薩寺","●高鐵1.直接在新烏日站搭乘火車到台中火車站再改搭公車。2.直接由高鐵台中站大廳層5、6號出口手扶梯至1樓客運轉運站，前往6號出口至10號公車月台搭全航客運於大里仁愛醫院站下車，下車後順著國光路走，右轉永隆一街，再右轉永隆路就可看到菩薩寺；或左轉東榮路（仁愛醫院對面方向），再左轉永隆路就可看到菩薩寺。","附近街道旁皆有路邊停車位","https://www.ibs.tw/","https://www.facebook.com/ibs.tw/","","公廁、網路","藝術空間、宗教寺廟、樂齡專區","","文化類、廟宇類、藝術類"
"426","368","387300000H","七分窯","七分窯位在新社的小山上，成立於民國82年，無疑是新社老字號的景點之一。七分窯是個大型窯廠，經營項目有胚體製作、釉料、燒窯、教學活動等，而陶刻是它的主力創作，張笠夫於民國84年創立台灣陶瓷刻畫學會擔任創會理事長，並將會館設立於此，結合許多藝術人員，推廣藝術，栽培新生代藝術創作者，將藝術生活化，生活藝術化，在中部縣市辦過許多大大小小的藝文活動，並定期在文化中心展覽。很多人疑問七分窯命名的典故？十分難求追求七分醉三分就是七分窯命名的由來，也是我們對人生的態度，「人生何不三分醉？悟透世情醉三分。」張笠夫的題詞〝醉仙〞曾撼動過許多人，而我們抱著追求七分、待客八分的心態經營。張笠夫與李春美夫婦，鍾情於陶藝創作，並涉獵多種藝術領域，如油畫、國畫、書法、彩繪等，藝術的教學與推廣也是他們的生活重心。來到七分窯，你可以賞陶，也可以玩陶，兩百多坪的陶藝創作展覽區和四百多坪的玩陶教室活動區，以及上千坪的休閒活動區，寬廣的場地讓人遠離煩擾，心情自然舒朗。張笠夫藝術館則定期展出本土書畫家的作品。在九二一大地震後經歷了重建過程，張笠夫夫婦以堅定的信念，花了一年半時間重建並將其發展得更具特色。除了原有的設施外，還建構了香草園區、植物教學園區。陶藝書畫配合著精心規劃的園區景觀，更讓人動容的是這對夫妻的執著與認真。","星期三至星期日，早上09:00~下午17:00/休館日：星期一和二","426","臺中市","66000","新社區","崑山里崑南街七分小巷1號","","04-25820717","24.24148141","120.7885301","1-3小時","入園費：$100元，可抵消費$100元(120公分以下孩童免收入園費)","","◆從台中來的朋友走東山路往大坑風景區，過東山樂園後繼續前行約10分鐘，至中興嶺左迴轉(郵局對面的道路中93道)，繼續行駛約10~15分鐘即可到達。可參考指標→七分窯、又見一炊煙、明月居、安石園、崑山國小。　	　◇台中生活圈四號北上，下東山路匝道後右轉(假日車多建議軍功路先下，直行至東山路後再右轉)，參考從台中往來的路線。※下匝道後約25分鐘車程　	　◆台中生活圈二號南下，下松竹路匝道後左轉，參考從台中往來的路線。※下匝道後約25分鐘車程☆過中興嶺後如有經過加油站(129號道)，表示此時已經走錯方向，請行駛回中興嶺再次確認 。☆大型遊覽車如要直接抵達七分窯，建議行走大雅交流道往大坑風景區，過東山樂園後很快就可以到中興嶺了，會比走國道四號快喔。","","","http://www.7fy.url.tw/","","ChIJy_heOuwbaTQRFqS1N2VlUf0","展示館、販賣部、停車場、公廁、網路","藝術空間、花園農場、特色文化","","文化類、藝術類、休閒農業類、遊憩類"
"427","1733","387300000H","原流新創聚落","原流新創聚落位於霧峰區光復新村，是一處從傳統到現代，從原鄉到都市，融合原住民族群文化發展菁萃，帶領大家透過空間環境重新認知，身歷其境真實感受場域。聚落內彙集來自中部原民部落精彩的文化藝術、創新產業、特色商品和休閒體驗，又有各種原住民文化創意產業產品，有工藝、編織、陶藝及藤編等文創作品，歡迎您到聚落體驗原住民族文化之美。照片取自原流新創聚落景點FB。","平日10：00-18：00假日10：00-20：00每周二公休","413","臺中市","66000","霧峰區","新生路100號","原民會","04-23392538","24.0442362","120.6950011","","","","","","","https://www.llyungtaichung.com/","https://www.facebook.com/LlyungStartupCluster/","ChIJXzEZqJg7aTQRBNtrfJbcOcQ","展示館、販賣部、停車場、公廁、公車站","藝術空間、原民生活","","文化類"
"428","496","387300000H","臺中市立圖書館西屯分館","西屯分館位於臺中市西屯鬧區，在這個市地重劃，各項重大建設齊頭並進的密集區域，西屯分館成為在這個繁華熱鬧的行政區中具有十足休閒閱讀、快樂學習的重要場所。 另外西屯分館鄰近逢甲夜市，在這個全國數一數二熱鬧的觀光商圈中，人聲鼎沸，各種美食漫天飄香，同時在西屯分館裡交錯著書香，閱讀中洋溢著親切的人間煙火，活力十足的滋養著這城市的魅力角落。","週二至週六 08：30至21：00 週日 08：30至17：30 週一及國定假日休館","407","臺中市","66000","西屯區","福星路666號","臺中市立圖書館","04-27011102","24.1729876","120.6490204","1-2小時","","","福星路接河南路口直行兩分鐘即可抵達。","■「河南福興路口」站下車，可搭：28、54、68■「河南崇義街口」站下車，可搭：33、79、6268、7507■「上石里」站下車，可搭：25、29、37、45、125、35","","https://www.library.taichung.gov.tw/public/lib/index.asp?m1=28","","ChIJHQ_7KycWaTQR__x6J2a8Twk","公廁、網路、無障礙廁所","藝術空間、特色文化","","文化類、藝術類"
"429","529","387300000H","霧峰林家花園林獻堂博物館園區","林獻堂博物館林獻堂先生身處新舊思想交替的年代，因而具備新舊知識分子優點，這兩種特質的融合，使獻堂先生成為臺灣二十世紀前半期最偉大的人物之一。館內展示霧峰林家相關文獻史料、古文書、林獻堂日記真跡、墨寶、手稿、檔案、明信片及霧峰林家早年使用的生活用品、家具與重要文人書畫等。走入本館欣賞台灣手工技藝，與精緻華麗的文化，如同閱讀一部林獻堂先生傳記與一篇瑰麗錦繡的立體台灣史。萊園臺灣四大名園之首，霧峰林家後花園，1893年林文欽先生中舉後，為感激其母羅太夫人育養之恩，興建花園以供母親頤養天年，並以老萊子彩衣娛親典故命名為「萊園」。萊園是一座依山傍水的美麗林園，國定古蹟五桂樓、飛觴醉月亭、小習池、木棉橋，巧妙的形成自然與人文完美結合，風光優美，成為聞名全台的勝景。蓉鏡齋始建於1838年，初為起居住所，1887年林文欽將其改建為私家書齋（俗稱新學仔），以《酉陽雜俎》「芙蓉鏡下及第」典故，命名為「蓉鏡齋」。是林獻堂先生從小與親族一同學習傳統漢學的書院，其建築風格採傳統書院格局，前庭如孔廟形制，掘一泮池，正廳為講堂，前方為典雅軒亭，可謂台灣格局最完整的私家書院，亦為當時中部地區最重要的漢學教育中心。景薰樓「景薰樓」為頂厝系主要宅邸林獻堂故居，主建築分為三進九開間，即俗語所說「大厝九包五、三落百二門」，為傳統合院式格居，林奠國於1864年開始興建，1867年林文鳳完成第一落內外護龍、正身與景薰樓門樓；1883年林文欽完成第二落主體建築與第三落部分。後來林獻堂在日治時期重新整修，增建正廳前葡萄架，並將原本的門樓重建，形成今日我們所看到的規模。正廳棟架間分別有可活動「八卦門」、「四喜」雕飾，還有二進的「英（鷹）雄獨立」雙視畫，以及象徵「魚躍龍門」造型之斗拱。主廳兩側有大型花瓶門，取四季出入平安之意，傳統建築樣式包羅萬象。以上圖文資訊由霧峰林家花園林獻堂博物館園區館提供","8:30~17:00","413","臺中市","66000","霧峰區","萊園路91號(明台高中校區內)","","04-23391761","24.06121365","120.7031098","1-3小時","全園導覽費用：全票$220、團體票$200（20人以上）、學生票(大學、高中$100)、(國中以下$80)。林獻堂博物館：全票$100、學生票$70、國中生以下及霧峰鄉親免費（需出示證件）。消費資訊請依店家公布為主。","","從臺中出發走中投公路往霧峰草屯方向，於霧峰出口處下走成功路即可到明台高中。","搭臺中客運往霧峰站進入約500~600公尺。","","https://www.thelinfamily.org.tw/","","ChIJ1TzaAKY7aTQRsm-w0tJJVog","展示館、公廁、公車站、解說簡報","藝術空間、教育資源","","文化類、藝術類"
"430","1818","387300000H","海灣繪本館","海灣繪本館，擁有濃厚的懷舊文藝氛圍，位於清水眷村文化園區旁，原為眷村老宅改建而成。建築外觀保留了眷村傳統的建築美感，以海灣與大翅鯨為主題，帶來獨特的視覺感受。館內裝飾充滿海洋元素，為書友與小朋友打造了一個充滿創意與想像的閱讀空間。歡迎市民朋友攜家帶眷來此體驗，共同沉浸於這個別具特色的文化景點。","週一～週五休息週六：上午10:00 - 下午12:00 、下午1:00 - 下午5:00週日：上午10:00 - 下午12:00 、下午1:00 - 下午5:00","436","臺中市","66000","清水區","中社路54號","","","24.26813186","120.5576509","","","","","","","","https://m.facebook.com/baypicture/?tsid=0.413775914400459&source=result","ChIJlbulzpsUaTQRu8oW2UG1f74","","藝術空間、教育資源","","藝術類"
"431","486","387300000H","賴高山藝術紀念館","創始人賴高山先生，自幼研習漆藝，將一生奉獻於台灣漆文化之創作研究與發展，有感於民族傳統工藝傳承推廣之重要，將一甲子所學所作所收藏之漆文物，提供參觀。館內作品皆為賴氏父子自1940年代以來的創作，由於不斷研究漆藝的技巧與媒材，館藏十分豐富。約可分為漆畫區、面具區、漆陶區、各類技法整理區、日常用品區、材料工具展示區等，參觀者將對36種漆藝步驟與價值連城的堆彩漆瓶以及賴氏父子的獨門絕活「雕漆」印象深刻。館內同時展示漆藝研究的最新創作如漆琴、漆桌，以及賴作明先生新近配合文建會精緻文化創意產業所研發的「大墩漆陶」餐具，非常特別的是，以印葉貼附法，將南屯犁頭店地區特有的麻芛葉子印蓋在漆面上。未來，本館除持續致力於研究、推廣漆文化之外，亦將朝向參觀者DIY簡易創作、以及研發生活化的作品，以便讓更多大眾親近漆藝文化。賴高山先生師承日人山中公，於「臺中工藝專科學校」習得融合臺灣意象的雕刻技法與漆工藝「蓬萊塗」。2000年，賴高山與賴作明父子將昔日漆工廠兼自宅改建為「臺灣漆文化博物館」，目前館內以賴高山先生生平事蹟、創作，以及臺灣樹漆文化發展為主軸，將臺中獨特的漆文化作為臺灣特色，發揚光大。導覽解說：■有 □無 ■預約制圖文由臺中市政府文化局提供。","","401","臺中市","66000","東區","建智街12號","","04-22813106","24.1268881","120.6892974","","","","","搭乘仁友客運60號，於勞工服務中心站下車，沿立德東街步行，右轉建智街。","","https://www.facebook.com/laimuseum/","","ChIJPbXEgyI9aTQRzWZuRnEgZvE","展示館","藝術空間、教育資源、地方展館","","文化類、藝術類"
"432","1906","387300000H","台中海洋館","台中海洋館位在臺中市清水區，戶外廣場設置「悠游水漾」及「到海邊坐坐」兩件公共藝術作品。「悠游水漾」整體造型結合水與海洋生物的想像，以鏡面不鏽鋼材質呈現水的律動，周邊水面悠游自在的魚，象徵廣闊無垠的海洋。「到海邊坐坐」透過從水底向上看的海面波紋呈現，一圈又一圈的波浪，而馬賽克拼貼座椅象徵海上的浪花，提供遊客與作品的互動休憩場所，歡迎到此坐坐。","","436","臺中市","66000","清水區","海洋路168號","","","24.29675","120.5196399","","","","","","","","","","","藝術空間、教育資源、地方展館","",""
"433","1957","387300000H","臺中綠美圖(臺中市立美術館與臺中市立圖書館)","臺中綠美圖介紹坐落於中央公園北側，臺中綠美圖為臺中市立美術館與臺中市立圖書館共構而成的全新文化地標，由妹島和世與西澤立衛所組成的日本SANAA事務所及劉培森建築師事務所攜手設計。建築由八座高低錯落、彼此連通的量體構成，開放多元出入口，邀請人們自由漫遊、探索空間；外觀以金屬擴張網與玻璃帷幕等多元材質交融，展現通透、流動與開放的空間特質，使自然與公園綠意柔和地進入室內，建築宛如與城市、自然共生共融。綠美圖作為一個知識與感知交會的跨域場域，關注當代議題與城市文化脈動，透過展覽、書籍與多元活動，鼓勵人們在此相遇與對話，進而與人、城市和自然建立深刻連結，形成一座激發交流與思辯，並引領嶄新文化經驗的文化場域。臺中市立美術館介紹開放時間：週一公休 / 週二至週五 9:00-17:00 / 週六 9:00~20:00 / 週日 9:00~17:00臺中市立美術館以「跨界共融」為核心理念，致力於成為一座跨越邊界、開拓想像的美術館。以臺中百年文化之都的歷史脈絡與人文底蘊為根基，探索中部藝術發展脈絡與特色，並扣合當代城市生活與公共議題，開啟跨時空、跨領域的展演計畫及多面向體驗，同時積極連結國際藝術脈動，共振出開放多元的對話場域。美術館期望營造友善、多元的參訪經驗，讓每位觀眾都能在此獲得共鳴及美好經驗，將藝術的啟發帶入日常，回應自身，激發個人感知與創造的可能。中美館官方網站：https://www.tcam.museum中美館臉書粉絲專頁：https://www.facebook.com/TaichungArtMuseum中美館Instagram帳號：＠taichungartmuseum臺中市立圖書館介紹開放時間：週一公休 / 週二至週六 8:30-21:00 / 週日 8:30~17:30臺中市立圖書館總館以「市民參與」、「館藏應用」與「國際合作」為核心，整合全市閱讀資源，推動科技創新與人本服務，以閱讀力提升城市競爭力為願景，推動大臺中閱讀藍圖。新總館為全臺首座採分齡分棟設計的公共圖書館，挑高設計營造寬敞明亮的閱讀空間，導入先進數位科技，創造嶄新的互動閱讀體驗，並透過大數據平台進行即時分析與營運監控，有效提升服務效能與服務品質，同時積極跨領域活動與國際合作，成為市民終身學習、探索未來、永續多元的知性與感性交流的閱讀場域。中市圖官方網站：https://www.library.taichung.gov.tw中市圖臉書粉絲專頁：https://www.facebook.com/TaichungCityLibrary中市圖Instagram帳號：＠taichungcitylibrary交通方式●高鐵抵達高鐵臺中站，於七號出口轉搭計程車到臺中綠美圖● 捷運&公車搭乘臺中捷運綠線在「文華高中」下車，步行至「文心河南路口」轉乘525路至「經貿七路口」下車，沿經貿路二段至經貿七路口，步行約5分鐘（350公尺）即可抵達綠美圖。● 公車(1) 搭乘綠4、88、525路至「經貿經貿七路口」站下車後，沿著經貿路二段至經貿七路口步行約5分鐘（350公尺）即可抵達綠美圖。(2) 搭乘 6、8、23、54、61、82、108、500、850路公車在「中清同榮路口」或「貿易三村」下車後，沿經貿七路步行約10分鐘（650公尺）即可抵達綠美圖。(3) 搭乘8、157、157延、529路公車，至「經貿黎明路口」或「黎明中科路口」下車，步行10分鐘。● 自行開車國道一號南下中清交流道—右轉環中路二段—左轉中科路，國道一號北上中清交流道— 右轉環中路二段—左轉中科路。 停車資訊停車場小型汽車停車位335位、機車停車位386 位","● 臺中市立美術館：週一公休 /  週二至週五 9:00-17:00 / 週六 9:00~20:00 / 週日 9:00~17:00● 臺中市立圖書館：週一公休 /  週二至週六 8:30-21:00 / 週日 8:30~17:30","407","臺中市","66000","西屯區","中科路2201號","","04-24225101","24.1927008","120.6550704","","","","國道一號南下中清交流道—右轉環中路二段—左轉中科路，國道一號北上中清交流道—右轉環中路二段—左轉中科路。","● 高鐵抵達高鐵臺中站，於七號出口轉搭計程車到臺中綠美圖● 捷運&公車搭乘臺中捷運綠線在「文華高中」下車，步行至「文心河南路口」轉乘525路至「經貿七路口」下車，沿經貿路二段至經貿七路口，步行約5分鐘（350公尺）即可抵達綠美圖。 ● 公車(1) 搭乘綠4、88、525路至「經貿經貿七路口」站下車後，沿著經貿路二段至經貿七路口步行約5分鐘（350公尺）即可抵達綠美圖。(2) 搭乘 6、8、23、54、61、82、108、500、850路公車在「中清同榮路口」或「貿易三村」下車後，沿經貿七路步行約10分鐘（650公尺）即可抵達綠美圖。(3) 搭乘8、157、157延、529路公車，至「經貿黎明路口」或「黎明中科路口」下車，步行10分鐘。","停車場小型汽車停車位335位、機車停車位386 位","https://tgm.taichung.gov.tw/zh","","ChIJD3BPj6EXaTQR4Rrdg1pVbd8","展示館、停車場","藝術空間、教育資源、地方展館","",""
"434","81","387300000H","葫蘆墩文化中心","位於豐原區圓環東路上，文藝氣息濃厚，是台中市民的文化、休閒重鎮。文化中心內保存、維護了許多重要地方文化資產。並按年度排定各項文物展覽，且設有預約導覽，進行展品之介紹解說，以發揮文化中心與民眾之間的互動及社教功能。近年來亦經常舉辦各式各樣有趣的文化活動。大臺中幅員遼闊，族群多元，人文薈萃，藝文人才輩出，本中心前身為「臺中市立文化中心」，係配合中央政府政策將文化建設列入12項重要計畫，每一縣市設立文化中心，於民國67年底開始規劃籌建，並於69年8月開工，而於71年12月底竣工，隨即於72年元旦落成啟用，將臺中市文化建設帶入新領域。成立以來，發揮地方特色，宣揚鄉土文化，倡導讀書風氣，建立書香社會，辦理藝文活動，提高民眾欣賞水準，舉辦假日表演廣場活動，提供民眾正當休閒活動，建立志工制度，擴大參與層面，辦理藝文研習活動，培育藝文人口。79年設置編織工藝館，致力於保存及研究編織技藝，策辦編織展覽，獎勵並培育編織人才，每二年辦理一屆全國性的編織工藝獎，辦理國際交流活動，策辦「亞太編織藝術節」、「臺灣vs沖繩」、「日本和服捐贈展」等，累積文化外交的能力與經驗。99年12月25日臺中市市合併升格直轄市，中心改制，並依據所在地豐原舊地名，定名為「葫蘆墩文化中心」，直屬臺中市政府文化局所轄，為大臺中地區山線最重要的文化機構。導覽解說：■有 □無 ■預約制線上預約：https://www.huludun.taichung.gov.tw/guide/index.asp?Parser=99,9,42 ","星期二至星期六 08:30-21:00，星期日 08:30-17:30","420","臺中市","66000","豐原區","圓環東路782 號","","04-25260136","24.25281","120.73019","1-2.5小時","","","*國道1號‧下【豐原交流道】往豐原方向→行駛中正路經圓環西路，或圓環南路，即可到達本中心。‧下【豐原交流道】往豐原方向→行駛中正路經向陽路→左轉圓環東路，即可到達本中心。*國道3號‧南下 	於【中港系統交流道】接【國道4號(神岡、清水)】往神岡方向→於【臺中系統交流道】接【國道1號(后里、臺中)】往臺中方向→下【豐原交流道】往豐原方向→行駛中正路經圓環西路或圓環南路，即可到達本中心。 或下【豐原交流道】往豐原方向→行駛中正路經向陽路交叉路口→左轉圓環東路，即可到達本中心。‧北上  	於【快官交流道】接【中彰快速道路(74線)】往臺中方向→下【松竹交流道】後直走環中東路二段→至環中東路二段與松竹路交叉路口→左轉松竹路(約行駛百餘公尺)→見到松竹路軍功路交叉路口→右轉軍功路直駛→至軍功路與豐興路三叉路口→在右轉豐興路一段，直駛至圓環東路後→再右轉圓環東路，即可到達本中心。","豐原火車站下車，出站後直走至對面，步行約100餘公尺到達『豐原客運豐原總站』，搭乘(往東勢.谷關.卓蘭方向) 即可到達『文化中心站(站牌名稱)』。  *	208路 豐原－卓蘭（豐原客運）*	206路 豐原－東勢南站（豐原客運）*	207路 豐原－谷關（豐原客運）*	209路 豐原－東勢林場（豐原客運）*	91路 舊庄－中興嶺（豐原客運）*	235路 豐原圓環線*	新市政中心－陽明大樓（中台灣客運）","本中心（文化中心(平面)停車場：於文化中心裡面，共69個停車格）。中心右側北陽(平面)停車場：共208格，每小時20元。","https://www.huludun.taichung.gov.tw/index.asp","https://www.facebook.com/huludun.taichung","","展示館、公共電話、停車場、公廁、公車站、無障礙廁所、無障礙坡道、無障礙電梯、無障礙停車位","藝術空間、無障礙景點、特色文化","","文化類、藝術類"
"435","521","387300000H","臺中市長公館ˍ不老夢想125號","不老夢想125號・說歷史落成於1929年(昭和4年)的宮原氏別墅，是宮原眼科醫師-宮原武熊興建的住宅別墅，1945年，日本人遭遣返，由臺中市政府接收做為市長官邸使用。2016年，弘道老人福利基金會為呼應臺中市托老政策及活化歷史建築，以銀髮、文創的「銀創參與」為規劃概念，打造「不老夢想125號」。藉由一個個不老夢想、一位位真人圖書長者、一份份兼具老智慧與新創意的食飲，傳遞心不老、夢不老、行動不老的三不老精神。【不老夢想展覽】有一天當你八十歲，還有多少作夢的勇氣？  其實，夢想是一種姿態，無關乎年齡！展館一樓設有「不老夢想常設展」與「真人圖書坊」，藉由一幅幅真實故事，讓人看見爺奶超乎所想的夢想及不老圓夢力；而藉由遇見一位長輩，就像打開一個世界、讀了一本書，讓你拓展不一樣的銀視野，更歡迎借閱「不老真人圖書」！展館二樓的「夢想特區」不定期舉辦各式夢想特展與活動。♥歡迎團體預約規劃參訪行程，免費觀展/周末定時導覽/場地租借。    【夢想庭園】不老夢想125號寬敞庭院，不定期舉辦各式活動與公益市集，花圃更化身為可食地景，藉由長輩們每季栽種、採收不同植物，與年青世代交流互動，為台中舊城區打造充滿綠意生活的城市田園角落。♥歡迎團體場地租借、參與125號夢市集活動。【不老食埕X不老料理人/服務生】高年級實習生不只在電影中上演，不老食埕直接創造銀髮就業機會，聘請長輩成為不老料理人、不老服務生，年紀最長的更已是「祖級」的囉！他們樂分享傳承古早味，更樂學習新技能用IPAD點餐，歡迎你一起來感受不老熱情並看見銀髮就業的不老活力。♥歡迎約會聚餐/下午茶/預約訂位/團體包場/10人以上預約私房菜單料理【慢食悠活-仙角百老匯套餐】老記憶、新滋味。以完美肥瘦比例炒出香氣四溢肉燥，搭配現磨在來米漿，融合南瓜、菠菜、紅麴米或紫心地瓜，在手工竹蒸籠裡，化身一碗碗像米布丁又像馬卡龍的天然彩色碗粿，菜園耕種新鮮採收時蔬，組合而成的Bulao時尚佐肉燥飯沙拉套餐。 【125℃照顧角落】臺中市政府衛生局「107年度社區整體照顧體系A級單位計畫」補助，開始推動「125°C照顧角落(125 Care Corner)」 ，提供長期照顧服務諮詢，讓長期照顧服務找的到、看到的和用得到，並且 提供一案到底的陪伴關懷服務。結合為多元化的美學休憩生活空間，針對不同的服務對象，定期辦理照顧社群活動、講座與小聚。作為區域裡專業照顧服務提供者資源聯繫交流平台。（本文內容取自不老夢想125號官網）開放時間：週一至週日，07:00-20:00館舍地址：臺中市北區雙十路一段125號聯絡電話：04-22270125官方網站：https://www.bulao125.com/Facebook：https://www.facebook.com/bulao125/Instagram：bulao_125 導覽解說：■有 □無 ■預約收費制預約電話：04-22270125其他服務：■文創小舖：不老夢想125號夢想嚴選商店■餐飲品牌：不老食光，LOUISA■不老真人圖書：每週四、週日14:30～15:30■不老電影院：每月25日放映不老騎士紀錄片","週一至週日，07:00-20:00","404","臺中市","66000","北區","雙十路一段125號","臺中市政府社會局","04-22270125","24.1487","120.68682","0.5-1小時","","","開車資訊：1.國道一號-台中交流道下，往台中市方向直走臺灣大道，左轉五權路，右轉太平路直走到底，左轉雙十路至本館。2.國道一號-大雅交流道下，往台中市方向順中清路，左轉五權路，右轉太平路直走到底，左轉雙十路至本館。3.中彰快速道路-市政路閘口下，順市政路左轉文心路，右轉崇德路接錦南街，右轉雙十路至本館。4.中彰快速道路-五權西路閘口下，順五權西路，左轉五權路，右轉太平路直走到底，左轉雙十路至本館。","火車資訊：搭乘火車至台中火車站轉乘公車至台中一中站或台中科技大學站。高鐵資訊：搭乘高鐵至台中站，轉乘高鐵接駁公車至台中一中站。公車資訊：1.統聯客運81：自台中車站、統聯轉運站、朝馬搭乘至「台中一中站」。2.統聯客運82：自台中高鐵站搭乘至「台中科技大學站」。3.台中客運41：至「台中一中站」。4.搭任一線公車至「台中一中站」或「台中科技大學站」沿著台中科技大學大門前育才街直走至與雙十路路口即可抵達。","台中市長公館周邊道路路邊停車格及停車場，尊賢街水利大樓地下停車場。","https://www.bulao125.com/","https://www.facebook.com/bulao125/","","展示館、販賣部、停車場、公廁、解說簡報、網路","藝術空間、歷史古蹟","","古蹟類、藝術類"
"436","935","387300000H","霧峰林家宮保第園區","霧峰林家，因發跡於臺中霧峰而得名。在十九世紀，林家掌控臺灣大量農田，並協助平定多場戰亂，而擁有數千兵力，獲得樟腦專賣等特權，為臺灣五大家族之一。國定古蹟霧峰林家是指霧峰林家位在霧峰的園林與宅邸建築總稱，範圍包含下厝系統、頂厝系統以及萊園三大部份建築群落。霧峰林家宮保第園區，開放參觀區域為隸屬下厝的「宮保第」和「大花廳」兩處空間，皆為臺灣傳統建築的典範，相當具有文化藝術的價值。 臺灣閩式官宅代表「宮保第」，1858年興建至1895年完工，十一開間五進深，規模宏大、全台第一。牆面的李鴻章字畫，整體彩繪細緻豐富一匾額一故事，令人眼睛一亮，而細木作部分，變化多端，典雅不俗，材料使用上呈現在地特色，窗花細部刻有蝙蝠、螭龍等傳統吉祥圖案，更增添華麗氣派感。臺灣僅存的福州式戲台建築「大花廳」，1890年興建至1894年左右完工，面寬五開間，明廳與洞窗設計頗富特色，作為宴客和家族聚會看戲等活動用途，是霧峰林家下厝鼎盛的重要象徵。在這裡大花廳空間，過往曾舉辦過不少政治、民族、女性相關社會議題講座活動，如臺灣議會請願、新文化運動等，帶給臺灣民主社會深遠的影響，而現在也會不定期舉辦表演藝術活動，與社會大眾共享這處別具歷史意義的空間。安排來一趟園區遊玩，可藉由霧峰林家過往的歷程，了解臺灣百年來的歷史，欣賞大戶人家的中華傳統建築之美，體會昔日的傳統「奉茶」禮儀，為一座寓教於樂、適合闔家來訪的古蹟園區。 開放時間：週一至週日，09:00-12:00，13:00-17:00館舍地址：臺中市霧峰區民生路26號聯絡電話：04-23317985官方網站：http://wufenglins.com.tw/Facebook：https://www.facebook.com/wufenglinsInstagram：https://www.instagram.com/wufenglins/?hl=zh-tw導覽解說：■有 □無 ■預約制(官網預約)預約電話：04-23317985其他服務：■ DIY體驗：絹印/古裝體驗/刮畫 需事先預約■ 文創小舖■ 其他：夜間導覽活動(客製化行程)門票資訊：全票$250元：一般民眾；優惠票$200元：臺中市民，65歲以上老人，12歲以上學生學童票$125元：6歲以上12歲以下學童免費入園：霧峰區民，6歲以下兒童，身障人士 圖文由臺中市產業故事館發展協會協助提供。霧峰林家宮保第園區及周邊順遊景點推薦：  ","週一至週日，09:00-12:00/13:00-17:00","413","臺中市","66000","霧峰區","民生路26號","","04-23317985","24.06284","120.70081","1-2小時","全票250元: 一般民眾優惠票200元: 65歲以上老人/台中市民/12歲以上學生(左列須出示相關證件)學童票125元: 6歲以上12歲以下學童(小學生) 免費票;霧峰區民/6歲以下兒童/身障人士(左列須出示相關證件)團體票:20人以上為團體(團體相關事項請洽業務部04-23317985)","","1.	中投快速道路於北勢村出口下→往霧峰方向延四德路、萊園路口→-接民生路即可抵達「林家宮保第園區」。2.	中投快速道路丁台出口閘道至霧峰→接中正路往泰安醫院方向→接民生路即可抵達「林家宮保第園區」。3.	國道3號於「霧峰交流道」下→左轉中正路往霧峰市區方向→至大同路(霧峰郵局)右轉→接民生路即可抵達「林家宮保第園區」。","1.	從台中火車站搭乘50、100線至霧峰郵局站(中正路)下車→步行約5分鐘即可到達。2.	從朝馬可搭乘151線經高鐵站至霧峰郵局站(中正路)下車→步行約5分鐘即可到達。3.	聯營客運南投-台中、南投-豐原班次→在霧峰站(中正路)下車→步行約5分鐘即可到達。4.	搭乘高鐵由高鐵台中站14號月台搭乘151路公車至霧峰站(中正路)下車（車行時間約30分鐘；再步行約5分鐘即可到達）。","1.	大客車在霧峰區公所前下客，並前行至成功路兩側空地停車。(大型停車場預計於104年1月完工)2.	小型車可停至民生路霧峰區公所停車場。","http://wufenglins.com.tw","","ChIJ1TzaAKY7aTQRsm-w0tJJVog","展示館、販賣部、停車場、公廁、公車站、解說簡報","藝術空間、歷史古蹟、戶外運動、教育資源、地方展館","","文化類、古蹟類、藝術類"
"437","1905","387300000H","大屯郡役所","歷史建築「大屯郡役所、州廳附屬建築群」坐落於台中市舊城區核心地帶，原為清代台灣府儒考棚所在，日治時期接續設置地區官署，可說是台中早期的行政心臟，戰後曾作為憲光七村及台中軍中廣播電台，見證了台中市社會環境與時代背景的演變。因距離台中火車站僅7分鐘車程，交通便利，故歷經修復後，成為舊城區重要文化地標。這裡不只是探訪歷史的起點，更是感受城市脈動與創意生活的最新場域。邀您一同品味台中舊城新風貌，體驗屬於這座城市的文化魅力！","","403","臺中市","66000","西區","民生路36號","","+886-4-22290280#503","24.13811357","120.6766284","","","","","","","","","ChIJ5UJLBw49aTQRNo_xNcs-ON0","","藝術空間、歷史古蹟、地方展館","",""
"438","502","387300000H","臺中市役所","臺中市役所興建於日治時期明治44年（西元1911年），建築為西洋古典主義風格，以辰野式紅白磚牆風格著名，更是臺中地區首見鐵筋混凝土建築。最初原為臺中廳公共埤圳聯合會事務所、臺中市行政官署，亦曾為市政資料館與新聞室、交通局等辦公空間，為本市著名地標及市區歷史象徵，於民國91年公告為本市歷史建築。市役所建築形式為仿巴洛克風格，屬大型近代官署建築，開口處強調造型表現，門窗多變，裝飾亦相當講究。主入口為挑高二層柱列式門廊，為希臘典型Ionic柱式，立面為灰泥飾面、拱心石，山牆加勳章飾。以八組木屋架組合而成的古典式華麗圓頂，除造型搶眼，亦是台灣同時期少見之木構造圓頂，周圍繞以圓形老虎窗。本建築採用磚構造、木構造、鐵筋混凝土構造及鋼構等組合而成，可說是日治時期建築構造技術具體展現之經典案例。臺中市役所於民國93年完成調查研究暨修復再利用規劃，105年修復完工，文化局續依促參法(OT)委由民間廠商營運，現由「好役思股份有限公司」取得經營權。一樓「有役思藝文空間」除規劃主題常設展，並設有共讀交流空間、串聯地方產業展示及人文美學手工藝體驗等；二樓義式餐廳「Narratore 說故事的人」則規劃北義風格料理，由曾任職於義大利米其林一星餐廳主廚林耀輝Lance主理。期許臺中市役所未來能成為臺中西區藝文能量匯聚之所，拉近大眾與歷史文化距離，促進地方經濟活絡，成為臺中具代表性之歷史文化建築。 開放時間1F「有役思」 藝文空間：週三至週日：11:00 - 21:002F「Narratore 說故事的人」義式餐廳：週三至週日：12:00 - 14:30、18:00-21:00週一、週二固定公休","1F有役思咖啡廳：週一到週日 09:30-17:301F～3F展覽空間：週一到週日 09:30-17:30＊2F為複合式展覽、藝文活動、餐宴空間，若有婚宴舉行，2F將不開放參觀(詳情請關注臺中市役所官網)","403","臺中市","66000","西區","民權路97號","","04-22220197","24.13835","120.67911","1-2小時","","","","","","http://www.uyes.com.tw/","https://www.facebook.com/Shiyakusho1911","","展示館、販賣部、公廁、公車站、解說簡報、導盲磚、無障礙廁所、無障礙坡道、無障礙電梯、無障礙停車位","藝術空間、歷史古蹟、地方展館、無障礙景點","","文化類、古蹟類、藝術類"
"439","527","387300000H","大里杙文化館","大里杙早在前清乾隆末年即有商肄發展，隨著日治時期河道改變，河港逐漸轉型，也為當地帶來新的發展契機。而日治時期因應治理之便，街庄設有保正（相當於今之里長），以傳達、執行官方行政措施。本歷史建築與庄役場同時建於1929年，原作為日治時期大里杙保正集會場所，光復後（1945年）提供戶政事務所使用，後改設為大新社區活動中心。1999年配合大里杙老街風貌再造計畫，整建作為大里杙文化館使用，為老街區獨具特色的日治時期建築，陳列展覽大里相關史料文物，不定期規劃特展。","週二至週日，09:00-12:00，14:00-17:00","412","臺中市","66000","大里區","新興路2號","","04-24069749","24.09813","120.67719","0.5-1小時","","","走國光路往大里方向前進，遇肯德雞右轉大新街，從大里鄉公所對面的將軍二巷進去，直行到底即可到達。","由臺中或豐原搭乘豐原客運往東勢或卓蘭班車皆可到達。","","https://www.tchac.taichung.gov.tw/historybuilding?uid=34&pid=90","","ChIJrej8Y408aTQRgY-ZVIAl1Hw","展示館、公車站、無障礙廁所、無障礙坡道","藝術空間、歷史古蹟、無障礙景點","","文化類、藝術類"
"440","817","387300000H","烏日啤酒觀光工廠","烏日啤酒廠原名為中興啤酒廠，舊址原來是台灣糖業公司烏日糖廠，金牌啤酒，為台啤創造新的里程碑，也樹立了烏日啤酒廠朝啤酒研發中心的方向發展，並通過GMP工廠認證。位於烏日區的烏日啤酒廠，配合中彰快速道路，及高鐵設站，努力與地方配合發展觀光事業，烏日啤酒廠不僅供應中部啤酒銷量，也接受國外著名品牌委託代工生產，有鑑於擁有精進的啤酒研發技術及文物保存的完整，烏日啤酒廠在結合地方資源下，將朝「啤酒村」的方向發展。參觀流程：A.簡報：團體預約：行政室電話洽詢 → 安排簡報人員 → 簡報及影片欣賞 → 參觀文物館 → 參觀產品推廣中心及啤酒品評。 B.簡報＋參觀工廠：團體預約：公文或行政室電話洽詢 → 安排簡報以及導覽人員 → 簡報＋影片欣賞 → 參觀文物館 → 參觀工廠（糖化、發酵、包裝工廠）→ 參觀產品推廣中心及啤酒品評。 C.參觀時間：1.週一至週五團體可預約參觀工廠。2.例假日僅開放啤酒文物館參觀。3.參觀導覽詳細請參閱景點官網","09:00–18:00","414","臺中市","66000","烏日區","光華街1號","","04-23381216#498","24.1114765","120.6223452","1-2小時","","","國道一號於南屯交流道(往臺中方向)下，朝五權西路二段/136縣道前進， 於環中路四段右轉，接中彰公路，至光華街左轉即抵達。","臺中客運26、54、70(烏日啤酒美食街站下車，步行約5分鐘)","","https://event.ttl.com.tw/wz/","","","展示館、販賣部、停車場、公廁","觀光工廠","","小吃/特產類、觀光工廠類"
"441","36","387300000H","中華路夜市","位於臺中市中區中華路一帶的中華路夜市，是臺中早期著名的夜市之一，中華路夜市存在已超過40年，60年代至70年代時期是台中市極為熱鬧的商圈之一，後來隨著景氣的起落、市政中心的遷移、經過轉型成為中華路觀光夜市。中華路的小吃攤大多從下午5點營業至凌晨4點，有集結南北的台灣小吃，也有異國美食。較為知名的小吃像是知味小攤的招牌生青蚵、各式粥品，潭子臭豆腐，陳記涼茶本舖和阿水師麵攤，牛乳大王和酸梅汁，還有著名的異國美食新加坡肉骨茶，也是眾人推薦的老店之一。經過半世紀的發展，中華路夜市以其獨特的歷史底蘊與文化特色，逐漸轉型為一個融合傳統與現代風格的觀光夜市，保持著老店的經典風味，同時加入新型態的攤商，朝向更精緻化的路線發展。雖然與其他年輕化夜市相比，這裡更注重保留傳統特色，但它獨特的歷史氛圍使得遊客可以在這裡體驗到豐富的台中文化與懷舊趣味。","營業時間依各店家為主","400","臺中市","66000","中區","中華路一段","","","24.14429","120.67566","1.5-2小時","","著名小吃可能會大排長龍，要有耐心才能吃到美食喔！","由臺中火車站前台灣大道直行約15分鐘，即可抵中華路。","1.高鐵搭高鐵至台中站下，再轉搭其他大眾運輸工具。台灣高鐵網站http://www.thsrc.com.tw/2.公車/客運在台中市公園總站搭6號公車，在公園路口下車。臺中市仁友客運公車總站搭乘第22、30、11、40、45路公車。臺中客運第102(黃牌)、106、107、135、31、47、115、22路公車，由中華路口下車即可抵達。","中華路一段與民權路交叉口附近有路邊停車位，可方便停車。","","","","停車場、公車站","觀光夜市","","小吃/特產類"
"442","122","387300000H","忠孝路觀光夜市","忠孝路觀光夜市位於台中市南區忠孝路的常態型街道夜市，源起於日治時期，主要範圍由台中路至國光路之間的忠孝路，中間橫貫有民意街、正氣街、合作街、正義街及濟世街。不同於一中商圈、逢甲觀光夜市、東海別墅夜市等地的混合商圈，忠孝路觀光夜市是一處專以美食聞名的商圈，商圈內以小吃攤及餐廳為眾。鄰近臺中市第三市場，因此市場打烊的時刻，就是忠孝夜市開始營業的時間，大部分商家下午4點才開始營業。著名小吃有筒仔米糕、鹽酥雞、忠孝烤肉、忠孝豆花、牛排、麵線糊、臭豆腐、蛋包飯、排骨飯、甘蔗汁等等。","營業時間依各店家為主","402","臺中市","66000","南區","忠孝路181號‎","","","24.13018","120.68344","1-2.5小時","","附近沒有大型停車場，建議搭乘大眾運輸前往。","中山高往台中方向，臺灣大道到建成路右轉，台中路左轉，忠孝路左轉。","臺中客運總站搭乘第36、38、31、135、100、103、107路公車，在忠孝路口站下車即可。","現金停車場。","","","","販賣部、公車站","觀光夜市","","小吃/特產類"
"443","849","387300000H","東海別墅夜市","來到台中東海逛美麗的校園之外，隨著東海大學日漸發展的東海別墅商圈已有多年歷史，其中各式各樣的小吃如雞爪凍、烙餅、雞排堡、鹽水雞、福州包、豆花、黑肉圓、滷味等各式各樣的小吃，都能讓你大飽口福，讓你沿路吃沿路玩沿路看。　　東海別墅夜市每到下午，街道就開始熱鬧了起來，各式各樣的小吃美食及平價又有特色的主題餐廳更吸引了不少遊客慕名前往，其他還有更多的美食隱藏在巷弄裡等待你的發現。而除了小吃美食之外，逛街購物的樂趣在這裡更是不能少，各式各樣的流行服裝、韓國服飾以及各名牌商品應有盡有，讓你在享用美食之餘，也能將身上的行頭一次買齊，樂趣無窮。此外，來到台中東海別墅必須注意安全，主要道路新興路較小條，同時公車、汽車及同學們放學後機車蜂擁而至後更是危險，建議遊客們可以搭乘大眾交通工具或事先將車子停在停車場，才不會讓不便的交通影響這次旅遊的好心情。","依各店家營業時間","434","臺中市","66000","龍井區","新興路9號","","","24.1815","120.59262","1-2小時","","","","","","","","ChIJa_FXsVgVaTQRPa6J1Z_i8Yk","","觀光夜市","","小吃/特產類"
"444","1679","387300000H","蔣公路觀光夜市","來到臺中海線，必訪最具歷史和代表性的夜市－大甲蔣公路觀光夜市，随著大甲著名地標鎮瀾宮發展，聞名海內外的大甲媽祖，吸引廣大信徒和旅客前來參拜，感受台灣海線獨有的廟宇文化，一旁超過四十多年的蔣公路觀光夜市，每天都有絡繹不絕的人潮。穿梭其中滿溢熱騰騰的美食香氣，和海線濃厚的人情味，老饕必訪鴨肉麵線、阿嬤手作的粉腸和在地五十年的脆皮肉丸，另外老店招牌的楊桃汁，和鮮美香噴的蚵仔煎，都是不能錯過的必吃名單。","營業時間依各店家為主","437","臺中市","66000","大甲區","蔣公路","","","24.3464127","120.6217472","","","","","","","","https://www.facebook.com/KILECOM/?locale=zh_TW","","","觀光夜市","",""
"445","1625","387300000H","旱溪觀光夜市","旱溪觀光夜市入口處第一排的「美食小吃街」，長度大約100公尺，不過在這短短的100公尺裡，就有超過80攤小吃，攤攤相連，十分密集。推薦幾家超人氣小吃：10元碳烤、烤魷魚、東山鴨頭、排骨酥、紅茶冰、甘草芭樂等，全都是民眾必吃必買的美味。","","401","臺中市","66000","東區","旱溪東路一段","","","24.1357674","120.7009995","","","","","","","","https://zh-tw.facebook.com/TaiZhongShiHanXiGuanGuangYeShi/","ChIJqaM87zc9aTQRg6mT2EhZ5vg","","觀光夜市、休閒娛樂","",""
"446","400","387300000H","一中商圈"," 一中商圈位於台中市，靠近多所大學，吸引大量學生和年輕人，成為充滿活力的商圈之一。這裡融合了時尚購物、特色小吃與娛樂，是年輕人聚會和購物的熱點。週末和晚上，街道上擠滿了前來逛街和品嚐美食的人群，非常熱鬧。除了購物，這裡也是美食愛好者的天堂。街上有許多當地知名小吃，如超大雞排、滷味、飯糰、煎餃及義大利麵。還有各種手搖飲品和鮮榨果汁攤位，讓遊客在享受美食的同時，也能品嚐清涼飲品。無論是購物還是品嚐美食，一中商圈都能帶給你充實的台中夜生活體驗。一中商圈及周邊順遊景點推薦：","營業時間依各店家為主","404","臺中市","66000","北區","一中街","","04-22994109","24.14914","120.68502","1-4小時","","由於假日人潮多，建議停車後步行前往。","國道一號由臺中交流道(往臺中方向)沿中港路，經中正路，左轉三民路至 臺中科技大學即到達。","大眾運輸─公車臺中客運06、08、12、14、15、16、29、35、57、70、71、82、88、 100、108、115、132、163 (國立臺中科技大學站下車) 41、131、142、154 (臺中一中站下車) 統聯客運1、25、31、61、73、83 (國立臺中科技大學站下車) 50、56、59、81、159(臺中一中站下車) 仁友客運105 (國立臺中科技大學站下車)豐原客運12、55、200、203 (國立臺中科技大學站下車)全航客運05、12、58、65 (國立臺中科技大學站下車)東南客運07(臺中一中站下車)彰化客運99 (國立臺中科技大學站下車)","1. 文英館停車場：雙十路和太平路。2. 育才北路和一中街交叉口停車場 。3. 中友百貨公司地下室停車場：育才北路和三民路交叉口。4. 水利會大樓地下室停車場：尊賢街(台中一中校門口正對面) 1小時30元。 5. 雙十路和太平路交叉口私人停車場。6. 一中街商圈停車場：一中街和精武路交叉口、一中街 2 號隔壁，1小時平日30元、假日40元。7. 中正公園地下室停車場：學士路中國醫藥大學對面(有中友百貨公司接泊車接送)。","http://yizhong.taiwan-hong.com/index.php","","","停車場、公廁、公車站","觀光夜市、百貨商圈","","小吃/特產類"
"447","39","387300000H","逢甲觀光夜市","月亮高掛天空，街道依然哄鬧，逢甲觀光夜市鄰近逢甲大學、僑光技術學院等學區，夜市位於逢甲大學側門，從文華路一直延伸到福星路，消費族群以二、三十歲的年輕人為主。因其有著位於學區和接近市區的地緣關係，逐漸成為臺中市夜市集團的龍頭。逢甲文華夜市與其它臺中市夜市最大不同之處，在於其不單是以飲食著稱，也包含了各式各樣的商店，營業時間亦較長。近年來，市政府積極規劃商圈風貌，完成路面整修、街道造景，並增加停車空間，有效提升了停車便利性。現今逢甲夜市嶄新面貌更吸引了不少消費族群，商圈更有逐漸擴大的現象，並成為民眾心目中票選「臺中市十大觀光景點」之一。販賣商品種類玲瑯滿目，個性主題商店林立，低價商品、最HITO的流行小物，讓人輕鬆掌握韓風、日系等最新潮流脈動，一同體驗驚、感染青春。逢甲與一中街經市場調查是青年及青少年最喜歡與最常逛街的兩個商圈，流行服飾及飾品，唱片行、眼鏡行、手機及飾品配備、書籍文具、印刷裝訂等多樣化業種，兼具精品商店及夜市小攤，適合大眾化消費。","營業時間依各店家為主","407","臺中市","66000","西屯區","文華路","","","24.17951","120.64632","2.5-3小時","","","從中港路交流道下高速公路，直行至河南路左轉，見福星路左轉，至文華路交叉口，右側之文華路即是，但不要駛入，避免巷道狹窄，限於人陣之中。","臺中客運28、29、33、35、54、157 (逢甲大學站下車)統聯客運25、37、63、79、125 (逢甲大學站下車)仁友客運45 (逢甲大學站下車)豐原客運63、229 (逢甲大學站下車)全航客運05、199 (逢甲大學站下車)巨業客運68、107 (逢甲大學站下車)","(逢假日人車洶湧，敬請多加利用大眾交通工具。)公有停車場(含委外)資訊：名    稱	           車位數(汽車/機車) 	                     設置地點	                文華停車場       393/75                     福星北路文華路138巷路口逢甲停車場	   90/- 		            西屯路、上石北二巷弘孝停車場       37/-                         弘孝路229號邊、河南路二段301巷文修停車場       150/-                       漢翔路、烈美街櫻花停車場	    24/- 		            櫻花路、 西屯路208巷潮洋臨時停車場  -/636                     逢甲路、  福星路口臺中市停車場詳情請參照臺中市停管處網站：http://tcparking.taichung.gov.tw或連結上述停管處網站於網頁右方下載台中e停車APP","https://www.facebook.com/fcyes/","","","販賣部、公共電話、停車場、公廁、公車站","觀光夜市、百貨商圈、主題街道","","小吃/特產類、其他"
"448","951","387300000H","霧峰樹仁商圈","1990年間這裡是霧峰知名夜市，之後變身商圈繼續邁進。在臺中市霧峰區農會旁的樹仁路，原本是封街型的霧峰樹仁夜市，封街範圍從四德路口到育成路口，是當時南臺中主要夜市之一。2001年，台灣經濟部商業司委託顧問團隊對樹仁路的商圈再造，將本來的樹仁路夜市轉變成樹仁路商圈。在2010年底臺中市市合併前，是臺中市三大美食商圈之一，現在亦是南臺中知名美食商圈之一。","全天候開放","413","臺中市","66000","霧峰區","樹仁路","","","24.06119","120.69663","1-1.5小時","","","","","","https://www.facebook.com/ShuRenFood","","","停車場","觀光夜市、百貨商圈、主題街道","","小吃/特產類"
"449","947","387300000H","豐原廟東復興商圈","「慈濟宮」廟會活動吸引眾多人潮，攤販也隨著人潮越聚越多，久而久之，便慢慢形成了夜市規模。當時的攤販大多環聚在「慈濟宮」的周圍與廣場中營業，後來「慈濟宮」利用擴建機會，將攤販予以規劃，隨後政府更將小吃街的規模擴大，召集更多餐飲業者加入經營，於是形成今日的「豐原廟東復興商圈」。豐原廟東復興商圈在網路上頗有具盛名，許多老店林立於此。這裡的三大必吃的美食有排骨麵、鳳梨冰與蚵仔煎。創業已超過30年的「清水排骨麵店」，在夜市裡招牌老、生意也最好，「清水」的取名也蠻有意思，聽說是因為該店創始人命中缺水，門口還掛著「外帶享用左邊稍候」跟「現場享用右邊稍候」讓人印象深刻。 擁有70幾年歷史的「金樹鳳梨冰」，採用古法製作鳳梨冰，製作時將鳳梨與糖長時間熬煮，不加任何人工甘味的口味尤其讓人懷念。 「正兆蚵仔煎」也是另一家必吃的小吃店，肥美的蚵仔搭配上空心菜、豆芽、與蔥末，最後再淋上加有花生粉的濃郁醬汁。從豐原的特產小吃到來自全省各地方的小吃，更加豐富了小吃街的口味，而廟東小吃更帶動了豐原區區的商圈。","10:00~23:30","420","臺中市","66000","豐原區","中正路167巷","","04-25222106","24.25157","120.71913","1.5-2小時","","以三角圓（水晶餃）、排骨酥麵、鳳梨冰、菱角酥、蚵仔煎、肉粽、潤餅、肉圓、關東煮、雞蛋糕、涼圓、醃漬水果等最知名。","國道1號→豐原交流道後→沿中正路直行→中正路與信義路交叉口即可見廟東小吃。","火車：坐火車至豐原火車站下車，火車站出來左轉中正路，沿中正路一直走，步行大約3至5分鐘即可到達。客運：坐到豐原火車站下車，若搭豐原客運，可直走三民路，接和平街到底，右轉中正路即可到達。","豐原市立停車場。","","","","販賣部、停車場、公車站","觀光夜市、百貨商圈、休閒娛樂","","小吃/特產類"